-,https://www.java2s.com/Tutorials/Java/OCA/index.html
oca-java-se-8-building-blocks-index,https://www.java2s.com/Tutorials/Java/OCA_Java_SE_8_Building_Blocks/index.html
oca-java-se-8-operators-statements-index,https://www.java2s.com/Tutorials/Java/OCA_Java_SE_8_Operators_Statements/index.html
oca-java-se-8-method-class-index,https://www.java2s.com/Tutorials/Java/OCA_Java_SE_8_Method_Class/index.html
oca-java-se-8-class-design-index,https://www.java2s.com/Tutorials/Java/OCA_Java_SE_8_Class_Design/index.html
oca-java-se-8-core-java-apis-index,https://www.java2s.com/Tutorials/Java/OCA_Java_SE_8_Core_Java_APIs/index.html
oca-java-se-8-exception-index,https://www.java2s.com/Tutorials/Java/OCA_Java_SE_8_Exception/index.html
oca-mock-exam-questions-index,https://www.java2s.com/Tutorials/Java/OCA_Mock_Exam_Questions/index.html
oca-mock-exam-questions-2-index,https://www.java2s.com/Tutorials/Java/OCA_Mock_Exam_Questions_2/index.html
scala-index,https://www.java2s.com/Tutorials/Java/Scala/index.html
java-design-patterns-index,https://www.java2s.com/Tutorials/Java/Java_Design_Patterns/index.html
java-object-oriented-design-index,https://www.java2s.com/Tutorials/Java/Java_Object_Oriented_Design/index.html
java-io-index,https://www.java2s.com/Tutorials/Java/Java_io/index.html
java-xml-index,https://www.java2s.com/Tutorials/Java/Java_XML/index.html
java-collection-index,https://www.java2s.com/Tutorials/Java/Java_Collection/index.html
java-regular-expression-index,https://www.java2s.com/Tutorials/Java/Java_Regular_Expression/index.html
java-format-index,https://www.java2s.com/Tutorials/Java/Java_Format/index.html
java-reflection-index,https://www.java2s.com/Tutorials/Java/Java_Reflection/index.html
java-language-index,https://www.java2s.com/Tutorials/Java/Java_Language/index.html
scjp-catalogscjp,https://www.java2s.com/Tutorial/SCJP/CatalogSCJP.html
java-java-oca-ocp-exam-index,https://www.java2s.com/ref/java/java-oca-ocp-exam-index.html
java-java-oca-ocp-exam-2-index,https://www.java2s.com/ref/java/java-oca-ocp-exam-2-index.html
java-java-oca-ocp-exam-3-index,https://www.java2s.com/ref/java/java-oca-ocp-exam-3-index.html
java-java-oca-ocp-exam-4-index,https://www.java2s.com/ref/java/java-oca-ocp-exam-4-index.html
java-java-oca-ocp-exam-5-index,https://www.java2s.com/ref/java/java-oca-ocp-exam-5-index.html
java-java-oca-ocp-exam-6-index,https://www.java2s.com/ref/java/java-oca-ocp-exam-6-index.html
java-java-oca-ocp-exam-7-index,https://www.java2s.com/ref/java/java-oca-ocp-exam-7-index.html
java-java-oca-ocp-exam-8-index,https://www.java2s.com/ref/java/java-oca-ocp-exam-8-index.html
java-java-oca-ocp-exam-9-index,https://www.java2s.com/ref/java/java-oca-ocp-exam-9-index.html
java-java-oca-ocp-exam-10-index,https://www.java2s.com/ref/java/java-oca-ocp-exam-10-index.html
java-java-oca-ocp-exam-11-index,https://www.java2s.com/ref/java/java-oca-ocp-exam-11-index.html
java-java-oca-ocp-exam-12-index,https://www.java2s.com/ref/java/java-oca-ocp-exam-12-index.html
java-java-oca-ocp-exam-13-index,https://www.java2s.com/ref/java/java-oca-ocp-exam-13-index.html
(thin),https://www.java2s.com/Tutorials/Java/Algorithms_How_to/index.html
collection-how-to-index,https://www.java2s.com/Tutorials/Java/Collection_How_to/index.html
data-type-how-to-index,https://www.java2s.com/Tutorials/Java/Data_Type_How_to/index.html
data-structure-how-to-index,https://www.java2s.com/Tutorials/Java/Data_Structure_How_to/index.html
io-how-to-index,https://www.java2s.com/Tutorials/Java/IO_How_to/index.html
graphics-how-to-index,https://www.java2s.com/Tutorials/Java/Graphics_How_to/index.html
xml-html-how-to-index,https://www.java2s.com/Tutorials/Java/XML_HTML_How_to/index.html
javafx-how-to-index,https://www.java2s.com/Tutorials/Java/JavaFX_How_to/index.html
stream-how-to-index,https://www.java2s.com/Tutorials/Java/Stream_How_to/index.html
swing-how-to-index,https://www.java2s.com/Tutorials/Java/Swing_How_to/index.html
jdbc-how-to-index,https://www.java2s.com/Tutorials/Java/JDBC_How_to/index.html
(thin),https://www.java2s.com/Tutorials/Java/Java_Thread_How_to/index.html
(thin),https://www.java2s.com/Tutorials/Java/Network_How_to/index.html
jsf-index,https://www.java2s.com/Tutorials/Java/JSF/index.html
jsp-index,https://www.java2s.com/Tutorials/Java/JSP/index.html
jpa-index,https://www.java2s.com/Tutorials/Java/JPA/index.html
spring-index,https://www.java2s.com/Tutorials/Java/Spring/index.html
jdbc-index,https://www.java2s.com/Tutorials/Java/JDBC/index.html
lucene-index,https://www.java2s.com/Tutorials/Java/Lucene/index.html
mongodb-index,https://www.java2s.com/Tutorials/Java/MongoDB/index.html
log4j-index,https://www.java2s.com/Tutorials/Java/log4j/index.html
json-index,https://www.java2s.com/Tutorials/Java/JSON/index.html
junit-index,https://www.java2s.com/Tutorials/Java/JUnit/index.html
maven-tutorial-index,https://www.java2s.com/Tutorials/Java/Maven_Tutorial/index.html
java-thread-index,https://www.java2s.com/Tutorials/Java/Java_Thread/index.html
java-network-index,https://www.java2s.com/Tutorials/Java/Java_Network/index.html
java-swing-index,https://www.java2s.com/Tutorials/Java/Java_Swing/index.html
javafx-index,https://www.java2s.com/Tutorials/Java/JavaFX/index.html
java-stream-index,https://www.java2s.com/Tutorials/Java/Java_Stream/index.html
java-date-time-index,https://www.java2s.com/Tutorials/Java/Java_Date_Time/index.html
java-lambda-index,https://www.java2s.com/Tutorials/Java/Java_Lambda/index.html
scripting-in-java-index,https://www.java2s.com/Tutorials/Java/Scripting_in_Java/index.html
java-java,https://www.java2s.com/ref/java/java.html
javascript-javascript,https://www.java2s.com/ref/javascript/javascript.html
node-js-tutorial-index,https://www.java2s.com/Tutorials/Javascript/Node_js_Tutorial/index.html
javascript-object-oriented-index,https://www.java2s.com/Tutorials/Javascript/Javascript_Object_Oriented/index.html
javascript-data-structure-index,https://www.java2s.com/Tutorials/Javascript/Javascript_Data_Structure/index.html
angularjs-tutorial-index,https://www.java2s.com/Tutorials/Javascript/AngularJS_Tutorial/index.html
tutorial-index,https://www.java2s.com/Tutorials/Javascript/Tutorial/index.html
buildin-object-index,https://www.java2s.com/Tutorials/Javascript/Buildin_Object/index.html
(thin),https://www.java2s.com/Tutorials/Javascript/jQuery_Table_How_to/index.html
jquery-style-how-to-index,https://www.java2s.com/Tutorials/Javascript/jQuery_Style_How_to/index.html
jquery-selector-how-to-index,https://www.java2s.com/Tutorials/Javascript/jQuery_Selector_How_to/index.html
(thin),https://www.java2s.com/Tutorials/Javascript/jQuery_Page_Widget_How_to/index.html
jquery-method-how-to-index,https://www.java2s.com/Tutorials/Javascript/jQuery_Method_How_to/index.html
jquery-form-how-to-index,https://www.java2s.com/Tutorials/Javascript/jQuery_Form_How_to/index.html
jquery-event-how-to-index,https://www.java2s.com/Tutorials/Javascript/jQuery_Event_How_to/index.html
jquery-html-element-how-to-index,https://www.java2s.com/Tutorials/Javascript/jQuery_HTML_Element_How_to/index.html
(thin),https://www.java2s.com/Tutorials/Javascript/jQuery_Data_Type_How_to/index.html
jquery-animation-how-to-index,https://www.java2s.com/Tutorials/Javascript/jQuery_Animation_How_to/index.html
javascript-form-how-to-index,https://www.java2s.com/Tutorials/Javascript/Javascript_Form_How_to/index.html
canvas-how-to-index,https://www.java2s.com/Tutorials/Javascript/Canvas_How_to/index.html
javascript-style-how-to-index,https://www.java2s.com/Tutorials/Javascript/Javascript_Style_How_to/index.html
(thin),https://www.java2s.com/Tutorials/Javascript/Javascript_Event_How_to/index.html
javascript-element-how-to-index,https://www.java2s.com/Tutorials/Javascript/Javascript_Element_How_to/index.html
javascript-dom-how-to-index,https://www.java2s.com/Tutorials/Javascript/Javascript_DOM_How_to/index.html
javascript-data-type-how-to-index,https://www.java2s.com/Tutorials/Javascript/Javascript_Data_Type_How_to/index.html
scala-scala-variables,https://www.java2s.com/Tutorials/Java/Scala/0020__Scala_Variables.html
scala-scala-variable-declarations,https://www.java2s.com/Tutorials/Java/Scala/0040__Scala_Variable_Declarations.html
scala-scala-semicolons,https://www.java2s.com/Tutorials/Java/Scala/0060__Scala_Semicolons.html
scala-scala-code-blocks,https://www.java2s.com/Tutorials/Java/Scala/0080__Scala_Code_Blocks.html
scala-scala-comments,https://www.java2s.com/Tutorials/Java/Scala/0090__Scala_Comments.html
scala-scala-type-hierarchy,https://www.java2s.com/Tutorials/Java/Scala/0100__Scala_Type_Hierarchy.html
scala-scala-boolean-type,https://www.java2s.com/Tutorials/Java/Scala/0110__Scala_Boolean_Type.html
scala-scala-char-type,https://www.java2s.com/Tutorials/Java/Scala/0120__Scala_Char_Type.html
scala-scala-strings,https://www.java2s.com/Tutorials/Java/Scala/0130__Scala_Strings.html
scala-scala-numeric-types,https://www.java2s.com/Tutorials/Java/Scala/0140__Scala_Numeric_Types.html
scala-scala-literal-values,https://www.java2s.com/Tutorials/Java/Scala/0150__Scala_Literal_Values.html
scala-scala-nothing-and-null-types,https://www.java2s.com/Tutorials/Java/Scala/0160__Scala_Nothing_and_Null_Types.html
scala-scala-option,https://www.java2s.com/Tutorials/Java/Scala/0170__Scala_Option.html
scala-scala-ranges,https://www.java2s.com/Tutorials/Java/Scala/0180__Scala_Ranges.html
scala-scala-tuples,https://www.java2s.com/Tutorials/Java/Scala/0190__Scala_Tuples.html
scala-scala-unit-type,https://www.java2s.com/Tutorials/Java/Scala/0192__Scala_Unit_type.html
scala-scala-conditional-operators,https://www.java2s.com/Tutorials/Java/Scala/0200__Scala_Conditional_Operators.html
scala-scala-if,https://www.java2s.com/Tutorials/Java/Scala/0220__Scala_If.html
scala-scala-for-loops,https://www.java2s.com/Tutorials/Java/Scala/0230__Scala_for_Loops.html
scala-scala-while-loops,https://www.java2s.com/Tutorials/Java/Scala/0240__Scala_while_Loops.html
scala-scala-try-expressions,https://www.java2s.com/Tutorials/Java/Scala/0250__Scala_try_expressions.html
scala-scala-pattern-matching,https://www.java2s.com/Tutorials/Java/Scala/0260__Scala_Pattern_Matching.html
scala-scala-match-expressions,https://www.java2s.com/Tutorials/Java/Scala/0270__Scala_Match_Expressions.html
scala-scala-functions,https://www.java2s.com/Tutorials/Java/Scala/2000__Scala_Functions.html
scala-scala-functional-programming,https://www.java2s.com/Tutorials/Java/Scala/2100__Scala_Functional_Programming.html
scala-scala-class,https://www.java2s.com/Tutorials/Java/Scala/3000__Scala_Class.html
scala-scala-value-classes,https://www.java2s.com/Tutorials/Java/Scala/3000__Scala_Value_Classes.html
scala-scala-method-declaration,https://www.java2s.com/Tutorials/Java/Scala/3010__Scala_Method_Declaration.html
scala-scala-case-classes,https://www.java2s.com/Tutorials/Java/Scala/3020__Scala_Case_Classes.html
scala-scala-objects,https://www.java2s.com/Tutorials/Java/Scala/3030__Scala_Objects.html
scala-scala-traits,https://www.java2s.com/Tutorials/Java/Scala/3040__Scala_Traits.html
scala-scala-inheritance,https://www.java2s.com/Tutorials/Java/Scala/3050__Scala_Inheritance.html
scala-scala-constructors,https://www.java2s.com/Tutorials/Java/Scala/3060__Scala_Constructors.html
scala-scala-companion-objects,https://www.java2s.com/Tutorials/Java/Scala/3070__Scala_Companion_Objects.html
scala-scala-closure,https://www.java2s.com/Tutorials/Java/Scala/3080__Scala_Closure.html
scala-scala-import,https://www.java2s.com/Tutorials/Java/Scala/3090__Scala_Import.html
scala-scala-arrays,https://www.java2s.com/Tutorials/Java/Scala/5000__Scala_Arrays.html
scala-scala-lists,https://www.java2s.com/Tutorials/Java/Scala/5000__Scala_Lists.html
java-design-patterns-java-factory-pattern,https://www.java2s.com/Tutorials/Java/Java_Design_Patterns/0010__Java_Factory_Pattern.html
java-design-patterns-java-abstract-factory-pattern,https://www.java2s.com/Tutorials/Java/Java_Design_Patterns/0020__Java_Abstract_Factory_Pattern.html
java-design-patterns-java-singleton-pattern,https://www.java2s.com/Tutorials/Java/Java_Design_Patterns/0030__Java_Singleton_Pattern.html
java-design-patterns-java-builder-pattern,https://www.java2s.com/Tutorials/Java/Java_Design_Patterns/0040__Java_Builder_Pattern.html
java-design-patterns-java-prototype-pattern,https://www.java2s.com/Tutorials/Java/Java_Design_Patterns/0050__Java_Prototype_Pattern.html
java-design-patterns-java-adapter-pattern,https://www.java2s.com/Tutorials/Java/Java_Design_Patterns/0060__Java_Adapter_Pattern.html
java-design-patterns-java-bridge-pattern,https://www.java2s.com/Tutorials/Java/Java_Design_Patterns/0070__Java_Bridge_Pattern.html
java-design-patterns-java-filter-pattern,https://www.java2s.com/Tutorials/Java/Java_Design_Patterns/0080__Java_Filter_Pattern.html
java-design-patterns-java-composite-pattern,https://www.java2s.com/Tutorials/Java/Java_Design_Patterns/0090__Java_Composite_Pattern.html
java-design-patterns-java-decorator-pattern,https://www.java2s.com/Tutorials/Java/Java_Design_Patterns/0100__Java_Decorator_Pattern.html
java-design-patterns-java-facade-pattern,https://www.java2s.com/Tutorials/Java/Java_Design_Patterns/0120__Java_Facade_Pattern.html
java-design-patterns-java-proxy-pattern,https://www.java2s.com/Tutorials/Java/Java_Design_Patterns/0130__Java_Proxy_Pattern.html
java-design-patterns-java-chain-of-responsibility-pattern,https://www.java2s.com/Tutorials/Java/Java_Design_Patterns/0140__Java_Chain_of_Responsibility_Pattern.html
java-design-patterns-java-command-pattern,https://www.java2s.com/Tutorials/Java/Java_Design_Patterns/0150__Java_Command_Pattern.html
java-design-patterns-java-iterator-pattern,https://www.java2s.com/Tutorials/Java/Java_Design_Patterns/0160__Java_Iterator_Pattern.html
java-design-patterns-java-observer-pattern,https://www.java2s.com/Tutorials/Java/Java_Design_Patterns/0170__Java_Observer_Pattern.html
java-design-patterns-java-mediator-pattern,https://www.java2s.com/Tutorials/Java/Java_Design_Patterns/0180__Java_Mediator_Pattern.html
java-design-patterns-java-interpreter-pattern,https://www.java2s.com/Tutorials/Java/Java_Design_Patterns/0200__Java_Interpreter_Pattern.html
java-design-patterns-java-state-pattern,https://www.java2s.com/Tutorials/Java/Java_Design_Patterns/0210__Java_State_Pattern.html
java-design-patterns-java-null-object-pattern,https://www.java2s.com/Tutorials/Java/Java_Design_Patterns/0220__Java_Null_Object_Pattern.html
java-design-patterns-java-strategy-pattern,https://www.java2s.com/Tutorials/Java/Java_Design_Patterns/0240__Java_Strategy_Pattern.html
java-design-patterns-java-template-pattern,https://www.java2s.com/Tutorials/Java/Java_Design_Patterns/0260__Java_Template_Pattern.html
java-design-patterns-java-visitor-pattern,https://www.java2s.com/Tutorials/Java/Java_Design_Patterns/0280__Java_Visitor_Pattern.html
java-design-patterns-java-mvc-pattern,https://www.java2s.com/Tutorials/Java/Java_Design_Patterns/0300__Java_MVC_Pattern.html
java-design-patterns-java-data-access-object-pattern,https://www.java2s.com/Tutorials/Java/Java_Design_Patterns/0400__Java_Data_Access_Object_Pattern.html
java-object-oriented-design-java-class-instance,https://www.java2s.com/Tutorials/Java/Java_Object_Oriented_Design/0010__Java_Class_Instance.html
java-object-oriented-design-java-class-access-level,https://www.java2s.com/Tutorials/Java/Java_Object_Oriented_Design/0020__Java_Class_Access_Level.html
java-object-oriented-design-java-import,https://www.java2s.com/Tutorials/Java/Java_Object_Oriented_Design/0030__Java_import.html
java-object-oriented-design-java-method,https://www.java2s.com/Tutorials/Java/Java_Object_Oriented_Design/0040__Java_Method.html
java-object-oriented-design-java-method-return,https://www.java2s.com/Tutorials/Java/Java_Object_Oriented_Design/0050__Java_method_Return.html
java-object-oriented-design-java-method-overload,https://www.java2s.com/Tutorials/Java/Java_Object_Oriented_Design/0055__Java_Method_Overload.html
java-object-oriented-design-java-instance-static-method,https://www.java2s.com/Tutorials/Java/Java_Object_Oriented_Design/0060__Java_Instance_Static_Method.html
java-object-oriented-design-java-main-method,https://www.java2s.com/Tutorials/Java/Java_Object_Oriented_Design/0070__Java_main_Method.html
java-object-oriented-design-java-parameter-passing,https://www.java2s.com/Tutorials/Java/Java_Object_Oriented_Design/0075__Java_Parameter_Passing.html
java-object-oriented-design-java-varargs-method,https://www.java2s.com/Tutorials/Java/Java_Object_Oriented_Design/0078__Java_varargs_Method.html
java-object-oriented-design-java-this,https://www.java2s.com/Tutorials/Java/Java_Object_Oriented_Design/0080__Java_this.html
java-object-oriented-design-java-access-level-class-members,https://www.java2s.com/Tutorials/Java/Java_Object_Oriented_Design/0090__Java_Access_Level_Class_Members.html
java-object-oriented-design-java-final-keyword,https://www.java2s.com/Tutorials/Java/Java_Object_Oriented_Design/0095__Java_final_Keyword.html
java-object-oriented-design-java-constructors,https://www.java2s.com/Tutorials/Java/Java_Object_Oriented_Design/0110__Java_Constructors.html
java-object-oriented-design-java-initialization-block,https://www.java2s.com/Tutorials/Java/Java_Object_Oriented_Design/0120__Java_Initialization_Block.html
java-object-oriented-design-java-object-class,https://www.java2s.com/Tutorials/Java/Java_Object_Oriented_Design/0160__Java_Object_Class.html
java-object-oriented-design-java-object-hashcode,https://www.java2s.com/Tutorials/Java/Java_Object_Oriented_Design/0170__Java_Object_HashCode.html
java-object-oriented-design-java-object-equals,https://www.java2s.com/Tutorials/Java/Java_Object_Oriented_Design/0180__Java_Object_Equals.html
java-object-oriented-design-java-object-tostring,https://www.java2s.com/Tutorials/Java/Java_Object_Oriented_Design/0190__Java_Object_toString.html
java-object-oriented-design-java-object-clone,https://www.java2s.com/Tutorials/Java/Java_Object_Oriented_Design/0200__Java_Object_Clone.html
java-object-oriented-design-java-object-finalize,https://www.java2s.com/Tutorials/Java/Java_Object_Oriented_Design/0210__Java_Object_Finalize.html
java-object-oriented-design-java-immutable-objects,https://www.java2s.com/Tutorials/Java/Java_Object_Oriented_Design/0220__Java_Immutable_Objects.html
java-object-oriented-design-java-objects-class,https://www.java2s.com/Tutorials/Java/Java_Object_Oriented_Design/0230__Java_Objects_Class.html
java-object-oriented-design-java-inner-classes,https://www.java2s.com/Tutorials/Java/Java_Object_Oriented_Design/0240__Java_Inner_Classes.html
java-object-oriented-design-java-inner-classes-types,https://www.java2s.com/Tutorials/Java/Java_Object_Oriented_Design/0250__Java_Inner_Classes_Types.html
java-object-oriented-design-java-static-inner-classes,https://www.java2s.com/Tutorials/Java/Java_Object_Oriented_Design/0260__Java_static_Inner_Classes.html
java-object-oriented-design-java-inner-class-objects,https://www.java2s.com/Tutorials/Java/Java_Object_Oriented_Design/0270__Java_Inner_Class_Objects.html
java-object-oriented-design-java-inner-class-members,https://www.java2s.com/Tutorials/Java/Java_Object_Oriented_Design/0280__Java_Inner_Class_Members.html
java-object-oriented-design-java-inheritance,https://www.java2s.com/Tutorials/Java/Java_Object_Oriented_Design/0300__Java_Inheritance.html
java-object-oriented-design-java-method-override,https://www.java2s.com/Tutorials/Java/Java_Object_Oriented_Design/0310__Java_Method_Override.html
java-object-oriented-design-java-inheritance-constructors,https://www.java2s.com/Tutorials/Java/Java_Object_Oriented_Design/0320__Java_Inheritance_Constructors.html
java-object-oriented-design-java-inheritance-hiding,https://www.java2s.com/Tutorials/Java/Java_Object_Oriented_Design/0330__Java_Inheritance_Hiding.html
java-object-oriented-design-java-abstract-classes-methods,https://www.java2s.com/Tutorials/Java/Java_Object_Oriented_Design/0340__Java_Abstract_Classes_Methods.html
java-object-oriented-design-java-generic-classes,https://www.java2s.com/Tutorials/Java/Java_Object_Oriented_Design/0350__Java_Generic_Classes.html
java-object-oriented-design-java-generic-constraints,https://www.java2s.com/Tutorials/Java/Java_Object_Oriented_Design/0360__Java_Generic_Constraints.html
java-object-oriented-design-java-generic-methods-constructors,https://www.java2s.com/Tutorials/Java/Java_Object_Oriented_Design/0370__Java_Generic_Methods_Constructors.html
java-object-oriented-design-java-exception-handling,https://www.java2s.com/Tutorials/Java/Java_Object_Oriented_Design/0380__Java_Exception_Handling.html
java-object-oriented-design-java-exception-class,https://www.java2s.com/Tutorials/Java/Java_Object_Oriented_Design/0390__Java_Exception_Class.html
java-object-oriented-design-java-exception-throw,https://www.java2s.com/Tutorials/Java/Java_Object_Oriented_Design/0400__Java_Exception_Throw.html
java-object-oriented-design-java-custom-exception,https://www.java2s.com/Tutorials/Java/Java_Object_Oriented_Design/0410__Java_Custom_Exception.html
java-object-oriented-design-java-finally-block,https://www.java2s.com/Tutorials/Java/Java_Object_Oriented_Design/0420__Java_finally_block.html
java-object-oriented-design-java-exception-usage,https://www.java2s.com/Tutorials/Java/Java_Object_Oriented_Design/0430__Java_Exception_Usage.html
java-object-oriented-design-java-interface,https://www.java2s.com/Tutorials/Java/Java_Object_Oriented_Design/0500__Java_interface.html
java-object-oriented-design-java-interface-fields,https://www.java2s.com/Tutorials/Java/Java_Object_Oriented_Design/0510__Java_interface_fields.html
java-object-oriented-design-java-interface-methods,https://www.java2s.com/Tutorials/Java/Java_Object_Oriented_Design/0520__Java_interface_Methods.html
java-object-oriented-design-java-interface-as-type,https://www.java2s.com/Tutorials/Java/Java_Object_Oriented_Design/0530__Java_interface_as_type.html
java-object-oriented-design-java-interface-implementation,https://www.java2s.com/Tutorials/Java/Java_Object_Oriented_Design/0540__Java_interface_implementation.html
java-object-oriented-design-java-interface-inheritance,https://www.java2s.com/Tutorials/Java/Java_Object_Oriented_Design/0550__Java_Interface_Inheritance.html
java-object-oriented-design-java-enum-types,https://www.java2s.com/Tutorials/Java/Java_Object_Oriented_Design/0600__Java_Enum_Types.html
java-object-oriented-design-java-enum-value,https://www.java2s.com/Tutorials/Java/Java_Object_Oriented_Design/0610__Java_Enum_Value.html
java-object-oriented-design-java-enum-class,https://www.java2s.com/Tutorials/Java/Java_Object_Oriented_Design/0620__Java_Enum_class.html
java-object-oriented-design-java-enum-methods,https://www.java2s.com/Tutorials/Java/Java_Object_Oriented_Design/0630__Java_Enum_Methods.html
java-object-oriented-design-java-enum-body,https://www.java2s.com/Tutorials/Java/Java_Object_Oriented_Design/0640__Java_Enum_Body.html
java-object-oriented-design-java-enum-compare,https://www.java2s.com/Tutorials/Java/Java_Object_Oriented_Design/0650__Java_Enum_Compare.html
java-object-oriented-design-java-annotations,https://www.java2s.com/Tutorials/Java/Java_Object_Oriented_Design/0700__Java_Annotations.html
java-object-oriented-design-java-annotations-restrictions,https://www.java2s.com/Tutorials/Java/Java_Object_Oriented_Design/0710__Java_Annotations_Restrictions.html
java-object-oriented-design-java-annotation-default-value,https://www.java2s.com/Tutorials/Java/Java_Object_Oriented_Design/0720__Java_Annotation_Default_Value.html
java-object-oriented-design-java-annotation-usage,https://www.java2s.com/Tutorials/Java/Java_Object_Oriented_Design/0730__Java_Annotation_Usage.html
java-object-oriented-design-java-annotation-type,https://www.java2s.com/Tutorials/Java/Java_Object_Oriented_Design/0740__Java_Annotation_Type.html
java-object-oriented-design-java-standard-annotations,https://www.java2s.com/Tutorials/Java/Java_Object_Oriented_Design/0750__Java_Standard_Annotations.html
java-object-oriented-design-java-annotation-reflection,https://www.java2s.com/Tutorials/Java/Java_Object_Oriented_Design/0760__Java_Annotation_Reflection.html
java-io-java-io-file,https://www.java2s.com/Tutorials/Java/Java_io/0010__Java_io_File.html
java-io-java-io-file-operation,https://www.java2s.com/Tutorials/Java/Java_io/0020__Java_io_File_Operation.html
java-io-java-io-inputstream,https://www.java2s.com/Tutorials/Java/Java_io/0080__Java_io_InputStream.html
java-io-java-io-fileinputstream,https://www.java2s.com/Tutorials/Java/Java_io/0100__Java_io_FileInputStream.html
java-io-java-io-bufferedinputstream,https://www.java2s.com/Tutorials/Java/Java_io/0110__Java_io_BufferedInputStream.html
java-io-java-io-pushbackinputstream,https://www.java2s.com/Tutorials/Java/Java_io/0120__Java_io_PushbackInputStream.html
java-io-java-io-datainputstream,https://www.java2s.com/Tutorials/Java/Java_io/0130__Java_io_DataInputStream.html
java-io-java-io-outputstream,https://www.java2s.com/Tutorials/Java/Java_io/0200__Java_io_OutputStream.html
java-io-java-io-fileoutputstream,https://www.java2s.com/Tutorials/Java/Java_io/0210__Java_io_FileOutputStream.html
java-io-java-io-printstream,https://www.java2s.com/Tutorials/Java/Java_io/0240__Java_io_PrintStream.html
java-io-java-io-dataoutputstream,https://www.java2s.com/Tutorials/Java/Java_io/0250__Java_io_DataOutputStream.html
java-io-java-io-pipe,https://www.java2s.com/Tutorials/Java/Java_io/0300__Java_io_Pipe.html
java-io-java-io-object-serialization,https://www.java2s.com/Tutorials/Java/Java_io/0400__Java_io_Object_Serialization.html
java-io-java-io-reader-writer,https://www.java2s.com/Tutorials/Java/Java_io/0500__Java_io_Reader_Writer.html
java-io-java-io-random-access-files,https://www.java2s.com/Tutorials/Java/Java_io/0600__Java_io_Random_Access_Files.html
java-io-java-io-standard-input-output-error-streams,https://www.java2s.com/Tutorials/Java/Java_io/0700__Java_io_Standard_Input_Output_Error_Streams.html
java-io-java-io-console,https://www.java2s.com/Tutorials/Java/Java_io/0720__Java_io_Console.html
java-io-java-io-scanner,https://www.java2s.com/Tutorials/Java/Java_io/0730__Java_io_Scanner.html
java-io-java-io-tokenizer,https://www.java2s.com/Tutorials/Java/Java_io/0740__Java_io_Tokenizer.html
java-io-java-io-zip-byte-array,https://www.java2s.com/Tutorials/Java/Java_io/0800__Java_io_Zip_Byte_Array.html
java-io-java-io-zip-file,https://www.java2s.com/Tutorials/Java/Java_io/0810__Java_io_Zip_File.html
java-io-java-io-jar-file,https://www.java2s.com/Tutorials/Java/Java_io/0830__Java_io_Jar_File.html
java-io-java-io-jar-manifest,https://www.java2s.com/Tutorials/Java/Java_io/0840__Java_io_Jar_Manifest.html
java-io-java-io-jar-api,https://www.java2s.com/Tutorials/Java/Java_io/0850__Java_io_Jar_API.html
java-io-java-nio-buffer,https://www.java2s.com/Tutorials/Java/Java_io/0900__Java_nio_Buffer.html
java-io-java-nio-bufer-read-write,https://www.java2s.com/Tutorials/Java/Java_io/0910__Java_nio_Bufer_Read_Write.html
java-io-java-nio-character-set,https://www.java2s.com/Tutorials/Java/Java_io/0920__Java_nio_Character_Set.html
java-io-java-nio-channels,https://www.java2s.com/Tutorials/Java/Java_io/0930__Java_nio_Channels.html
java-io-java-nio-memory-channels,https://www.java2s.com/Tutorials/Java/Java_io/0940__Java_nio_Memory_Channels.html
java-io-java-nio-file-locks,https://www.java2s.com/Tutorials/Java/Java_io/0950__Java_nio_File_Locks.html
java-io-java-nio-filesystem,https://www.java2s.com/Tutorials/Java/Java_io/0960__Java_nio_FileSystem.html
java-io-java-nio-paths,https://www.java2s.com/Tutorials/Java/Java_io/0970__Java_nio_Paths.html
java-io-java-nio-paths-operations,https://www.java2s.com/Tutorials/Java/Java_io/0975__Java_nio_Paths_Operations.html
java-io-java-nio-symbolic-links,https://www.java2s.com/Tutorials/Java/Java_io/0980__Java_nio_Symbolic_Links.html
java-io-java-nio-files,https://www.java2s.com/Tutorials/Java/Java_io/0990__Java_nio_Files.html
java-io-java-nio-file-attributes,https://www.java2s.com/Tutorials/Java/Java_io/1000__Java_nio_File_Attributes.html
java-io-java-nio-files-content,https://www.java2s.com/Tutorials/Java/Java_io/1010__Java_nio_Files_Content.html
java-io-java-nio-file-tree,https://www.java2s.com/Tutorials/Java/Java_io/1020__Java_nio_File_Tree.html
java-io-java-nio-file-owner-permissions,https://www.java2s.com/Tutorials/Java/Java_io/1030__Java_nio_File_Owner_Permissions.html
java-io-java-nio-directory-event,https://www.java2s.com/Tutorials/Java/Java_io/1040__Java_nio_Directory_Event.html
java-io-java-nio-asynchronous,https://www.java2s.com/Tutorials/Java/Java_io/1050__Java_nio_Asynchronous.html
bufferedinputstream-index,https://www.java2s.com/Tutorials/Java/java.io/BufferedInputStream/index.html
bufferedoutputstream-index,https://www.java2s.com/Tutorials/Java/java.io/BufferedOutputStream/index.html
bufferedreader-index,https://www.java2s.com/Tutorials/Java/java.io/BufferedReader/index.html
bufferedwriter-index,https://www.java2s.com/Tutorials/Java/java.io/BufferedWriter/index.html
bytearrayinputstream-index,https://www.java2s.com/Tutorials/Java/java.io/ByteArrayInputStream/index.html
bytearrayoutputstream-index,https://www.java2s.com/Tutorials/Java/java.io/ByteArrayOutputStream/index.html
chararrayreader-index,https://www.java2s.com/Tutorials/Java/java.io/CharArrayReader/index.html
chararraywriter-index,https://www.java2s.com/Tutorials/Java/java.io/CharArrayWriter/index.html
console-index,https://www.java2s.com/Tutorials/Java/java.io/Console/index.html
datainputstream-index,https://www.java2s.com/Tutorials/Java/java.io/DataInputStream/index.html
dataoutputstream-index,https://www.java2s.com/Tutorials/Java/java.io/DataOutputStream/index.html
externalizable-index,https://www.java2s.com/Tutorials/Java/java.io/Externalizable/index.html
file-index,https://www.java2s.com/Tutorials/Java/java.io/File/index.html
filedescriptor-index,https://www.java2s.com/Tutorials/Java/java.io/FileDescriptor/index.html
filefilter-index,https://www.java2s.com/Tutorials/Java/java.io/FileFilter/index.html
fileinputstream-index,https://www.java2s.com/Tutorials/Java/java.io/FileInputStream/index.html
filenamefilter-index,https://www.java2s.com/Tutorials/Java/java.io/FilenameFilter/index.html
fileoutputstream-index,https://www.java2s.com/Tutorials/Java/java.io/FileOutputStream/index.html
filepermission-index,https://www.java2s.com/Tutorials/Java/java.io/FilePermission/index.html
filereader-index,https://www.java2s.com/Tutorials/Java/java.io/FileReader/index.html
filewriter-index,https://www.java2s.com/Tutorials/Java/java.io/FileWriter/index.html
filterinputstream-index,https://www.java2s.com/Tutorials/Java/java.io/FilterInputStream/index.html
filteroutputstream-index,https://www.java2s.com/Tutorials/Java/java.io/FilterOutputStream/index.html
filterreader-index,https://www.java2s.com/Tutorials/Java/java.io/FilterReader/index.html
filterwriter-index,https://www.java2s.com/Tutorials/Java/java.io/FilterWriter/index.html
inputstream-index,https://www.java2s.com/Tutorials/Java/java.io/InputStream/index.html
inputstreamreader-index,https://www.java2s.com/Tutorials/Java/java.io/InputStreamReader/index.html
linenumberinputstream-index,https://www.java2s.com/Tutorials/Java/java.io/LineNumberInputStream/index.html
linenumberreader-index,https://www.java2s.com/Tutorials/Java/java.io/LineNumberReader/index.html
objectinputstream-index,https://www.java2s.com/Tutorials/Java/java.io/ObjectInputStream/index.html
objectoutputstream-index,https://www.java2s.com/Tutorials/Java/java.io/ObjectOutputStream/index.html
outputstream-index,https://www.java2s.com/Tutorials/Java/java.io/OutputStream/index.html
outputstreamwriter-index,https://www.java2s.com/Tutorials/Java/java.io/OutputStreamWriter/index.html
pipedinputstream-index,https://www.java2s.com/Tutorials/Java/java.io/PipedInputStream/index.html
pipedoutputstream-index,https://www.java2s.com/Tutorials/Java/java.io/PipedOutputStream/index.html
pipedreader-index,https://www.java2s.com/Tutorials/Java/java.io/PipedReader/index.html
pipedwriter-index,https://www.java2s.com/Tutorials/Java/java.io/PipedWriter/index.html
printstream-index,https://www.java2s.com/Tutorials/Java/java.io/PrintStream/index.html
printwriter-index,https://www.java2s.com/Tutorials/Java/java.io/PrintWriter/index.html
pushbackinputstream-index,https://www.java2s.com/Tutorials/Java/java.io/PushbackInputStream/index.html
pushbackreader-index,https://www.java2s.com/Tutorials/Java/java.io/PushbackReader/index.html
randomaccessfile-index,https://www.java2s.com/Tutorials/Java/java.io/RandomAccessFile/index.html
reader-index,https://www.java2s.com/Tutorials/Java/java.io/Reader/index.html
sequenceinputstream-index,https://www.java2s.com/Tutorials/Java/java.io/SequenceInputStream/index.html
streamtokenizer-index,https://www.java2s.com/Tutorials/Java/java.io/StreamTokenizer/index.html
stringreader-index,https://www.java2s.com/Tutorials/Java/java.io/StringReader/index.html
stringwriter-index,https://www.java2s.com/Tutorials/Java/java.io/StringWriter/index.html
writer-index,https://www.java2s.com/Tutorials/Java/java.io/Writer/index.html
basicfileattributes-index,https://www.java2s.com/Tutorials/Java/java.nio.file.attribute/BasicFileAttributes/index.html
basicfileattributeview-index,https://www.java2s.com/Tutorials/Java/java.nio.file.attribute/BasicFileAttributeView/index.html
dosfileattributes-index,https://www.java2s.com/Tutorials/Java/java.nio.file.attribute/DosFileAttributes/index.html
filetime-index,https://www.java2s.com/Tutorials/Java/java.nio.file.attribute/FileTime/index.html
posixfileattributes-index,https://www.java2s.com/Tutorials/Java/java.nio.file.attribute/PosixFileAttributes/index.html
posixfilepermissions-index,https://www.java2s.com/Tutorials/Java/java.nio.file.attribute/PosixFilePermissions/index.html
directorystream-filter-index,https://www.java2s.com/Tutorials/Java/java.nio.file/DirectoryStream.Filter/index.html
files-index,https://www.java2s.com/Tutorials/Java/java.nio.file/Files/index.html
filestore-index,https://www.java2s.com/Tutorials/Java/java.nio.file/FileStore/index.html
filesystem-index,https://www.java2s.com/Tutorials/Java/java.nio.file/FileSystem/index.html
filevisitor-index,https://www.java2s.com/Tutorials/Java/java.nio.file/FileVisitor/index.html
path-index,https://www.java2s.com/Tutorials/Java/java.nio.file/Path/index.html
paths-index,https://www.java2s.com/Tutorials/Java/java.nio.file/Paths/index.html
watchservice-index,https://www.java2s.com/Tutorials/Java/java.nio.file/WatchService/index.html
charset-index,https://www.java2s.com/Tutorials/Java/java.nio.charset/Charset/index.html
charsetdecoder-index,https://www.java2s.com/Tutorials/Java/java.nio.charset/CharsetDecoder/index.html
charsetencoder-index,https://www.java2s.com/Tutorials/Java/java.nio.charset/CharsetEncoder/index.html
standardcharsets-index,https://www.java2s.com/Tutorials/Java/java.nio.charset/StandardCharsets/index.html
filechannel-index,https://www.java2s.com/Tutorials/Java/java.nio.channels/FileChannel/index.html
buffer-index,https://www.java2s.com/Tutorials/Java/java.nio/Buffer/index.html
bytebuffer-index,https://www.java2s.com/Tutorials/Java/java.nio/ByteBuffer/index.html
byteorder-index,https://www.java2s.com/Tutorials/Java/java.nio/ByteOrder/index.html
charbuffer-index,https://www.java2s.com/Tutorials/Java/java.nio/CharBuffer/index.html
doublebuffer-index,https://www.java2s.com/Tutorials/Java/java.nio/DoubleBuffer/index.html
floatbuffer-index,https://www.java2s.com/Tutorials/Java/java.nio/FloatBuffer/index.html
intbuffer-index,https://www.java2s.com/Tutorials/Java/java.nio/IntBuffer/index.html
longbuffer-index,https://www.java2s.com/Tutorials/Java/java.nio/LongBuffer/index.html
mappedbytebuffer-index,https://www.java2s.com/Tutorials/Java/java.nio/MappedByteBuffer/index.html
shortbuffer-index,https://www.java2s.com/Tutorials/Java/java.nio/ShortBuffer/index.html
jarfile-index,https://www.java2s.com/Tutorials/Java/java.util.jar/JarFile/index.html
pack200-index,https://www.java2s.com/Tutorials/Java/java.util.jar/Pack200/index.html
zipentry-index,https://www.java2s.com/Tutorials/Java/java.util.zip/ZipEntry/index.html
zipfile-index,https://www.java2s.com/Tutorials/Java/java.util.zip/ZipFile/index.html
java-xml-java-xml-api,https://www.java2s.com/Tutorials/Java/Java_XML/0020__Java_XML_API.html
java-xml-java-sax-intro,https://www.java2s.com/Tutorials/Java/Java_XML/0030__Java_SAX_Intro.html
java-xml-java-dom-intro,https://www.java2s.com/Tutorials/Java/Java_XML/0100__Java_DOM_Intro.html
java-xml-java-dom-edit,https://www.java2s.com/Tutorials/Java/Java_XML/0110__Java_DOM_Edit.html
java-xml-java-xslt-intro,https://www.java2s.com/Tutorials/Java/Java_XML/0200__Java_XSLT_Intro.html
java-xml-java-stax-intro,https://www.java2s.com/Tutorials/Java/Java_XML/0300__Java_StAX_Intro.html
characterdata-index,https://www.java2s.com/Tutorials/Java/org.w3c.dom/CharacterData/index.html
document-index,https://www.java2s.com/Tutorials/Java/org.w3c.dom/Document/index.html
nodelist-index,https://www.java2s.com/Tutorials/Java/org.w3c.dom/NodeList/index.html
java-collection-java-collection-interface,https://www.java2s.com/Tutorials/Java/Java_Collection/0030__Java_Collection_Interface.html
java-collection-java-collections-traversing,https://www.java2s.com/Tutorials/Java/Java_Collection/0040__Java_Collections_Traversing.html
java-collection-java-set,https://www.java2s.com/Tutorials/Java/Java_Collection/0100__Java_Set.html
java-collection-java-sorted-set,https://www.java2s.com/Tutorials/Java/Java_Collection/0110__Java_Sorted_Set.html
java-collection-java-navigable-set,https://www.java2s.com/Tutorials/Java/Java_Collection/0120__Java_Navigable_Set.html
java-collection-java-list,https://www.java2s.com/Tutorials/Java/Java_Collection/0130__Java_List.html
java-collection-java-queue,https://www.java2s.com/Tutorials/Java/Java_Collection/0160__Java_Queue.html
java-collection-java-priority-queues,https://www.java2s.com/Tutorials/Java/Java_Collection/0170__Java_Priority_Queues.html
java-collection-java-deque,https://www.java2s.com/Tutorials/Java/Java_Collection/0175__Java_deque.html
java-collection-java-special-queues,https://www.java2s.com/Tutorials/Java/Java_Collection/0177__Java_Special_Queues.html
java-collection-java-map,https://www.java2s.com/Tutorials/Java/Java_Collection/0180__Java_Map.html
java-collection-java-map-operation,https://www.java2s.com/Tutorials/Java/Java_Collection/0190__Java_Map_Operation.html
java-collection-java-special-map,https://www.java2s.com/Tutorials/Java/Java_Collection/0200__Java_Special_Map.html
java-collection-java-collections-algorithms,https://www.java2s.com/Tutorials/Java/Java_Collection/0400__Java_Collections_Algorithms.html
arraydeque-index,https://www.java2s.com/Tutorials/Java/java.util/ArrayDeque/index.html
arraylist-index,https://www.java2s.com/Tutorials/Java/java.util/ArrayList/index.html
arrays-index,https://www.java2s.com/Tutorials/Java/java.util/Arrays/index.html
bitset-index,https://www.java2s.com/Tutorials/Java/java.util/BitSet/index.html
collections-index,https://www.java2s.com/Tutorials/Java/java.util/Collections/index.html
comparable-index,https://www.java2s.com/Tutorials/Java/java.util/Comparable/index.html
comparator-index,https://www.java2s.com/Tutorials/Java/java.util/Comparator/index.html
deque-index,https://www.java2s.com/Tutorials/Java/java.util/Deque/index.html
dictionary-index,https://www.java2s.com/Tutorials/Java/java.util/Dictionary/index.html
enumeration-index,https://www.java2s.com/Tutorials/Java/java.util/Enumeration/index.html
enummap-index,https://www.java2s.com/Tutorials/Java/java.util/EnumMap/index.html
enumset-index,https://www.java2s.com/Tutorials/Java/java.util/EnumSet/index.html
hashmap-index,https://www.java2s.com/Tutorials/Java/java.util/HashMap/index.html
hashset-index,https://www.java2s.com/Tutorials/Java/java.util/HashSet/index.html
hashtable-index,https://www.java2s.com/Tutorials/Java/java.util/Hashtable/index.html
identityhashmap-index,https://www.java2s.com/Tutorials/Java/java.util/IdentityHashMap/index.html
iterator-index,https://www.java2s.com/Tutorials/Java/java.util/Iterator/index.html
linkedhashmap-index,https://www.java2s.com/Tutorials/Java/java.util/LinkedHashMap/index.html
linkedhashset-index,https://www.java2s.com/Tutorials/Java/java.util/LinkedHashSet/index.html
linkedlist-index,https://www.java2s.com/Tutorials/Java/java.util/LinkedList/index.html
list-index,https://www.java2s.com/Tutorials/Java/java.util/List/index.html
listiterator-index,https://www.java2s.com/Tutorials/Java/java.util/ListIterator/index.html
map-index,https://www.java2s.com/Tutorials/Java/java.util/Map/index.html
map-entry-index,https://www.java2s.com/Tutorials/Java/java.util/Map.Entry/index.html
navigablemap-index,https://www.java2s.com/Tutorials/Java/java.util/NavigableMap/index.html
priorityqueue-index,https://www.java2s.com/Tutorials/Java/java.util/PriorityQueue/index.html
queue-index,https://www.java2s.com/Tutorials/Java/java.util/Queue/index.html
set-index,https://www.java2s.com/Tutorials/Java/java.util/Set/index.html
sortedmap-index,https://www.java2s.com/Tutorials/Java/java.util/SortedMap/index.html
sortedset-index,https://www.java2s.com/Tutorials/Java/java.util/SortedSet/index.html
stack-index,https://www.java2s.com/Tutorials/Java/java.util/Stack/index.html
treemap-index,https://www.java2s.com/Tutorials/Java/java.util/TreeMap/index.html
treeset-index,https://www.java2s.com/Tutorials/Java/java.util/TreeSet/index.html
vector-index,https://www.java2s.com/Tutorials/Java/java.util/Vector/index.html
weakhashmap-index,https://www.java2s.com/Tutorials/Java/java.util/WeakHashMap/index.html
arrayblockingqueue-index,https://www.java2s.com/Tutorials/Java/java.util.concurrent/ArrayBlockingQueue/index.html
blockingdeque-index,https://www.java2s.com/Tutorials/Java/java.util.concurrent/BlockingDeque/index.html
java-regular-expression-java-regex-character-classes,https://www.java2s.com/Tutorials/Java/Java_Regular_Expression/0020__Java_Regex_Character_Classes.html
java-regular-expression-java-regex-pattern,https://www.java2s.com/Tutorials/Java/Java_Regular_Expression/0030__Java_Regex_Pattern.html
java-regular-expression-java-regex-matcher,https://www.java2s.com/Tutorials/Java/Java_Regular_Expression/0040__Java_Regex_Matcher.html
java-regular-expression-java-regex-quantifiers,https://www.java2s.com/Tutorials/Java/Java_Regular_Expression/0050__Java_Regex_Quantifiers.html
java-regular-expression-java-regex-boundaries,https://www.java2s.com/Tutorials/Java/Java_Regular_Expression/0060__Java_Regex_Boundaries.html
java-regular-expression-java-regex-groups,https://www.java2s.com/Tutorials/Java/Java_Regular_Expression/0070__Java_Regex_Groups.html
java-regular-expression-java-string-find-replace,https://www.java2s.com/Tutorials/Java/Java_Regular_Expression/0080__Java_String_Find_Replace.html
java-format-java-date-format-class,https://www.java2s.com/Tutorials/Java/Java_Format/0020__Java_Date_Format_Class.html
java-format-java-date-format-symbol,https://www.java2s.com/Tutorials/Java/Java_Format/0030__Java_Date_Format_Symbol.html
java-format-java-number-format-class,https://www.java2s.com/Tutorials/Java/Java_Format/0040__Java_Number_Format_Class.html
java-format-java-printf-style-overview,https://www.java2s.com/Tutorials/Java/Java_Format/0050__Java_Printf_Style_Overview.html
java-format-java-format-string,https://www.java2s.com/Tutorials/Java/Java_Format/0060__Java_Format_String.html
java-format-java-format-value-index,https://www.java2s.com/Tutorials/Java/Java_Format/0070__Java_Format_Value_Index.html
java-format-java-format-flags,https://www.java2s.com/Tutorials/Java/Java_Format/0080__Java_Format_Flags.html
java-format-java-format-general,https://www.java2s.com/Tutorials/Java/Java_Format/0090__Java_Format_General.html
java-format-java-format-number,https://www.java2s.com/Tutorials/Java/Java_Format/0110__Java_Format_Number.html
java-format-java-format-dates-times,https://www.java2s.com/Tutorials/Java/Java_Format/0120__Java_Format_Dates_Times.html
dateformat-index,https://www.java2s.com/Tutorials/Java/java.text/DateFormat/index.html
decimalformat-index,https://www.java2s.com/Tutorials/Java/java.text/DecimalFormat/index.html
numberformat-index,https://www.java2s.com/Tutorials/Java/java.text/NumberFormat/index.html
simpledateformat-index,https://www.java2s.com/Tutorials/Java/java.text/SimpleDateFormat/index.html
formatter-index,https://www.java2s.com/Tutorials/Java/java.util/Formatter/index.html
java-reflection-java-java-lang-class,https://www.java2s.com/Tutorials/Java/Java_Reflection/0020__Java_java.lang.Class.html
java-reflection-java-class-reflection,https://www.java2s.com/Tutorials/Java/Java_Reflection/0030__Java_Class_Reflection.html
java-reflection-java-field-reflection,https://www.java2s.com/Tutorials/Java/Java_Reflection/0040__Java_Field_Reflection.html
java-reflection-java-method-reflection,https://www.java2s.com/Tutorials/Java/Java_Reflection/0050__Java_Method_Reflection.html
java-reflection-java-constructor-reflection,https://www.java2s.com/Tutorials/Java/Java_Reflection/0060__Java_Constructor_Reflection.html
java-reflection-java-create-objects,https://www.java2s.com/Tutorials/Java/Java_Reflection/0070__Java_Create_Objects.html
java-reflection-java-field-access,https://www.java2s.com/Tutorials/Java/Java_Reflection/0080__Java_Field_Access.html
java-reflection-java-array-reflection,https://www.java2s.com/Tutorials/Java/Java_Reflection/0090__Java_Array_Reflection.html
class-index,https://www.java2s.com/Tutorials/Java/java.lang/Class/index.html
array-index,https://www.java2s.com/Tutorials/Java/java.lang.reflect/Array/index.html
constructor-index,https://www.java2s.com/Tutorials/Java/java.lang.reflect/Constructor/index.html
field-index,https://www.java2s.com/Tutorials/Java/java.lang.reflect/Field/index.html
method-index,https://www.java2s.com/Tutorials/Java/java.lang.reflect/Method/index.html
modifier-index,https://www.java2s.com/Tutorials/Java/java.lang.reflect/Modifier/index.html
parameterizedtype-index,https://www.java2s.com/Tutorials/Java/java.lang.reflect/ParameterizedType/index.html
typevariable-index,https://www.java2s.com/Tutorials/Java/java.lang.reflect/TypeVariable/index.html
java-language-java-keywords,https://www.java2s.com/Tutorials/Java/Java_Language/1010__Java_Keywords.html
java-language-java-variables,https://www.java2s.com/Tutorials/Java/Java_Language/1020__Java_Variables.html
java-language-java-data-type,https://www.java2s.com/Tutorials/Java/Java_Language/2005__Java_Data_Type.html
java-language-java-boolean,https://www.java2s.com/Tutorials/Java/Java_Language/2010__Java_boolean.html
java-language-java-whole-number,https://www.java2s.com/Tutorials/Java/Java_Language/2020__Java_whole_number.html
java-language-java-floating-point,https://www.java2s.com/Tutorials/Java/Java_Language/2030__Java_Floating_Point.html
java-language-java-char,https://www.java2s.com/Tutorials/Java/Java_Language/2040__Java_char.html
java-language-java-string,https://www.java2s.com/Tutorials/Java/Java_Language/2050__Java_String.html
java-language-java-array,https://www.java2s.com/Tutorials/Java/Java_Language/2060__Java_Array.html
java-language-java-arithmetic-operators,https://www.java2s.com/Tutorials/Java/Java_Language/3005__Java_Arithmetic_Operators.html
java-language-java-boolean-operator,https://www.java2s.com/Tutorials/Java/Java_Language/3010__Java_Boolean_Operator.html
java-language-java-relational-operators,https://www.java2s.com/Tutorials/Java/Java_Language/3020__Java_Relational_Operators.html
java-language-java-ternary-operator,https://www.java2s.com/Tutorials/Java/Java_Language/3030__Java_ternary_operator.html
java-language-java-bitwise-operators,https://www.java2s.com/Tutorials/Java/Java_Language/3040__Java_Bitwise_Operators.html
java-language-java-if,https://www.java2s.com/Tutorials/Java/Java_Language/4010__Java_if.html
java-language-java-switch,https://www.java2s.com/Tutorials/Java/Java_Language/4020__Java_switch.html
java-language-java-for,https://www.java2s.com/Tutorials/Java/Java_Language/4030__Java_for.html
java-language-java-while,https://www.java2s.com/Tutorials/Java/Java_Language/4040__Java_while.html
java-language-java-break,https://www.java2s.com/Tutorials/Java/Java_Language/4050__Java_break.html
java-language-java-continue,https://www.java2s.com/Tutorials/Java/Java_Language/4060__Java_Continue.html
java-language-java-comments,https://www.java2s.com/Tutorials/Java/Java_Language/4070__Java_Comments.html
java-language-java-class,https://www.java2s.com/Tutorials/Java/Java_Language/5010__Java_Class.html
java-language-java-method,https://www.java2s.com/Tutorials/Java/Java_Language/5020__Java_Method.html
java-language-java-constructors,https://www.java2s.com/Tutorials/Java/Java_Language/5030__Java_Constructors.html
java-language-java-access-control,https://www.java2s.com/Tutorials/Java/Java_Language/5040__Java_Access_Control.html
java-language-java-class-variable,https://www.java2s.com/Tutorials/Java/Java_Language/5050__Java_class_variable.html
java-language-java-nested-class,https://www.java2s.com/Tutorials/Java/Java_Language/5060__Java_Nested_Class.html
java-language-java-inheritance,https://www.java2s.com/Tutorials/Java/Java_Language/5070__Java_inheritance.html
java-language-java-interface,https://www.java2s.com/Tutorials/Java/Java_Language/5080__Java_Interface.html
java-language-java-abstract-class,https://www.java2s.com/Tutorials/Java/Java_Language/5090__Java_Abstract_Class.html
java-language-java-variable-type,https://www.java2s.com/Tutorials/Java/Java_Language/5100__Java_Variable_Type.html
java-language-java-static-final,https://www.java2s.com/Tutorials/Java/Java_Language/5110__Java_static_final.html
java-language-java-package,https://www.java2s.com/Tutorials/Java/Java_Language/5120__Java_Package.html
java-language-java-exception,https://www.java2s.com/Tutorials/Java/Java_Language/6000__Java_Exception.html
java-language-java-exception-statements,https://www.java2s.com/Tutorials/Java/Java_Language/6010__Java_Exception_Statements.html
java-language-java-exception-type,https://www.java2s.com/Tutorials/Java/Java_Language/6020__Java_Exception_Type.html
java-language-java-annotation,https://www.java2s.com/Tutorials/Java/Java_Language/7000__Java_Annotation.html
java-language-java-annotation-type,https://www.java2s.com/Tutorials/Java/Java_Language/7010__Java_Annotation_Type.html
java-language-java-buildin-annotations,https://www.java2s.com/Tutorials/Java/Java_Language/7030__Java_Buildin_annotations.html
java-language-java-generic-introduction,https://www.java2s.com/Tutorials/Java/Java_Language/8000__Java_Generic_introduction.html
java-language-java-generic-method,https://www.java2s.com/Tutorials/Java/Java_Language/8010__Java_generic_method.html
java-language-java-generic-interface,https://www.java2s.com/Tutorials/Java/Java_Language/8020__Java_generic_interface.html
java-language-java-generic-hierarchy,https://www.java2s.com/Tutorials/Java/Java_Language/8030__Java_generic_hierarchy.html
java-language-java-generic-constraints,https://www.java2s.com/Tutorials/Java/Java_Language/8040__Java_Generic_Constraints.html
java-language-java-generic-restrictions,https://www.java2s.com/Tutorials/Java/Java_Language/8050__Java_generic_restrictions.html
java-language-java-enum,https://www.java2s.com/Tutorials/Java/Java_Language/9000__Java_enum.html
java-language-java-enum-class,https://www.java2s.com/Tutorials/Java/Java_Language/9010__Java_enum_class.html
-,https://www.java2s.com/ref/javascript/javascript-basic.html
-,https://www.java2s.com/ref/javascript/javascript-built-in-objects.html
-,https://www.java2s.com/ref/javascript/javascript-browser.html
-,https://www.java2s.com/ref/javascript/javascript-canvas.html
-,https://www.java2s.com/ref/javascript/javascript-canvas-reference.html
-,https://www.java2s.com/ref/javascript/javascript-dom-collection.html
-,https://www.java2s.com/ref/javascript/javascript-dom-css-style.html
-,https://www.java2s.com/ref/javascript/javascript-dom-event.html
-,https://www.java2s.com/ref/javascript/javascript-dom-tag.html
-,https://www.java2s.com/ref/javascript/javascript-array-basic-index.html
-,https://www.java2s.com/ref/javascript/javascript-array-extension-index.html
-,https://www.java2s.com/ref/javascript/javascript-class-index.html
-,https://www.java2s.com/ref/javascript/javascript-data-types-index.html
-,https://www.java2s.com/ref/javascript/javascript-date-basic-index.html
-,https://www.java2s.com/ref/javascript/javascript-date-extension-index.html
-,https://www.java2s.com/ref/javascript/javascript-function-index.html
-,https://www.java2s.com/ref/javascript/javascript-generator-index.html
-,https://www.java2s.com/ref/javascript/javascript-iterator-basic-index.html
-,https://www.java2s.com/ref/javascript/javascript-json-basic-index.html
-,https://www.java2s.com/ref/javascript/javascript-language-index.html
-,https://www.java2s.com/ref/javascript/javascript-math-basic-index.html
-,https://www.java2s.com/ref/javascript/javascript-math-extension-index.html
-,https://www.java2s.com/ref/javascript/javascript-number-extension-index.html
-,https://www.java2s.com/ref/javascript/javascript-object-basic-index.html
-,https://www.java2s.com/ref/javascript/javascript-object-extension-index.html
-,https://www.java2s.com/ref/javascript/javascript-operators-index.html
-,https://www.java2s.com/ref/javascript/javascript-promise-index.html
-,https://www.java2s.com/ref/javascript/javascript-regular-expressions-index.html
-,https://www.java2s.com/ref/javascript/javascript-set-basic-index.html
-,https://www.java2s.com/ref/javascript/javascript-statements-index.html
-,https://www.java2s.com/ref/javascript/javascript-string-basic-index.html
-,https://www.java2s.com/ref/javascript/javascript-string-extension-index.html
-,https://www.java2s.com/ref/javascript/javascript-bom-index.html
-,https://www.java2s.com/ref/javascript/javascript-dom-index.html
-,https://www.java2s.com/ref/javascript/javascript-local-storage-index.html
-,https://www.java2s.com/ref/javascript/javascript-algorithm-index.html
-,https://www.java2s.com/ref/javascript/javascript-data-structure-index.html
-,https://www.java2s.com/ref/javascript/javascript-interview-question-index.html
-,https://www.java2s.com/ref/javascript/javascript-array-index.html
-,https://www.java2s.com/ref/javascript/javascript-arraybuffer-index.html
-,https://www.java2s.com/ref/javascript/javascript-bigint-index.html
-,https://www.java2s.com/ref/javascript/javascript-boolean-index.html
-,https://www.java2s.com/ref/javascript/javascript-console-index.html
-,https://www.java2s.com/ref/javascript/javascript-date-index.html
-,https://www.java2s.com/ref/javascript/javascript-error-index.html
-,https://www.java2s.com/ref/javascript/javascript-global-index.html
-,https://www.java2s.com/ref/javascript/javascript-intl.numberformat-index.html
-,https://www.java2s.com/ref/javascript/javascript-iterator-index.html
-,https://www.java2s.com/ref/javascript/javascript-json-index.html
-,https://www.java2s.com/ref/javascript/javascript-map-index.html
-,https://www.java2s.com/ref/javascript/javascript-math-index.html
-,https://www.java2s.com/ref/javascript/javascript-number-index.html
-,https://www.java2s.com/ref/javascript/javascript-object-index.html
-,https://www.java2s.com/ref/javascript/javascript-regexp-index.html
-,https://www.java2s.com/ref/javascript/javascript-set-index.html
-,https://www.java2s.com/ref/javascript/javascript-string-index.html
-,https://www.java2s.com/ref/javascript/javascript-weakmap-index.html
-,https://www.java2s.com/ref/javascript/javascript-weakset-index.html
-,https://www.java2s.com/ref/javascript/javascript-bigint64array-index.html
-,https://www.java2s.com/ref/javascript/javascript-biguint64array-index.html
-,https://www.java2s.com/ref/javascript/javascript-dataview-index.html
-,https://www.java2s.com/ref/javascript/javascript-float32array-index.html
-,https://www.java2s.com/ref/javascript/javascript-float64array-index.html
-,https://www.java2s.com/ref/javascript/javascript-int16array-index.html
-,https://www.java2s.com/ref/javascript/javascript-int32array-index.html
-,https://www.java2s.com/ref/javascript/javascript-int8array-index.html
-,https://www.java2s.com/ref/javascript/javascript-sharedarraybuffer-index.html
-,https://www.java2s.com/ref/javascript/javascript-uint16array-index.html
-,https://www.java2s.com/ref/javascript/javascript-uint32array-index.html
-,https://www.java2s.com/ref/javascript/javascript-uint8array-index.html
-,https://www.java2s.com/ref/javascript/javascript-uint8clampedarray-index.html
-,https://www.java2s.com/ref/javascript/javascript-browser-geolocation-index.html
-,https://www.java2s.com/ref/javascript/javascript-browser-history-index.html
-,https://www.java2s.com/ref/javascript/javascript-browser-location-index.html
-,https://www.java2s.com/ref/javascript/javascript-browser-navigator-index.html
-,https://www.java2s.com/ref/javascript/javascript-browser-screen-index.html
-,https://www.java2s.com/ref/javascript/javascript-browser-storage-index.html
-,https://www.java2s.com/ref/javascript/javascript-browser-window-index.html
-,https://www.java2s.com/ref/javascript/javascript-dom-attribute-index.html
-,https://www.java2s.com/ref/javascript/javascript-dom-cssstyledeclaration-index.html
-,https://www.java2s.com/ref/javascript/javascript-dom-element-index.html
-,https://www.java2s.com/ref/javascript/javascript-dom-htmlcollection-index.html
-,https://www.java2s.com/ref/javascript/javascript-dom-namednodemap-index.html
-,https://www.java2s.com/ref/javascript/javascript-dom-node-index.html
-,https://www.java2s.com/ref/javascript/javascript-dom-nodelist-index.html
-,https://www.java2s.com/ref/javascript/javascript-css-style-object-index.html
-,https://www.java2s.com/ref/javascript/javascript-css-style-declaration-index.html
-,https://www.java2s.com/ref/javascript/javascript-css-aligncontent-index.html
-,https://www.java2s.com/ref/javascript/javascript-css-alignitems-index.html
-,https://www.java2s.com/ref/javascript/javascript-css-alignself-index.html
-,https://www.java2s.com/ref/javascript/javascript-css-animation-index.html
-,https://www.java2s.com/ref/javascript/javascript-css-animationdelay-index.html
-,https://www.java2s.com/ref/javascript/javascript-css-animationdirection-index.html
-,https://www.java2s.com/ref/javascript/javascript-css-animationduration-index.html
-,https://www.java2s.com/ref/javascript/javascript-css-animationfillmode-index.html
-,https://www.java2s.com/ref/javascript/javascript-css-animationiterationcount-index.html
-,https://www.java2s.com/ref/javascript/javascript-css-animationname-index.html
-,https://www.java2s.com/ref/javascript/javascript-css-animationplaystate-index.html
-,https://www.java2s.com/ref/javascript/javascript-css-animationtimingfunction-index.html
-,https://www.java2s.com/ref/javascript/javascript-css-backfacevisibility-index.html
-,https://www.java2s.com/ref/javascript/javascript-css-background-index.html
-,https://www.java2s.com/ref/javascript/javascript-css-backgroundattachment-index.html
-,https://www.java2s.com/ref/javascript/javascript-css-backgroundclip-index.html
-,https://www.java2s.com/ref/javascript/javascript-css-backgroundcolor-index.html
-,https://www.java2s.com/ref/javascript/javascript-css-backgroundimage-index.html
-,https://www.java2s.com/ref/javascript/javascript-css-backgroundorigin-index.html
-,https://www.java2s.com/ref/javascript/javascript-css-backgroundposition-index.html
-,https://www.java2s.com/ref/javascript/javascript-css-backgroundrepeat-index.html
-,https://www.java2s.com/ref/javascript/javascript-css-backgroundsize-index.html
-,https://www.java2s.com/ref/javascript/javascript-css-border-index.html
-,https://www.java2s.com/ref/javascript/javascript-css-borderbottom-index.html
-,https://www.java2s.com/ref/javascript/javascript-css-borderbottomcolor-index.html
-,https://www.java2s.com/ref/javascript/javascript-css-borderbottomleftradius-index.html
-,https://www.java2s.com/ref/javascript/javascript-css-borderbottomrightradius-index.html
-,https://www.java2s.com/ref/javascript/javascript-css-borderbottomstyle-index.html
-,https://www.java2s.com/ref/javascript/javascript-css-borderbottomwidth-index.html
-,https://www.java2s.com/ref/javascript/javascript-css-bordercollapse-index.html
-,https://www.java2s.com/ref/javascript/javascript-css-bordercolor-index.html
-,https://www.java2s.com/ref/javascript/javascript-css-borderimage-index.html
-,https://www.java2s.com/ref/javascript/javascript-css-borderimageoutset-index.html
-,https://www.java2s.com/ref/javascript/javascript-css-borderimagerepeat-index.html
-,https://www.java2s.com/ref/javascript/javascript-css-borderimageslice-index.html
-,https://www.java2s.com/ref/javascript/javascript-css-borderimagesource-index.html
-,https://www.java2s.com/ref/javascript/javascript-css-borderimagewidth-index.html
-,https://www.java2s.com/ref/javascript/javascript-css-borderleft-index.html
-,https://www.java2s.com/ref/javascript/javascript-css-borderleftcolor-index.html
-,https://www.java2s.com/ref/javascript/javascript-css-borderleftstyle-index.html
-,https://www.java2s.com/ref/javascript/javascript-css-borderleftwidth-index.html
-,https://www.java2s.com/ref/javascript/javascript-css-borderradius-index.html
-,https://www.java2s.com/ref/javascript/javascript-css-borderright-index.html
-,https://www.java2s.com/ref/javascript/javascript-css-borderrightcolor-index.html
-,https://www.java2s.com/ref/javascript/javascript-css-borderrightstyle-index.html
-,https://www.java2s.com/ref/javascript/javascript-css-borderrightwidth-index.html
-,https://www.java2s.com/ref/javascript/javascript-css-borderspacing-index.html
-,https://www.java2s.com/ref/javascript/javascript-css-borderstyle-index.html
-,https://www.java2s.com/ref/javascript/javascript-css-bordertop-index.html
-,https://www.java2s.com/ref/javascript/javascript-css-bordertopcolor-index.html
-,https://www.java2s.com/ref/javascript/javascript-css-bordertopleftradius-index.html
-,https://www.java2s.com/ref/javascript/javascript-css-bordertoprightradius-index.html
-,https://www.java2s.com/ref/javascript/javascript-css-bordertopstyle-index.html
-,https://www.java2s.com/ref/javascript/javascript-css-bordertopwidth-index.html
-,https://www.java2s.com/ref/javascript/javascript-css-borderwidth-index.html
-,https://www.java2s.com/ref/javascript/javascript-css-bottom-index.html
-,https://www.java2s.com/ref/javascript/javascript-css-boxshadow-index.html
-,https://www.java2s.com/ref/javascript/javascript-css-boxsizing-index.html
-,https://www.java2s.com/ref/javascript/javascript-css-captionside-index.html
-,https://www.java2s.com/ref/javascript/javascript-css-clear-index.html
-,https://www.java2s.com/ref/javascript/javascript-css-clip-index.html
-,https://www.java2s.com/ref/javascript/javascript-css-color-index.html
-,https://www.java2s.com/ref/javascript/javascript-css-columncount-index.html
-,https://www.java2s.com/ref/javascript/javascript-css-columnfill-index.html
-,https://www.java2s.com/ref/javascript/javascript-css-columngap-index.html
-,https://www.java2s.com/ref/javascript/javascript-css-columnrule-index.html
-,https://www.java2s.com/ref/javascript/javascript-css-columnrulecolor-index.html
-,https://www.java2s.com/ref/javascript/javascript-css-columnrulestyle-index.html
-,https://www.java2s.com/ref/javascript/javascript-css-columnrulewidth-index.html
-,https://www.java2s.com/ref/javascript/javascript-css-columns-index.html
-,https://www.java2s.com/ref/javascript/javascript-css-columnspan-index.html
-,https://www.java2s.com/ref/javascript/javascript-css-columnwidth-index.html
-,https://www.java2s.com/ref/javascript/javascript-css-counterincrement-index.html
-,https://www.java2s.com/ref/javascript/javascript-css-counterreset-index.html
-,https://www.java2s.com/ref/javascript/javascript-css-cssfloat-index.html
-,https://www.java2s.com/ref/javascript/javascript-css-cursor-index.html
-,https://www.java2s.com/ref/javascript/javascript-css-direction-index.html
-,https://www.java2s.com/ref/javascript/javascript-css-display-index.html
-,https://www.java2s.com/ref/javascript/javascript-css-emptycells-index.html
-,https://www.java2s.com/ref/javascript/javascript-css-filter-index.html
-,https://www.java2s.com/ref/javascript/javascript-css-flex-index.html
-,https://www.java2s.com/ref/javascript/javascript-css-flexbasis-index.html
-,https://www.java2s.com/ref/javascript/javascript-css-flexdirection-index.html
-,https://www.java2s.com/ref/javascript/javascript-css-flexflow-index.html
-,https://www.java2s.com/ref/javascript/javascript-css-flexgrow-index.html
-,https://www.java2s.com/ref/javascript/javascript-css-flexshrink-index.html
-,https://www.java2s.com/ref/javascript/javascript-css-flexwrap-index.html
-,https://www.java2s.com/ref/javascript/javascript-css-font-index.html
-,https://www.java2s.com/ref/javascript/javascript-css-fontfamily-index.html
-,https://www.java2s.com/ref/javascript/javascript-css-fontsize-index.html
-,https://www.java2s.com/ref/javascript/javascript-css-fontsizeadjust-index.html
-,https://www.java2s.com/ref/javascript/javascript-css-fontstyle-index.html
-,https://www.java2s.com/ref/javascript/javascript-css-fontvariant-index.html
-,https://www.java2s.com/ref/javascript/javascript-css-fontweight-index.html
-,https://www.java2s.com/ref/javascript/javascript-css-height-index.html
-,https://www.java2s.com/ref/javascript/javascript-css-isolation-index.html
-,https://www.java2s.com/ref/javascript/javascript-css-justifycontent-index.html
-,https://www.java2s.com/ref/javascript/javascript-css-left-index.html
-,https://www.java2s.com/ref/javascript/javascript-css-letterspacing-index.html
-,https://www.java2s.com/ref/javascript/javascript-css-lineheight-index.html
-,https://www.java2s.com/ref/javascript/javascript-css-liststyle-index.html
-,https://www.java2s.com/ref/javascript/javascript-css-liststyleimage-index.html
-,https://www.java2s.com/ref/javascript/javascript-css-liststyleposition-index.html
-,https://www.java2s.com/ref/javascript/javascript-css-liststyletype-index.html
-,https://www.java2s.com/ref/javascript/javascript-css-margin-index.html
-,https://www.java2s.com/ref/javascript/javascript-css-marginbottom-index.html
-,https://www.java2s.com/ref/javascript/javascript-css-marginleft-index.html
-,https://www.java2s.com/ref/javascript/javascript-css-marginright-index.html
-,https://www.java2s.com/ref/javascript/javascript-css-margintop-index.html
-,https://www.java2s.com/ref/javascript/javascript-css-maxheight-index.html
-,https://www.java2s.com/ref/javascript/javascript-css-maxwidth-index.html
-,https://www.java2s.com/ref/javascript/javascript-css-minheight-index.html
-,https://www.java2s.com/ref/javascript/javascript-css-minwidth-index.html
-,https://www.java2s.com/ref/javascript/javascript-css-objectfit-index.html
-,https://www.java2s.com/ref/javascript/javascript-css-objectposition-index.html
-,https://www.java2s.com/ref/javascript/javascript-css-opacity-index.html
-,https://www.java2s.com/ref/javascript/javascript-css-order-index.html
-,https://www.java2s.com/ref/javascript/javascript-css-orphans-index.html
-,https://www.java2s.com/ref/javascript/javascript-css-outline-index.html
-,https://www.java2s.com/ref/javascript/javascript-css-outlinecolor-index.html
-,https://www.java2s.com/ref/javascript/javascript-css-outlineoffset-index.html
-,https://www.java2s.com/ref/javascript/javascript-css-outlinestyle-index.html
-,https://www.java2s.com/ref/javascript/javascript-css-outlinewidth-index.html
-,https://www.java2s.com/ref/javascript/javascript-css-overflow-index.html
-,https://www.java2s.com/ref/javascript/javascript-css-overflowx-index.html
-,https://www.java2s.com/ref/javascript/javascript-css-overflowy-index.html
-,https://www.java2s.com/ref/javascript/javascript-css-padding-index.html
-,https://www.java2s.com/ref/javascript/javascript-css-paddingbottom-index.html
-,https://www.java2s.com/ref/javascript/javascript-css-paddingleft-index.html
-,https://www.java2s.com/ref/javascript/javascript-css-paddingright-index.html
-,https://www.java2s.com/ref/javascript/javascript-css-paddingtop-index.html
-,https://www.java2s.com/ref/javascript/javascript-css-pagebreakafter-index.html
-,https://www.java2s.com/ref/javascript/javascript-css-pagebreakbefore-index.html
-,https://www.java2s.com/ref/javascript/javascript-css-pagebreakinside-index.html
-,https://www.java2s.com/ref/javascript/javascript-css-perspective-index.html
-,https://www.java2s.com/ref/javascript/javascript-css-perspectiveorigin-index.html
-,https://www.java2s.com/ref/javascript/javascript-css-position-index.html
-,https://www.java2s.com/ref/javascript/javascript-css-quotes-index.html
-,https://www.java2s.com/ref/javascript/javascript-css-resize-index.html
-,https://www.java2s.com/ref/javascript/javascript-css-right-index.html
-,https://www.java2s.com/ref/javascript/javascript-css-tablelayout-index.html
-,https://www.java2s.com/ref/javascript/javascript-css-tabsize-index.html
-,https://www.java2s.com/ref/javascript/javascript-css-textalign-index.html
-,https://www.java2s.com/ref/javascript/javascript-css-textalignlast-index.html
-,https://www.java2s.com/ref/javascript/javascript-css-textdecoration-index.html
-,https://www.java2s.com/ref/javascript/javascript-css-textdecorationcolor-index.html
-,https://www.java2s.com/ref/javascript/javascript-css-textdecorationline-index.html
-,https://www.java2s.com/ref/javascript/javascript-css-textdecorationstyle-index.html
-,https://www.java2s.com/ref/javascript/javascript-css-textindent-index.html
-,https://www.java2s.com/ref/javascript/javascript-css-textoverflow-index.html
-,https://www.java2s.com/ref/javascript/javascript-css-textshadow-index.html
-,https://www.java2s.com/ref/javascript/javascript-css-texttransform-index.html
-,https://www.java2s.com/ref/javascript/javascript-css-top-index.html
-,https://www.java2s.com/ref/javascript/javascript-css-transform-index.html
-,https://www.java2s.com/ref/javascript/javascript-css-transformorigin-index.html
-,https://www.java2s.com/ref/javascript/javascript-css-transformstyle-index.html
-,https://www.java2s.com/ref/javascript/javascript-css-transition-index.html
-,https://www.java2s.com/ref/javascript/javascript-css-transitiondelay-index.html
-,https://www.java2s.com/ref/javascript/javascript-css-transitionduration-index.html
-,https://www.java2s.com/ref/javascript/javascript-css-transitionproperty-index.html
-,https://www.java2s.com/ref/javascript/javascript-css-transitiontimingfunction-index.html
-,https://www.java2s.com/ref/javascript/javascript-css-unicodebidi-index.html
-,https://www.java2s.com/ref/javascript/javascript-css-userselect-index.html
-,https://www.java2s.com/ref/javascript/javascript-css-verticalalign-index.html
-,https://www.java2s.com/ref/javascript/javascript-css-visibility-index.html
-,https://www.java2s.com/ref/javascript/javascript-css-whitespace-index.html
-,https://www.java2s.com/ref/javascript/javascript-css-widows-index.html
-,https://www.java2s.com/ref/javascript/javascript-css-width-index.html
-,https://www.java2s.com/ref/javascript/javascript-css-wordbreak-index.html
-,https://www.java2s.com/ref/javascript/javascript-css-wordspacing-index.html
-,https://www.java2s.com/ref/javascript/javascript-css-wordwrap-index.html
-,https://www.java2s.com/ref/javascript/javascript-css-zindex-index.html
-,https://www.java2s.com/ref/javascript/javascript-dom-animationevent-index.html
-,https://www.java2s.com/ref/javascript/javascript-dom-event-index.html
-,https://www.java2s.com/ref/javascript/javascript-dom-focusevent-index.html
-,https://www.java2s.com/ref/javascript/javascript-dom-hashchangeevent-index.html
-,https://www.java2s.com/ref/javascript/javascript-dom-inputevent-index.html
-,https://www.java2s.com/ref/javascript/javascript-dom-keyboardevent-index.html
-,https://www.java2s.com/ref/javascript/javascript-dom-mouseevent-index.html
-,https://www.java2s.com/ref/javascript/javascript-dom-pagetransitionevent-index.html
-,https://www.java2s.com/ref/javascript/javascript-dom-storageevent-index.html
-,https://www.java2s.com/ref/javascript/javascript-dom-touchevent-index.html
-,https://www.java2s.com/ref/javascript/javascript-dom-transitionevent-index.html
-,https://www.java2s.com/ref/javascript/javascript-dom-wheelevent-index.html
-,https://www.java2s.com/ref/javascript/javascript-dom-animationend-index.html
-,https://www.java2s.com/ref/javascript/javascript-dom-animationiteration-index.html
-,https://www.java2s.com/ref/javascript/javascript-dom-animationstart-index.html
-,https://www.java2s.com/ref/javascript/javascript-dom-fullscreenchange-index.html
-,https://www.java2s.com/ref/javascript/javascript-dom-fullscreenerror-index.html
-,https://www.java2s.com/ref/javascript/javascript-dom-onabort-index.html
-,https://www.java2s.com/ref/javascript/javascript-dom-onafterprint-index.html
-,https://www.java2s.com/ref/javascript/javascript-dom-onbeforeprint-index.html
-,https://www.java2s.com/ref/javascript/javascript-dom-onbeforeunload-index.html
-,https://www.java2s.com/ref/javascript/javascript-dom-onblur-index.html
-,https://www.java2s.com/ref/javascript/javascript-dom-oncanplay-index.html
-,https://www.java2s.com/ref/javascript/javascript-dom-oncanplaythrough-index.html
-,https://www.java2s.com/ref/javascript/javascript-dom-onchange-index.html
-,https://www.java2s.com/ref/javascript/javascript-dom-onclick-index.html
-,https://www.java2s.com/ref/javascript/javascript-dom-oncontextmenu-index.html
-,https://www.java2s.com/ref/javascript/javascript-dom-oncopy-index.html
-,https://www.java2s.com/ref/javascript/javascript-dom-oncut-index.html
-,https://www.java2s.com/ref/javascript/javascript-dom-ondblclick-index.html
-,https://www.java2s.com/ref/javascript/javascript-dom-ondrag-index.html
-,https://www.java2s.com/ref/javascript/javascript-dom-ondragend-index.html
-,https://www.java2s.com/ref/javascript/javascript-dom-ondragenter-index.html
-,https://www.java2s.com/ref/javascript/javascript-dom-ondragleave-index.html
-,https://www.java2s.com/ref/javascript/javascript-dom-ondragover-index.html
-,https://www.java2s.com/ref/javascript/javascript-dom-ondragstart-index.html
-,https://www.java2s.com/ref/javascript/javascript-dom-ondrop-index.html
-,https://www.java2s.com/ref/javascript/javascript-dom-ondurationchange-index.html
-,https://www.java2s.com/ref/javascript/javascript-dom-onended-index.html
-,https://www.java2s.com/ref/javascript/javascript-dom-onerror-index.html
-,https://www.java2s.com/ref/javascript/javascript-dom-onfocus-index.html
-,https://www.java2s.com/ref/javascript/javascript-dom-onfocusin-index.html
-,https://www.java2s.com/ref/javascript/javascript-dom-onfocusout-index.html
-,https://www.java2s.com/ref/javascript/javascript-dom-onhashchange-index.html
-,https://www.java2s.com/ref/javascript/javascript-dom-oninput-index.html
-,https://www.java2s.com/ref/javascript/javascript-dom-oninvalid-index.html
-,https://www.java2s.com/ref/javascript/javascript-dom-onkeydown-index.html
-,https://www.java2s.com/ref/javascript/javascript-dom-onkeypress-index.html
-,https://www.java2s.com/ref/javascript/javascript-dom-onkeyup-index.html
-,https://www.java2s.com/ref/javascript/javascript-dom-onload-index.html
-,https://www.java2s.com/ref/javascript/javascript-dom-onloadeddata-index.html
-,https://www.java2s.com/ref/javascript/javascript-dom-onloadedmetadata-index.html
-,https://www.java2s.com/ref/javascript/javascript-dom-onloadstart-index.html
-,https://www.java2s.com/ref/javascript/javascript-dom-onmessage-index.html
-,https://www.java2s.com/ref/javascript/javascript-dom-onmousedown-index.html
-,https://www.java2s.com/ref/javascript/javascript-dom-onmouseenter-index.html
-,https://www.java2s.com/ref/javascript/javascript-dom-onmouseleave-index.html
-,https://www.java2s.com/ref/javascript/javascript-dom-onmousemove-index.html
-,https://www.java2s.com/ref/javascript/javascript-dom-onmouseout-index.html
-,https://www.java2s.com/ref/javascript/javascript-dom-onmouseover-index.html
-,https://www.java2s.com/ref/javascript/javascript-dom-onmouseup-index.html
-,https://www.java2s.com/ref/javascript/javascript-dom-onoffline-index.html
-,https://www.java2s.com/ref/javascript/javascript-dom-ononline-index.html
-,https://www.java2s.com/ref/javascript/javascript-dom-onopen-index.html
-,https://www.java2s.com/ref/javascript/javascript-dom-onpagehide-index.html
-,https://www.java2s.com/ref/javascript/javascript-dom-onpageshow-index.html
-,https://www.java2s.com/ref/javascript/javascript-dom-onpaste-index.html
-,https://www.java2s.com/ref/javascript/javascript-dom-onpause-index.html
-,https://www.java2s.com/ref/javascript/javascript-dom-onplay-index.html
-,https://www.java2s.com/ref/javascript/javascript-dom-onplaying-index.html
-,https://www.java2s.com/ref/javascript/javascript-dom-onprogress-index.html
-,https://www.java2s.com/ref/javascript/javascript-dom-onratechange-index.html
-,https://www.java2s.com/ref/javascript/javascript-dom-onreset-index.html
-,https://www.java2s.com/ref/javascript/javascript-dom-onresize-index.html
-,https://www.java2s.com/ref/javascript/javascript-dom-onscroll-index.html
-,https://www.java2s.com/ref/javascript/javascript-dom-onsearch-index.html
-,https://www.java2s.com/ref/javascript/javascript-dom-onseeked-index.html
-,https://www.java2s.com/ref/javascript/javascript-dom-onseeking-index.html
-,https://www.java2s.com/ref/javascript/javascript-dom-onselect-index.html
-,https://www.java2s.com/ref/javascript/javascript-dom-onshow-index.html
-,https://www.java2s.com/ref/javascript/javascript-dom-onstalled-index.html
-,https://www.java2s.com/ref/javascript/javascript-dom-onsubmit-index.html
-,https://www.java2s.com/ref/javascript/javascript-dom-onsuspend-index.html
-,https://www.java2s.com/ref/javascript/javascript-dom-ontimeupdate-index.html
-,https://www.java2s.com/ref/javascript/javascript-dom-ontoggle-index.html
-,https://www.java2s.com/ref/javascript/javascript-dom-onunload-index.html
-,https://www.java2s.com/ref/javascript/javascript-dom-onvolumechange-index.html
-,https://www.java2s.com/ref/javascript/javascript-dom-onwaiting-index.html
-,https://www.java2s.com/ref/javascript/javascript-dom-onwheel-index.html
-,https://www.java2s.com/ref/javascript/javascript-dom-storage-index.html
-,https://www.java2s.com/ref/javascript/javascript-dom-touchcancel-index.html
-,https://www.java2s.com/ref/javascript/javascript-dom-touchend-index.html
-,https://www.java2s.com/ref/javascript/javascript-dom-touchmove-index.html
-,https://www.java2s.com/ref/javascript/javascript-dom-touchstart-index.html
-,https://www.java2s.com/ref/javascript/javascript-dom-transitionend-index.html
-,https://www.java2s.com/ref/javascript/javascript-dom-abbreviation-index.html
-,https://www.java2s.com/ref/javascript/javascript-dom-address-index.html
-,https://www.java2s.com/ref/javascript/javascript-dom-anchor-index.html
-,https://www.java2s.com/ref/javascript/javascript-dom-area-index.html
-,https://www.java2s.com/ref/javascript/javascript-dom-article-index.html
-,https://www.java2s.com/ref/javascript/javascript-dom-aside-index.html
-,https://www.java2s.com/ref/javascript/javascript-dom-audio-index.html
-,https://www.java2s.com/ref/javascript/javascript-dom-base-index.html
-,https://www.java2s.com/ref/javascript/javascript-dom-bdo-index.html
-,https://www.java2s.com/ref/javascript/javascript-dom-blockquote-index.html
-,https://www.java2s.com/ref/javascript/javascript-dom-body-index.html
-,https://www.java2s.com/ref/javascript/javascript-dom-bold-index.html
-,https://www.java2s.com/ref/javascript/javascript-dom-br-index.html
-,https://www.java2s.com/ref/javascript/javascript-dom-button-index.html
-,https://www.java2s.com/ref/javascript/javascript-dom-canvas-index.html
-,https://www.java2s.com/ref/javascript/javascript-dom-caption-index.html
-,https://www.java2s.com/ref/javascript/javascript-dom-cite-index.html
-,https://www.java2s.com/ref/javascript/javascript-dom-code-index.html
-,https://www.java2s.com/ref/javascript/javascript-dom-column-index.html
-,https://www.java2s.com/ref/javascript/javascript-dom-columngroup-index.html
-,https://www.java2s.com/ref/javascript/javascript-dom-datalist-index.html
-,https://www.java2s.com/ref/javascript/javascript-dom-dd-index.html
-,https://www.java2s.com/ref/javascript/javascript-dom-del-index.html
-,https://www.java2s.com/ref/javascript/javascript-dom-details-index.html
-,https://www.java2s.com/ref/javascript/javascript-dom-dfn-index.html
-,https://www.java2s.com/ref/javascript/javascript-dom-dialog-index.html
-,https://www.java2s.com/ref/javascript/javascript-dom-div-index.html
-,https://www.java2s.com/ref/javascript/javascript-dom-dlist-index.html
-,https://www.java2s.com/ref/javascript/javascript-dom-document-index.html
-,https://www.java2s.com/ref/javascript/javascript-dom-dt-index.html
-,https://www.java2s.com/ref/javascript/javascript-dom-embed-index.html
-,https://www.java2s.com/ref/javascript/javascript-dom-emphasized-index.html
-,https://www.java2s.com/ref/javascript/javascript-dom-fieldset-index.html
-,https://www.java2s.com/ref/javascript/javascript-dom-figcaption-index.html
-,https://www.java2s.com/ref/javascript/javascript-dom-figure-index.html
-,https://www.java2s.com/ref/javascript/javascript-dom-footer-index.html
-,https://www.java2s.com/ref/javascript/javascript-dom-form-index.html
-,https://www.java2s.com/ref/javascript/javascript-dom-header-index.html
-,https://www.java2s.com/ref/javascript/javascript-dom-heading-index.html
-,https://www.java2s.com/ref/javascript/javascript-dom-hr-index.html
-,https://www.java2s.com/ref/javascript/javascript-dom-html-index.html
-,https://www.java2s.com/ref/javascript/javascript-dom-iframe-index.html
-,https://www.java2s.com/ref/javascript/javascript-dom-image-index.html
-,https://www.java2s.com/ref/javascript/javascript-dom-input-button-index.html
-,https://www.java2s.com/ref/javascript/javascript-dom-input-checkbox-index.html
-,https://www.java2s.com/ref/javascript/javascript-dom-input-color-index.html
-,https://www.java2s.com/ref/javascript/javascript-dom-input-date-index.html
-,https://www.java2s.com/ref/javascript/javascript-dom-input-datetime-index.html
-,https://www.java2s.com/ref/javascript/javascript-dom-input-datetimelocal-index.html
-,https://www.java2s.com/ref/javascript/javascript-dom-input-email-index.html
-,https://www.java2s.com/ref/javascript/javascript-dom-input-fileupload-index.html
-,https://www.java2s.com/ref/javascript/javascript-dom-input-hidden-index.html
-,https://www.java2s.com/ref/javascript/javascript-dom-input-month-index.html
-,https://www.java2s.com/ref/javascript/javascript-dom-input-number-index.html
-,https://www.java2s.com/ref/javascript/javascript-dom-input-password-index.html
-,https://www.java2s.com/ref/javascript/javascript-dom-input-radio-index.html
-,https://www.java2s.com/ref/javascript/javascript-dom-input-range-index.html
-,https://www.java2s.com/ref/javascript/javascript-dom-input-reset-index.html
-,https://www.java2s.com/ref/javascript/javascript-dom-input-search-index.html
-,https://www.java2s.com/ref/javascript/javascript-dom-input-submit-index.html
-,https://www.java2s.com/ref/javascript/javascript-dom-input-text-index.html
-,https://www.java2s.com/ref/javascript/javascript-dom-input-time-index.html
-,https://www.java2s.com/ref/javascript/javascript-dom-input-url-index.html
-,https://www.java2s.com/ref/javascript/javascript-dom-input-week-index.html
-,https://www.java2s.com/ref/javascript/javascript-dom-ins-index.html
-,https://www.java2s.com/ref/javascript/javascript-dom-italic-index.html
-,https://www.java2s.com/ref/javascript/javascript-dom-kbd-index.html
-,https://www.java2s.com/ref/javascript/javascript-dom-label-index.html
-,https://www.java2s.com/ref/javascript/javascript-dom-legend-index.html
-,https://www.java2s.com/ref/javascript/javascript-dom-li-index.html
-,https://www.java2s.com/ref/javascript/javascript-dom-link-index.html
-,https://www.java2s.com/ref/javascript/javascript-dom-map-index.html
-,https://www.java2s.com/ref/javascript/javascript-dom-mark-index.html
-,https://www.java2s.com/ref/javascript/javascript-dom-menu-index.html
-,https://www.java2s.com/ref/javascript/javascript-dom-menuitem-index.html
-,https://www.java2s.com/ref/javascript/javascript-dom-meta-index.html
-,https://www.java2s.com/ref/javascript/javascript-dom-meter-index.html
-,https://www.java2s.com/ref/javascript/javascript-dom-nav-index.html
-,https://www.java2s.com/ref/javascript/javascript-dom-object-index.html
-,https://www.java2s.com/ref/javascript/javascript-dom-ol-index.html
-,https://www.java2s.com/ref/javascript/javascript-dom-option-index.html
-,https://www.java2s.com/ref/javascript/javascript-dom-optiongroup-index.html
-,https://www.java2s.com/ref/javascript/javascript-dom-output-index.html
-,https://www.java2s.com/ref/javascript/javascript-dom-paragraph-index.html
-,https://www.java2s.com/ref/javascript/javascript-dom-parameter-index.html
-,https://www.java2s.com/ref/javascript/javascript-dom-pre-index.html
-,https://www.java2s.com/ref/javascript/javascript-dom-progress-index.html
-,https://www.java2s.com/ref/javascript/javascript-dom-quote-index.html
-,https://www.java2s.com/ref/javascript/javascript-dom-s-index.html
-,https://www.java2s.com/ref/javascript/javascript-dom-samp-index.html
-,https://www.java2s.com/ref/javascript/javascript-dom-script-index.html
-,https://www.java2s.com/ref/javascript/javascript-dom-section-index.html
-,https://www.java2s.com/ref/javascript/javascript-dom-select-index.html
-,https://www.java2s.com/ref/javascript/javascript-dom-small-index.html
-,https://www.java2s.com/ref/javascript/javascript-dom-source-index.html
-,https://www.java2s.com/ref/javascript/javascript-dom-span-index.html
-,https://www.java2s.com/ref/javascript/javascript-dom-strong-index.html
-,https://www.java2s.com/ref/javascript/javascript-dom-subscript-index.html
-,https://www.java2s.com/ref/javascript/javascript-dom-summary-index.html
-,https://www.java2s.com/ref/javascript/javascript-dom-superscript-index.html
-,https://www.java2s.com/ref/javascript/javascript-dom-table-index.html
-,https://www.java2s.com/ref/javascript/javascript-dom-tabledata-index.html
-,https://www.java2s.com/ref/javascript/javascript-dom-tableheader-index.html
-,https://www.java2s.com/ref/javascript/javascript-dom-tablerow-index.html
-,https://www.java2s.com/ref/javascript/javascript-dom-tbody-index.html
-,https://www.java2s.com/ref/javascript/javascript-dom-textarea-index.html
-,https://www.java2s.com/ref/javascript/javascript-dom-tfoot-index.html
-,https://www.java2s.com/ref/javascript/javascript-dom-thead-index.html
-,https://www.java2s.com/ref/javascript/javascript-dom-time-index.html
-,https://www.java2s.com/ref/javascript/javascript-dom-title-index.html
-,https://www.java2s.com/ref/javascript/javascript-dom-ul-index.html
-,https://www.java2s.com/ref/javascript/javascript-dom-underline-index.html
-,https://www.java2s.com/ref/javascript/javascript-dom-variable-index.html
-,https://www.java2s.com/ref/javascript/javascript-dom-video-index.html
-,https://www.java2s.com/Tutorials/Java/java.nio.file/Files/0140__Files.createFile_Path_path_FileAttribute_lt_gt_attrs_.htm
-,https://www.java2s.com/Tutorials/Java/java.nio.file/Files/0220__Files.createTempDirectory_String_prefix_FileAttribute_lt_gt_attrs_.htm
-,https://www.java2s.com/Tutorials/Java/java.nio.file/Files/0260__Files.createTempFile_String_prefix_String_suffix_FileAttribute_lt_gt_attrs_.htm
-,https://www.java2s.com/Tutorials/Java/java.util/ArrayList/0080__ArrayList.ArrayList_int_initialCapacity_.htm
-,https://www.java2s.com/Tutorials/Java/java.util/ArrayList/0100__ArrayList.add_E_e_.htm
-,https://www.java2s.com/Tutorials/Java/java.util/ArrayList/0120__ArrayList.add_int_index_E_element_.htm
-,https://www.java2s.com/Tutorials/Java/java.util/ArrayList/0140__ArrayList.addAll_Collection_lt_extends_E_gt_c_.htm
-,https://www.java2s.com/Tutorials/Java/java.util/ArrayList/0160__ArrayList.addAll_int_index_Collection_lt_extends_E_gt_c_.htm
-,https://www.java2s.com/Tutorials/Java/java.util/ArrayList/0180__ArrayList.clear_.htm
-,https://www.java2s.com/Tutorials/Java/java.util/ArrayList/0200__ArrayList.clone_.htm
-,https://www.java2s.com/Tutorials/Java/java.util/ArrayList/0220__ArrayList.contains_Object_o_.htm
-,https://www.java2s.com/Tutorials/Java/java.util/ArrayList/0240__ArrayList.ensureCapacity_int_minCapacity_.htm
-,https://www.java2s.com/Tutorials/Java/java.util/ArrayList/0260__ArrayList.get_int_index_.htm
-,https://www.java2s.com/Tutorials/Java/java.util/ArrayList/0280__ArrayList.indexOf_Object_o_.htm
-,https://www.java2s.com/Tutorials/Java/java.util/ArrayList/0300__ArrayList.isEmpty_.htm
-,https://www.java2s.com/Tutorials/Java/java.util/ArrayList/0320__ArrayList.iterator_.htm
-,https://www.java2s.com/Tutorials/Java/java.util/ArrayList/0340__ArrayList.lastIndexOf_Object_o_.htm
-,https://www.java2s.com/Tutorials/Java/java.util/ArrayList/0360__ArrayList.listIterator_.htm
-,https://www.java2s.com/Tutorials/Java/java.util/ArrayList/0380__ArrayList.listIterator_int_index_.htm
-,https://www.java2s.com/Tutorials/Java/java.util/ArrayList/0400__ArrayList.remove_int_index_.htm
-,https://www.java2s.com/Tutorials/Java/java.util/ArrayList/0420__ArrayList.remove_Object_o_.htm
-,https://www.java2s.com/Tutorials/Java/java.util/ArrayList/0440__ArrayList.removeAll_Collection_lt_gt_c_.htm
-,https://www.java2s.com/Tutorials/Java/java.util/Collections/0120__Collections.asLifoQueue_Deque_lt_T_gt_deque_.htm
-,https://www.java2s.com/Tutorials/Java/java.util/Collections/0140__Collections.binarySearch_List_lt_extends_Comparable_lt_super_T_gt_gt_list_T_key_.htm
-,https://www.java2s.com/Tutorials/Java/java.util/Collections/0160__Collections.binarySearch_List_lt_extends_T_gt_list_T_key_Comparator_lt_super_T_gt_c_.htm
-,https://www.java2s.com/Tutorials/Java/java.util/Collections/0180__Collections.checkedCollection_Collection_lt_E_gt_c_Class_lt_E_gt_type_.htm
-,https://www.java2s.com/Tutorials/Java/java.util/Collections/0200__Collections.checkedList_List_lt_E_gt_list_Class_lt_E_gt_type_.htm
-,https://www.java2s.com/Tutorials/Java/java.util/Collections/0220__Collections.checkedMap_Map_lt_K_V_gt_m_Class_lt_K_gt_keyType_Class_lt_V_gt_valueType_.htm
-,https://www.java2s.com/Tutorials/Java/java.util/Collections/0240__Collections.checkedSet_Set_lt_E_gt_s_Class_lt_E_gt_type_.htm
-,https://www.java2s.com/Tutorials/Java/java.util/Collections/0260__Collections.checkedSortedMap_SortedMap_lt_K_V_gt_m_Class_lt_K_gt_keyType_Class_lt_V_gt_valueType_.htm
-,https://www.java2s.com/Tutorials/Java/java.util/Collections/0280__Collections.checkedSortedSet_SortedSet_lt_E_gt_s_Class_lt_E_gt_type_.htm
-,https://www.java2s.com/Tutorials/Java/java.util/Collections/0300__Collections.copy_List_lt_super_T_gt_dest_List_lt_extends_T_gt_src_.htm
-,https://www.java2s.com/Tutorials/Java/java.util/Collections/0320__Collections.disjoint_Collection_lt_gt_c1_Collection_lt_gt_c2_.htm
-,https://www.java2s.com/Tutorials/Java/java.util/Collections/0340__Collections.emptyEnumeration_.htm
-,https://www.java2s.com/Tutorials/Java/java.util/Collections/0360__Collections.emptyIterator_.htm
-,https://www.java2s.com/Tutorials/Java/java.util/Collections/0380__Collections.emptyList_.htm
-,https://www.java2s.com/Tutorials/Java/java.util/Collections/0400__Collections.emptyListIterator_.htm
-,https://www.java2s.com/Tutorials/Java/java.util/Collections/0420__Collections.emptyMap_.htm
-,https://www.java2s.com/Tutorials/Java/java.util/Collections/0440__Collections.emptySet_.htm
-,https://www.java2s.com/Tutorials/Java/java.util/Collections/0460__Collections.enumeration_Collection_lt_T_gt_c_.htm
-,https://www.java2s.com/Tutorials/Java/java.util/Collections/0480__Collections.fill_List_lt_super_T_gt_list_T_obj_.htm
-,https://www.java2s.com/Tutorials/Java/java.util/Collections/0500__Collections.frequency_Collection_lt_gt_c_Object_o_.htm
-,https://www.java2s.com/Tutorials/Java/java.util/Collections/0600__Collections.max_Collection_lt_extends_T_gt_coll_Comparator_lt_super_T_gt_comp_.htm
-,https://www.java2s.com/Tutorials/Java/java.util/Collections/0620__Collections.min_Collection_lt_extends_T_gt_coll_.htm
-,https://www.java2s.com/Tutorials/Java/java.util/Collections/0640__Collections.min_Collection_lt_extends_T_gt_coll_Comparator_lt_super_T_gt_comp_.htm
-,https://www.java2s.com/Tutorials/Java/java.util/Collections/0660__Collections.nCopies_int_n_T_o_.htm
-,https://www.java2s.com/Tutorials/Java/java.util/Collections/0680__Collections.newSetFromMap_Map_lt_E_Boolean_gt_map_.htm
-,https://www.java2s.com/Tutorials/Java/java.util/Collections/0700__Collections.replaceAll_List_lt_T_gt_list_T_oldVal_T_newVal_.htm
-,https://www.java2s.com/Tutorials/Java/java.util/Collections/0720__Collections.reverse_List_lt_gt_list_.htm
-,https://www.java2s.com/Tutorials/Java/java.util/Collections/0800__Collections.shuffle_List_lt_gt_list_.htm
-,https://www.java2s.com/Tutorials/Java/java.util/Collections/0840__Collections.singleton_T_o_.htm
-,https://www.java2s.com/Tutorials/Java/java.util/Collections/0860__Collections.singletonList_T_o_.htm
-,https://www.java2s.com/Tutorials/Java/java.util/Collections/0880__Collections.singletonMap_K_key_V_value_.htm
-,https://www.java2s.com/Tutorials/Java/java.util/Collections/0900__Collections.sort_List_lt_T_gt_list_.htm
-,https://www.java2s.com/Tutorials/Java/java.util/Collections/0920__Collections.sort_List_lt_T_gt_list_Comparator_lt_super_T_gt_c_.htm
-,https://www.java2s.com/Tutorials/Java/java.util/Collections/0940__Collections.swap_List_lt_gt_list_int_i_int_j_.htm
-,https://www.java2s.com/Tutorials/Java/java.util/List/0100__List.addAll_int_index_Collection_lt_extends_E_gt_c_.htm
-,https://www.java2s.com/Tutorials/Java/java.util/List/0120__List.clear_.htm
-,https://www.java2s.com/Tutorials/Java/java.util/List/0140__List.contains_Object_o_.htm
-,https://www.java2s.com/Tutorials/Java/java.util/List/0160__List.containsAll_Collection_lt_gt_c_.htm
-,https://www.java2s.com/Tutorials/Java/java.util/List/0420__List.retainAll_Collection_lt_gt_c_.htm
-,https://www.java2s.com/Tutorials/Java/java.util/Set/0080__Set.clear_.htm
-,https://www.java2s.com/Tutorials/Java/java.util/Set/0100__Set.contains_Object_o_.htm
-,https://www.java2s.com/Tutorials/Java/java.util/Set/0120__Set.containsAll_Collection_lt_gt_c_.htm
-,https://www.java2s.com/Tutorials/Java/java.util/Set/0260__Set.retainAll_Collection_lt_gt_c_.htm
-,https://www.java2s.com/Tutorials/Java/java.util/Vector/0140__Vector.Vector_int_initialCapacity_.htm
-,https://www.java2s.com/Tutorials/Java/java.util/Vector/0160__Vector.Vector_int_initialCapacity_int_capacityIncrement_.htm
-,https://www.java2s.com/Tutorials/Java/java.util/Vector/0180__Vector.add_E_e_.htm
-,https://www.java2s.com/Tutorials/Java/java.util/Vector/0200__Vector.add_int_index_E_element_.htm
-,https://www.java2s.com/Tutorials/Java/java.util/Vector/0220__Vector.addAll_Collection_lt_extends_E_gt_c_.htm
-,https://www.java2s.com/Tutorials/Java/java.util/Vector/0240__Vector.addAll_int_index_Collection_lt_extends_E_gt_c_.htm
-,https://www.java2s.com/Tutorials/Java/java.util/Vector/0260__Vector.addElement_E_obj_.htm
-,https://www.java2s.com/Tutorials/Java/java.util/Vector/0280__Vector.capacity_.htm
-,https://www.java2s.com/Tutorials/Java/java.util/Vector/0300__Vector.clear_.htm
-,https://www.java2s.com/Tutorials/Java/java.util/Vector/0320__Vector.clone_.htm
-,https://www.java2s.com/Tutorials/Java/java.util/Vector/0340__Vector.contains_Object_o_.htm
-,https://www.java2s.com/Tutorials/Java/java.util/Vector/0360__Vector.containsAll_Collection_lt_gt_c_.htm
-,https://www.java2s.com/Tutorials/Java/java.util/Vector/0800__Vector.removeAllElements_.htm
-,https://www.java2s.com/Tutorials/Java/java.util/Vector/0820__Vector.removeElement_Object_obj_.htm
-,https://www.java2s.com/Tutorials/Java/java.util/Vector/0840__Vector.removeElementAt_int_index_.htm
-,https://www.java2s.com/Tutorials/Java/java.util/Vector/0880__Vector.retainAll_Collection_lt_gt_c_.htm
-,https://www.java2s.com/Tutorials/Java/java.lang/Class/0280__Class.getConstructors_.htm
-,https://www.java2s.com/Tutorials/Java/java.lang/Class/0300__Class.getDeclaredAnnotations_.htm
-,https://www.java2s.com/Tutorials/Java/java.lang/Class/0320__Class.getDeclaredClasses_.htm
-,https://www.java2s.com/Tutorials/Java/java.lang/Class/0340__Class.getDeclaredConstructor_Class_lt_gt_parameterTypes_.htm
-,https://www.java2s.com/Tutorials/Java/java.lang/Class/0440__Class.getDeclaredMethods_.htm
-,https://www.java2s.com/Tutorials/Java/java.lang/Class/0460__Class.getDeclaringClass_.htm
-,https://www.java2s.com/Tutorials/Java/java.lang/Class/0480__Class.getEnclosingClass_.htm
-,https://www.java2s.com/Tutorials/Java/java.lang/Class/0500__Class.getEnclosingConstructor_.htm
-,https://www.java2s.com/Tutorials/Java/java.lang/Class/0520__Class.getEnclosingMethod_.htm
-,https://www.java2s.com/Tutorials/Java/java.lang/Class/0540__Class.getEnumConstants_.htm
-,https://www.java2s.com/Tutorials/Java/java.lang/Class/0560__Class.getField_String_name_.htm
-,https://www.java2s.com/Tutorials/Java/java.lang/Class/0580__Class.getFields_.htm
-,https://www.java2s.com/Tutorials/Java/java.lang/Class/0600__Class.getGenericInterfaces_.htm
-,https://www.java2s.com/Tutorials/Java/java.lang/Class/0620__Class.getGenericSuperclass_.htm
-,https://www.java2s.com/Tutorials/Java/java.lang/Class/0640__Class.getInterfaces_.htm
-,https://www.java2s.com/Tutorials/Java/java.lang/Class/0660__Class.getMethod_String_name_Class_lt_gt_parameterTypes_.htm
-,https://www.java2s.com/Tutorials/Java/java.lang/Class/0940__Class.isAnonymousClass_.htm
-,https://www.java2s.com/Tutorials/Java/java.lang/Class/0960__Class.isArray_.htm
-,https://www.java2s.com/Tutorials/Java/java.lang/Class/0980__Class.isAssignableFrom_Class_lt_gt_cls_.htm
-,https://www.java2s.com/Tutorials/Java/java.lang.reflect/Array/0260__Array.newInstance_Class_lt_gt_componentType_int_length_.htm
java-utility-method-java-utility-method,https://www.java2s.com/example/java-utility-method/java-utility-method.html
java-api-java-api,https://www.java2s.com/example/java-api/java-api.html
java-java,https://www.java2s.com/example/java/java.html
java-book-java,https://www.java2s.com/example/java-book/java.html
javascript-book-html5-game,https://www.java2s.com/example/javascript-book/html5-game.html
javascript-javascript,https://www.java2s.com/example/javascript/javascript.html
javascript-book-javascript,https://www.java2s.com/example/javascript-book/javascript.html
java-utility-method-abs-index-0,https://www.java2s.com/example/java-utility-method/abs-index-0.html
java-utility-method-abstractmap-usage-index-0,https://www.java2s.com/example/java-utility-method/abstractmap-usage-index-0.html
java-utility-method-acos-index-0,https://www.java2s.com/example/java-utility-method/acos-index-0.html
java-utility-method-acosh-index-0,https://www.java2s.com/example/java-utility-method/acosh-index-0.html
java-utility-method-acot-index-0,https://www.java2s.com/example/java-utility-method/acot-index-0.html
java-utility-method-activation-mimetype-check-index-0,https://www.java2s.com/example/java-utility-method/activation-mimetype-check-index-0.html
java-utility-method-aes-index-0,https://www.java2s.com/example/java-utility-method/aes-index-0.html
java-utility-method-aes-descrypt-index-0,https://www.java2s.com/example/java-utility-method/aes-descrypt-index-0.html
java-utility-method-aes-encrypt-index-0,https://www.java2s.com/example/java-utility-method/aes-encrypt-index-0.html
java-utility-method-age-calculate-index-0,https://www.java2s.com/example/java-utility-method/age-calculate-index-0.html
java-utility-method-amazon-s3-index-0,https://www.java2s.com/example/java-utility-method/amazon-s3-index-0.html
java-utility-method-angle-index-0,https://www.java2s.com/example/java-utility-method/angle-index-0.html
java-utility-method-angle-between-index-0,https://www.java2s.com/example/java-utility-method/angle-between-index-0.html
java-utility-method-angle-calculate-index-0,https://www.java2s.com/example/java-utility-method/angle-calculate-index-0.html
java-utility-method-angle-difference-index-0,https://www.java2s.com/example/java-utility-method/angle-difference-index-0.html
java-utility-method-angle-from-point-index-0,https://www.java2s.com/example/java-utility-method/angle-from-point-index-0.html
java-utility-method-angle-reduce-index-0,https://www.java2s.com/example/java-utility-method/angle-reduce-index-0.html
java-utility-method-angle-to-degree-index-0,https://www.java2s.com/example/java-utility-method/angle-to-degree-index-0.html
java-utility-method-area-intersect-index-0,https://www.java2s.com/example/java-utility-method/area-intersect-index-0.html
java-utility-method-args-parse-index-0,https://www.java2s.com/example/java-utility-method/args-parse-index-0.html
java-utility-method-array-index-0,https://www.java2s.com/example/java-utility-method/array-index-0.html
java-utility-method-array-absolute-value-index-0,https://www.java2s.com/example/java-utility-method/array-absolute-value-index-0.html
java-utility-method-array-add-index-0,https://www.java2s.com/example/java-utility-method/array-add-index-0.html
java-utility-method-array-append-index-0,https://www.java2s.com/example/java-utility-method/array-append-index-0.html
java-utility-method-array-average-index-0,https://www.java2s.com/example/java-utility-method/array-average-index-0.html
java-utility-method-array-boolean-operation-index-0,https://www.java2s.com/example/java-utility-method/array-boolean-operation-index-0.html
java-utility-method-array-capacity-index-0,https://www.java2s.com/example/java-utility-method/array-capacity-index-0.html
java-utility-method-array-cast-index-0,https://www.java2s.com/example/java-utility-method/array-cast-index-0.html
java-utility-method-array-chomp-index-0,https://www.java2s.com/example/java-utility-method/array-chomp-index-0.html
java-utility-method-array-clear-index-0,https://www.java2s.com/example/java-utility-method/array-clear-index-0.html
java-utility-method-array-clone-index-0,https://www.java2s.com/example/java-utility-method/array-clone-index-0.html
java-utility-method-array-combine-index-0,https://www.java2s.com/example/java-utility-method/array-combine-index-0.html
java-utility-method-array-common-prefix-index-0,https://www.java2s.com/example/java-utility-method/array-common-prefix-index-0.html
java-utility-method-array-compare-index-0,https://www.java2s.com/example/java-utility-method/array-compare-index-0.html
java-utility-method-array-concatenate-index-0,https://www.java2s.com/example/java-utility-method/array-concatenate-index-0.html
java-utility-method-array-contain-index-0,https://www.java2s.com/example/java-utility-method/array-contain-index-0.html
java-utility-method-array-convert-to-index-0,https://www.java2s.com/example/java-utility-method/array-convert-to-index-0.html
java-utility-method-array-copy-index-0,https://www.java2s.com/example/java-utility-method/array-copy-index-0.html
java-utility-method-array-covariance-index-0,https://www.java2s.com/example/java-utility-method/array-covariance-index-0.html
java-utility-method-array-create-index-0,https://www.java2s.com/example/java-utility-method/array-create-index-0.html
java-utility-method-array-cross-product-index-0,https://www.java2s.com/example/java-utility-method/array-cross-product-index-0.html
java-utility-method-array-deep-copy-index-0,https://www.java2s.com/example/java-utility-method/array-deep-copy-index-0.html
java-utility-method-array-deep-equal-index-0,https://www.java2s.com/example/java-utility-method/array-deep-equal-index-0.html
java-utility-method-array-deep-hash-code-index-0,https://www.java2s.com/example/java-utility-method/array-deep-hash-code-index-0.html
java-utility-method-array-deep-to-string-index-0,https://www.java2s.com/example/java-utility-method/array-deep-to-string-index-0.html
java-utility-method-array-delete-index-0,https://www.java2s.com/example/java-utility-method/array-delete-index-0.html
java-utility-method-array-difference-index-0,https://www.java2s.com/example/java-utility-method/array-difference-index-0.html
java-utility-method-array-different-index-0,https://www.java2s.com/example/java-utility-method/array-different-index-0.html
java-utility-method-array-dimension-get-index-0,https://www.java2s.com/example/java-utility-method/array-dimension-get-index-0.html
java-utility-method-array-distance-index-0,https://www.java2s.com/example/java-utility-method/array-distance-index-0.html
java-utility-method-array-divide-index-0,https://www.java2s.com/example/java-utility-method/array-divide-index-0.html
java-utility-method-array-dot-product-index-0,https://www.java2s.com/example/java-utility-method/array-dot-product-index-0.html
java-utility-method-array-dump-index-0,https://www.java2s.com/example/java-utility-method/array-dump-index-0.html
java-utility-method-array-duplicate-index-0,https://www.java2s.com/example/java-utility-method/array-duplicate-index-0.html
java-utility-method-array-element-get-index-0,https://www.java2s.com/example/java-utility-method/array-element-get-index-0.html
java-utility-method-array-empty-check-index-0,https://www.java2s.com/example/java-utility-method/array-empty-check-index-0.html
java-utility-method-array-equal-index-0,https://www.java2s.com/example/java-utility-method/array-equal-index-0.html
java-utility-method-array-extract-index-0,https://www.java2s.com/example/java-utility-method/array-extract-index-0.html
java-utility-method-array-fill-index-0,https://www.java2s.com/example/java-utility-method/array-fill-index-0.html
java-utility-method-array-find-index-0,https://www.java2s.com/example/java-utility-method/array-find-index-0.html
java-utility-method-array-flatten-index-0,https://www.java2s.com/example/java-utility-method/array-flatten-index-0.html
java-utility-method-array-flip-index-0,https://www.java2s.com/example/java-utility-method/array-flip-index-0.html
java-utility-method-array-from-index-0,https://www.java2s.com/example/java-utility-method/array-from-index-0.html
java-utility-method-array-has-index-0,https://www.java2s.com/example/java-utility-method/array-has-index-0.html
java-utility-method-array-hash-code-index-0,https://www.java2s.com/example/java-utility-method/array-hash-code-index-0.html
java-utility-method-array-implode-index-0,https://www.java2s.com/example/java-utility-method/array-implode-index-0.html
java-utility-method-array-index-of-index-0,https://www.java2s.com/example/java-utility-method/array-index-of-index-0.html
java-utility-method-array-interpolate-index-0,https://www.java2s.com/example/java-utility-method/array-interpolate-index-0.html
java-utility-method-array-intersect-index-0,https://www.java2s.com/example/java-utility-method/array-intersect-index-0.html
java-utility-method-array-invert-index-0,https://www.java2s.com/example/java-utility-method/array-invert-index-0.html
java-utility-method-array-join-index-0,https://www.java2s.com/example/java-utility-method/array-join-index-0.html
java-utility-method-array-last-index-of-index-0,https://www.java2s.com/example/java-utility-method/array-last-index-of-index-0.html
java-utility-method-array-length-get-index-0,https://www.java2s.com/example/java-utility-method/array-length-get-index-0.html
java-utility-method-array-match-index-0,https://www.java2s.com/example/java-utility-method/array-match-index-0.html
java-utility-method-array-max-value-index-0,https://www.java2s.com/example/java-utility-method/array-max-value-index-0.html
java-utility-method-array-merge-index-0,https://www.java2s.com/example/java-utility-method/array-merge-index-0.html
java-utility-method-array-min-value-index-0,https://www.java2s.com/example/java-utility-method/array-min-value-index-0.html
java-utility-method-array-minus-index-0,https://www.java2s.com/example/java-utility-method/array-minus-index-0.html
java-utility-method-array-move-index-0,https://www.java2s.com/example/java-utility-method/array-move-index-0.html
java-utility-method-array-multiply-index-0,https://www.java2s.com/example/java-utility-method/array-multiply-index-0.html
java-utility-method-array-normalize-index-0,https://www.java2s.com/example/java-utility-method/array-normalize-index-0.html
java-utility-method-array-null-element-index-0,https://www.java2s.com/example/java-utility-method/array-null-element-index-0.html
java-utility-method-array-one-dimension-to-two-dimension-index-0,https://www.java2s.com/example/java-utility-method/array-one-dimension-to-two-dimension-index-0.html
java-utility-method-array-output-index-0,https://www.java2s.com/example/java-utility-method/array-output-index-0.html
java-utility-method-array-permute-index-0,https://www.java2s.com/example/java-utility-method/array-permute-index-0.html
java-utility-method-array-print-index-0,https://www.java2s.com/example/java-utility-method/array-print-index-0.html
java-utility-method-array-range-copy-index-0,https://www.java2s.com/example/java-utility-method/array-range-copy-index-0.html
java-utility-method-array-region-match-index-0,https://www.java2s.com/example/java-utility-method/array-region-match-index-0.html
java-utility-method-array-remove-index-0,https://www.java2s.com/example/java-utility-method/array-remove-index-0.html
java-utility-method-array-replace-index-0,https://www.java2s.com/example/java-utility-method/array-replace-index-0.html
java-utility-method-array-resize-index-0,https://www.java2s.com/example/java-utility-method/array-resize-index-0.html
java-utility-method-array-reverse-index-0,https://www.java2s.com/example/java-utility-method/array-reverse-index-0.html
java-utility-method-array-rotate-index-0,https://www.java2s.com/example/java-utility-method/array-rotate-index-0.html
java-utility-method-array-scale-index-0,https://www.java2s.com/example/java-utility-method/array-scale-index-0.html
java-utility-method-array-search-index-0,https://www.java2s.com/example/java-utility-method/array-search-index-0.html
java-utility-method-array-shift-index-0,https://www.java2s.com/example/java-utility-method/array-shift-index-0.html
java-utility-method-array-shorten-index-0,https://www.java2s.com/example/java-utility-method/array-shorten-index-0.html
java-utility-method-array-shuffle-index-0,https://www.java2s.com/example/java-utility-method/array-shuffle-index-0.html
java-utility-method-array-size-get-index-0,https://www.java2s.com/example/java-utility-method/array-size-get-index-0.html
java-utility-method-array-slice-index-0,https://www.java2s.com/example/java-utility-method/array-slice-index-0.html
java-utility-method-array-sort-index-0,https://www.java2s.com/example/java-utility-method/array-sort-index-0.html
java-utility-method-array-split-index-0,https://www.java2s.com/example/java-utility-method/array-split-index-0.html
java-utility-method-array-start-with-index-0,https://www.java2s.com/example/java-utility-method/array-start-with-index-0.html
java-utility-method-array-starts-with-index-0,https://www.java2s.com/example/java-utility-method/array-starts-with-index-0.html
java-utility-method-array-sub-array-index-0,https://www.java2s.com/example/java-utility-method/array-sub-array-index-0.html
java-utility-method-array-subtract-index-0,https://www.java2s.com/example/java-utility-method/array-subtract-index-0.html
java-utility-method-array-sum-index-0,https://www.java2s.com/example/java-utility-method/array-sum-index-0.html
java-utility-method-array-sum-square-index-0,https://www.java2s.com/example/java-utility-method/array-sum-square-index-0.html
java-utility-method-array-swap-index-0,https://www.java2s.com/example/java-utility-method/array-swap-index-0.html
java-utility-method-array-to-arraylist-index-0,https://www.java2s.com/example/java-utility-method/array-to-arraylist-index-0.html
java-utility-method-array-to-collection-index-0,https://www.java2s.com/example/java-utility-method/array-to-collection-index-0.html
java-utility-method-array-to-csv-index-0,https://www.java2s.com/example/java-utility-method/array-to-csv-index-0.html
java-utility-method-array-to-delimited-string-index-0,https://www.java2s.com/example/java-utility-method/array-to-delimited-string-index-0.html
java-utility-method-array-to-hex-string-index-0,https://www.java2s.com/example/java-utility-method/array-to-hex-string-index-0.html
java-utility-method-array-to-iterable-index-0,https://www.java2s.com/example/java-utility-method/array-to-iterable-index-0.html
java-utility-method-array-to-list-index-0,https://www.java2s.com/example/java-utility-method/array-to-list-index-0.html
