(thin),http://www.java2s.com:80/Tutorial/Java/0020__Language/0020__Introduction.htm,20070302105156
(thin),https://www.java2s.com/Tutorial/Java/0020__Language/0020__Introduction.html,20260510183204
(thin),http://www.java2s.com:80/Tutorial/Java/0020__Language/0040__Java-Keywords.htm,20070302083205
(thin),https://www.java2s.com/Tutorial/Java/0020__Language/0040__Java-Keywords.html,20260519154425
(thin),http://www.java2s.com:80/Tutorial/Java/0020__Language/0050__Jar.htm,20081201035005
(thin),https://www.java2s.com/Tutorial/Java/0020__Language/0050__Jar.html,20260516110807
(thin),http://www.java2s.com:80/Tutorial/Java/0020__Language/0060__Comments.htm,20070525054616
(thin),https://www.java2s.com/Tutorial/Java/0020__Language/0060__Comments.html,20260518131402
(thin),http://www.java2s.com:80/Tutorial/Java/0020__Language/0070__Javadoc.htm,20080801235333
(thin),http://www.java2s.com:80/Tutorial/Java/0020__Language/0080__Constant.htm,20070513042743
(thin),https://www.java2s.com/Tutorial/Java/0020__Language/0080__Constant.html,20260520221015
(thin),http://www.java2s.com:80/Tutorial/Java/0020__Language/0100__Main.htm,20070501113237
(thin),https://www.java2s.com/Tutorial/Java/0020__Language/0100__Main.html,20260520163518
(thin),http://www.java2s.com:80/Tutorial/Java/0020__Language/0120__Garbage-Collection.htm,20070228103110
(thin),https://www.java2s.com/Tutorial/Java/0020__Language/0120__Garbage-Collection.html,20260515045258
(thin),http://www.java2s.com:80/Tutorial/Java/0020__Language/0140__Variables.htm,20070228140714
(thin),https://www.java2s.com/Tutorial/Java/0020__Language/0140__Variables.html,20260510085650
(thin),http://www.java2s.com:80/Tutorial/Java/0020__Language/0160__Variable-Scope.htm,20070531214557
(thin),https://www.java2s.com/Tutorial/Java/0020__Language/0160__Variable-Scope.html,20260516103909
(thin),http://www.java2s.com:80/Tutorial/Java/0020__Language/0200__Annotations-Create.htm,20070529035646
(thin),https://www.java2s.com/Tutorial/Java/0020__Language/0200__Annotations-Create.html,20260511212521
(thin),http://www.java2s.com:80/Tutorial/Java/0020__Language/0220__Annotations-Reflection.htm,20070529041128
(thin),https://www.java2s.com/Tutorial/Java/0020__Language/0220__Annotations-Reflection.html,20260514071926
(thin),http://www.java2s.com:80/Tutorial/Java/0020__Language/0240__Annotations-Types.htm,20070228141039
(thin),http://www.java2s.com:80/Tutorial/Java/0020__Language/0260__Standard-Annotations.htm,20070529043618
(thin),https://www.java2s.com/Tutorial/Java/0020__Language/0260__Standard-Annotations.html,20260515202610
(thin),http://www.java2s.com:80/Tutorial/Java/0020__Language/0280__transient.htm,20070714232512
(thin),https://www.java2s.com/Tutorial/Java/0020__Language/0280__transient.html,20260512184432
-,http://www.java2s.com:80/Tutorial/Java/0020__Language/AdemoforSuppressWarningsuncheckedandfallthroughwarnings.htm,20071024034902
(thin),http://www.java2s.com:80/Tutorial/Java/0020__Language/Amarkerannotation.htm,20081019000126
language-annotationsandannotationtypes,http://www.java2s.com:80/Tutorial/Java/0020__Language/AnnotationsandAnnotationTypes.htm,20070523101136
language-aprofilerisusedtoanalyzehowmuchtimeaprogramspendsineachpartofthecode,http://www.java2s.com:80/Tutorial/Java/0020__Language/Aprofilerisusedtoanalyzehowmuchtimeaprogramspendsineachpartofthecode.htm,20070513062927
language-commentsingeneral,http://www.java2s.com:80/Tutorial/Java/0020__Language/Commentsingeneral.htm,20070525064508
(thin),http://java2s.com:80/Tutorial/Java/0020__Language/CommonJARfileoperations.htm,20090126052229
(thin),http://www.java2s.com:80/Tutorial/Java/0020__Language/CommonlyUsedJavaCommandOptions.htm,20080730070845
(thin),http://www.java2s.com:80/Tutorial/Java/0020__Language/Createsandusesasinglememberannotation.htm,20081018235311
language-creatingannotations,http://www.java2s.com:80/Tutorial/Java/0020__Language/CreatingAnnotations.htm,20070705184247
(thin),http://www.java2s.com/Tutorial/Java/0020__Language/defaultvaluesinanannotation.htm,20080829133830
language-defineaconstantvalueanduseit,http://www.java2s.com:80/Tutorial/Java/0020__Language/Defineaconstantvalueanduseit.htm,20070513040521
language-defineconstant,http://www.java2s.com:80/Tutorial/Java/0020__Language/Defineconstant.htm,20070513042840
(thin),http://www.java2s.com:80/Code/Java/Servlets/AcollectionofallcharacterentitesdefinedintheHTML4standard.htm,20091006130142
servlets-addheaderstopreventbrowsersandproxiesfromcachingthisreply,http://java2s.com/Code/Java/Servlets/Addheaderstopreventbrowsersandproxiesfromcachingthisreply.htm,20100212011225
(thin),http://www.java2s.com:80/Code/Java/Servlets/AnotherFilterDemo.htm,20070816031337
servlets-anotherloggerservlet,http://www.java2s.com:80/Code/Java/Servlets/Anotherloggerservlet.htm,20061104062930
servlets-anotherservletlocalizationcurrency,http://www.java2s.com:80/Code/Java/Servlets/AnotherServletLocalizationCurrency.htm,20060411094406
servlets-anotherservlettosendpdf,http://www.java2s.com/Code/Java/Servlets/AnotherservlettoSendPDF.htm,20061018193005
servlets-anotherservlettosendxml,http://www.java2s.com/Code/Java/Servlets/AnotherservlettoSendXML.htm,20061018193017
(thin),http://www.java2s.com:80/Code/Java/Servlets/ApplicationEventListeners.htm,20061128153334
(thin),http://www.java2s.com:80/Code/Java/Servlets/Authentication.htm,20060218211119
(thin),https://www.java2s.com/Code/Java/Servlets/Authentication.html,20260519034903
(thin),http://www.java2s.com:80/Code/Java/Servlets/AuthenticationFilter.htm,20060307050718
servlets-autilityclassforparsinghttpdatesasusedincookiesandotherheaders,http://java2s.com/Code/Java/Servlets/AutilityclassforparsingHTTPdatesasusedincookiesandotherheaders.htm,20100211015426
(thin),http://www.java2s.com:80/Code/Java/Servlets/AWebAppConfigobjectisawrapperaroundaDOMtreeforawebxmlfile.htm,20090720100045
servlets-basicformprocessor,http://www.java2s.com:80/Code/Java/Servlets/BasicFormprocessor.htm,20051218124707
(thin),http://www.java2s.com:80/Code/Java/Servlets/Basics.htm,20051125081256
(thin),https://www.java2s.com/Code/Java/Servlets/Basics.html,20260516105320
servlets-beanparserservlet,http://www.java2s.com:80/Code/Java/Servlets/BeanParserServlet.htm,20070831192830
servlets-blockfilter,http://www.java2s.com:80/Code/Java/Servlets/BlockFilter.htm,20061128202409
servlets-breaklineswithhtml,http://www.java2s.com:80/Code/Java/Servlets/breakLineswithHTML.htm,20091006130310
servlets-browserdetection,http://java2s.com/Code/Java/Servlets/Browserdetection.htm,20100206123818
servlets-cachedconnectionservlet,http://www.java2s.com/Code/Java/Servlets/CachedConnectionServlet.htm,20060513092733
servlets-cachefilter,http://www.java2s.com:80/Code/Java/Servlets/CacheFilter.htm,20090912060206
(thin),http://www.java2s.com/Code/Java/Servlets/Chart.htm,20061016053623
(thin),https://www.java2s.com/Code/Java/Servlets/Chart.html,20260517114455
servlets-checkerfilter,http://www.java2s.com:80/Code/Java/Servlets/CheckerFilter.htm,20061025044342
(thin),http://www.java2s.com/Code/Java/Servlets/Client.htm,20061016060625
(thin),https://www.java2s.com/Code/Java/Servlets/Client.html,20260512184702
servlets-clientautorefresh,http://www.java2s.com/Code/Java/Servlets/Clientautorefresh.htm,20060513083511
servlets-clientpost,http://www.java2s.com:80/Code/Java/Servlets/ClientPost.htm,20071017021330
servlets-clientpull,http://www.java2s.com:80/Code/Java/Servlets/ClientPull.htm,20071017021355
servlets-clientpullandmove,http://www.java2s.com:80/Code/Java/Servlets/ClientPullandMove.htm,20071017021314
servlets-compressionfilter,http://www.java2s.com:80/Code/Java/Servlets/CompressionFilter.htm,20060904161910
servlets-compressionresponsestreamservlets,http://www.java2s.com:80/Code/Java/Servlets/CompressionResponseStreamservlets.htm,20071017023857
servlets-compressionservletresponsewrapper,http://www.java2s.com:80/Code/Java/Servlets/CompressionServletResponseWrapper.htm,20070428162238
(thin),http://www.java2s.com:80/Code/Java/Servlets/Context.htm,20060218224540
(thin),https://www.java2s.com/Code/Java/Servlets/Context.html,20260512114224
servlets-contextaccessor,http://www.java2s.com:80/Code/Java/Servlets/Contextaccessor.htm,20070111184127
servlets-contextattributesservlet,http://www.java2s.com:80/Code/Java/Servlets/ContextAttributesServlet.htm,20070501200957
servlets-contextbinder,http://www.java2s.com:80/Code/Java/Servlets/Contextbinder.htm,20070111183334
servlets-contextlog,http://www.java2s.com:80/Code/Java/Servlets/Contextlog.htm,20061123214040
servlets-contextlogger,http://www.java2s.com:80/Code/Java/Servlets/Contextlogger.htm,20061123214654
(thin),http://www.java2s.com:80/Code/Java/Servlets/ContextParametersServlet.htm,20070501182009
(thin),http://www.java2s.com:80/Code/Java/Servlets/ConvertanintegertoanHTMLRGBvalue.htm,20091006130633
(thin),http://www.java2s.com:80/Code/Java/Servlets/ConvertHTMLtotext.htm,20091006231056
servlets-converttohtmlstring,http://www.java2s.com:80/Code/Java/Servlets/ConverttoHTMLstring.htm,20091006231101
servlets-cookie,http://www.java2s.com:80/Code/Java/Servlets/Cookie.htm,20060208022547
(thin),https://www.java2s.com/Code/Java/Servlets/Cookie.html,20260508090806
servlets-cookiedemo,http://www.java2s.com:80/Code/Java/Servlets/CookieDemo.htm,20070109090621
servlets-cookiereader,http://www.java2s.com:80/Code/Java/Servlets/Cookiereader.htm,20060306221105
servlets-cookieutil,http://java2s.com/Code/Java/Servlets/CookieUtil.htm,20111125102532
servlets-cookieutilities,http://www.java2s.com:80/Code/Java/Servlets/CookieUtilities.htm,20090926070757
servlets-cookieutility,http://java2s.com/Code/Java/Servlets/CookieUtility.htm,20111125102535
(thin),http://www.java2s.com:80/Code/Java/Servlets/Database.htm,20060218224722
(thin),https://www.java2s.com/Code/Java/Servlets/Database.html,20260518214823
servlets-databaseandservletdatabasemetadata,http://www.java2s.com/Code/Java/Servlets/DatabaseandServletDatabaseMetaData.htm,20060513092706
servlets-databaseandservletstoreprocedure,http://www.java2s.com/Code/Java/Servlets/DatabaseandServletStoreprocedure.htm,20060513092636
servlets-databasetransaction,http://www.java2s.com/Code/Java/Servlets/Databasetransaction.htm,20060513092658
servlets-decodeanhtmlcolorstringlikef567baintoacolor,http://www.java2s.com:80/Code/Java/Servlets/DecodeanHTMLcolorstringlikeF567BAintoaColor.htm,20091006124627
servlets-dedicatedconnectionservlet,http://www.java2s.com/Code/Java/Servlets/DedicatedConnectionServlet.htm,20060513092716
servlets-definewelcomefilesforwebapplication,http://www.java2s.com:80/Code/Java/Servlets/Definewelcomefilesforwebapplication.htm,20090719081119
(thin),http://www.java2s.com:80/Code/Java/Servlets/DefinitionsofHTMLcharacterentitiesandconversionsbetweenunicodecharactersandHTMLcharacterentities.htm,20091006124632
servlets-deleteblobfromservlet,http://www.java2s.com:80/Code/Java/Servlets/DeleteBlobFromServlet.htm,20070115143200
(thin),http://www.java2s.com:80/Code/Java/Database-SQL-JDBC/Access.htm,20090506124610
(thin),https://www.java2s.com/Code/Java/Database-SQL-JDBC/Access.html,20260518221142
database-sql-jdbc-accessmysqldatabaseopenconnectioncreatetableinsertandretrieve,http://www.java2s.com/Code/Java/Database-SQL-JDBC/AccessMySQLDatabaseopenconnectioncreatetableinsertandretrieve.htm,20061026214616
database-sql-jdbc-accounts,http://www.java2s.com:80/Code/Java/Database-SQL-JDBC/Accounts.htm,20060503130617
database-sql-jdbc-acommonintermediateformatforanonxajdbcpool,http://java2s.com/Code/Java/Database-SQL-JDBC/AcommonintermediateformatforanonXAJDBCpool.htm,20100210001300
(thin),http://www.java2s.com/Code/Java/Database-SQL-JDBC/AdatabaseMetaDataquery.htm,20060513073331
database-sql-jdbc-addinganewcolumnnameindatabasetable,http://www.java2s.com:80/Code/Java/Database-SQL-JDBC/AddingaNewColumnNameinDatabaseTable.htm,20090502034936
(thin),http://www.java2s.com:80/Code/Java/Database-SQL-JDBC/AgeneralpurposeSQLinterpreterprogram.htm,20060307054602
database-sql-jdbc-alldatatypesfororacle,http://www.java2s.com/Code/Java/Database-SQL-JDBC/AlldatatypesforOracle.htm,20061018171455
database-sql-jdbc-amethodtogetthecurrentdateandtimetouseinatimestamp,http://www.java2s.com:80/Code/Java/Database-SQL-JDBC/Amethodtogetthecurrentdateandtimetouseinatimestamp.htm,20111003002918
database-sql-jdbc-amethodtogetthecurrentdatetouseinatimestamp,http://www.java2s.com:80/Code/Java/Database-SQL-JDBC/Amethodtogetthecurrentdatetouseinatimestamp.htm,20111003002924
database-sql-jdbc-anothermethodtochecktableexistance,http://www.java2s.com/Code/Java/Database-SQL-JDBC/AnotherMethodToCheckTableExistance.htm,20061018125141
(thin),http://www.java2s.com/Code/Java/Database-SQL-JDBC/Apache-Dbutils.htm,20061016061343
(thin),https://www.java2s.com/Code/Java/Database-SQL-JDBC/Apache-Dbutils.html,20260509143327
database-sql-jdbc-appletandoraclejdbc,http://www.java2s.com:80/Code/Java/Database-SQL-JDBC/AppletandOracleJDBC.htm,20060503130343
database-sql-jdbc-appletjdbc,http://www.java2s.com:80/Code/Java/Database-SQL-JDBC/AppletJDBC.htm,20060503130610
database-sql-jdbc-arrangeacolumnofdatabasetable,http://www.java2s.com:80/Code/Java/Database-SQL-JDBC/ArrangeaColumnofDatabaseTable.htm,20090502025333
(thin),http://www.java2s.com:80/Code/Java/Database-SQL-JDBC/AtrivialexampleofadatabasequeryperformedwithJDBC.htm,20060717070725
(thin),http://www.java2s.com:80/Code/Java/Database-SQL-JDBC/Batch-Update.htm,20060829134704
(thin),https://www.java2s.com/Code/Java/Database-SQL-JDBC/Batch-Update.html,20260516135648
database-sql-jdbc-batchupdate,http://www.java2s.com/Code/Java/Database-SQL-JDBC/BatchUpdate.htm,20060513071636
database-sql-jdbc-batchupdateaddbatchcommands,http://www.java2s.com/Code/Java/Database-SQL-JDBC/BatchupdateaddBatchcommands.htm,20061016095954
database-sql-jdbc-batchupdatedemo,http://www.java2s.com:80/Code/Java/Database-SQL-JDBC/BatchUpdateDemo.htm,20060822142531
database-sql-jdbc-batchupdateformysql,http://www.java2s.com/Code/Java/Database-SQL-JDBC/BatchupdateforMySQL.htm,20061016100004
database-sql-jdbc-batchupdateinsert,http://www.java2s.com:80/Code/Java/Database-SQL-JDBC/BatchUpdateInsert.htm,20060822142808
(thin),http://www.java2s.com:80/Code/Java/Database-SQL-JDBC/BatchUpdatetransaction.htm,20091103070937
(thin),http://www.java2s.com/Code/Java/Database-SQL-JDBC/BatchUpdatetransation.htm,20060513071622
(thin),http://www.java2s.com:80/Code/Java/Database-SQL-JDBC/Blob-Binary-Data-JDBC.htm,20060506103750
(thin),https://www.java2s.com/Code/Java/Database-SQL-JDBC/Blob-Binary-Data-JDBC.html,20260511120733
database-sql-jdbc-blobandjdbcimage,http://www.java2s.com:80/Code/Java/Database-SQL-JDBC/BlobandJDBCImage.htm,20070113155501
database-sql-jdbc-blobimage2,http://www.java2s.com:80/Code/Java/Database-SQL-JDBC/BlobImage2.htm,20070115172017
database-sql-jdbc-blobimage3,http://www.java2s.com:80/Code/Java/Database-SQL-JDBC/Blobimage3.htm,20070113113748
database-sql-jdbc-blobjdbcdealswithbinarydata,http://www.java2s.com:80/Code/Java/Database-SQL-JDBC/BlobJDBCdealswithBinaryData.htm,20060716002400
database-sql-jdbc-booleanjavasqldriverjdbccompliant,http://www.java2s.com:80/Code/Java/Database-SQL-JDBC/booleanjavasqlDriverjdbcCompliant.htm,20090813161524
database-sql-jdbc-booleanjavasqldriverpropertyinforequiredispropertyvaluerequire,http://java2s.com/Code/Java/Database-SQL-JDBC/booleanjavasqlDriverPropertyInforequiredIspropertyvaluerequired.htm,20100213225613
(thin),http://www.java2s.com/Code/Java/Database-SQL-JDBC/CachedRowSet.htm,20061016044831
(thin),https://www.java2s.com/Code/Java/Database-SQL-JDBC/CachedRowSet.html,20260515235146
database-sql-jdbc-cachedrs,http://www.java2s.com:80/Code/Java/Database-SQL-JDBC/CachedRS.htm,20091128185318
(thin),http://www.java2s.com:80/Code/Java/Database-SQL-JDBC/CallableStatement.htm,20081206121414
(thin),https://www.java2s.com/Code/Java/Database-SQL-JDBC/CallableStatement.html,20260513163835
database-sql-jdbc-callafunctionwithoneinoutparameterthefunctionreturnsavarchar,http://www.java2s.com:80/Code/Java/Database-SQL-JDBC/CallafunctionwithoneINOUTparameterthefunctionreturnsaVARCHAR.htm,20090502013615
database-sql-jdbc-callafunctionwithoneinparameterthefunctionreturnsavarchar,http://www.java2s.com:80/Code/Java/Database-SQL-JDBC/CallafunctionwithoneINparameterthefunctionreturnsaVARCHAR.htm,20090502020017
database-sql-jdbc-callafunctionwithoneoutparameterthefunctionreturnsavarchar,http://www.java2s.com:80/Code/Java/Database-SQL-JDBC/CallafunctionwithoneOUTparameterthefunctionreturnsaVARCHAR.htm,20090502015317
database-sql-jdbc-callaprocedurewithoneinoutparameter,http://www.java2s.com:80/Code/Java/Database-SQL-JDBC/CallaprocedurewithoneINOUTparameter.htm,20090502012759
database-sql-jdbc-callaprocedurewithoneinparameter,http://www.java2s.com:80/Code/Java/Database-SQL-JDBC/CallaprocedurewithoneINparameter.htm,20090502012804
database-sql-jdbc-callaprocedurewithoneoutparameter,http://www.java2s.com:80/Code/Java/Database-SQL-JDBC/CallaprocedurewithoneOUTparameter.htm,20090502013620
database-sql-jdbc-callastoredprocedurewithnoparametersandreturnvalue,http://www.java2s.com:80/Code/Java/Database-SQL-JDBC/Callastoredprocedurewithnoparametersandreturnvalue.htm,20090502105248
database-sql-jdbc-callingafunctioninadatabasecallfunctionswithinoutandinoutparam,http://www.java2s.com:80/Code/Java/Database-SQL-JDBC/CallingaFunctioninaDatabasecallfunctionswithINOUTandINOUTparameters.htm,20090502015321
database-sql-jdbc-callingastoredprocedureinadatabasewithnoparameters,http://www.java2s.com:80/Code/Java/Database-SQL-JDBC/CallingaStoredProcedureinaDatabasewithnoparameters.htm,20090502020023
database-sql-jdbc-callstoredprocedure,http://www.java2s.com:80/Code/Java/Database-SQL-JDBC/Callstoredprocedure.htm,20090502104857
database-sql-jdbc-callstoredprocedureinmysql,http://www.java2s.com:80/Code/Java/Database-SQL-JDBC/CallStoredProcedureInMySql.htm,20070116103251
database-sql-jdbc-callstoredprocedureinoracleandpassinoutparameters,http://www.java2s.com:80/Code/Java/Database-SQL-JDBC/CallStoredProcedureInOracleAndPassInOutParameters.htm,20070113165141
database-sql-jdbc-cancellingupdatestoanupdatableresultset,http://www.java2s.com:80/Code/Java/Database-SQL-JDBC/CancellingUpdatestoanUpdatableResultSet.htm,20090715214952
database-sql-jdbc-changecolumnnameofatable,http://www.java2s.com:80/Code/Java/Database-SQL-JDBC/ChangeColumnNameofaTable.htm,20090502104234
database-sql-jdbc-changethefetchsizeontheresultset,http://www.java2s.com:80/Code/Java/Database-SQL-JDBC/Changethefetchsizeontheresultset.htm,20091120104229
database-sql-jdbc-checkbatchupdateresult,http://www.java2s.com/Code/Java/Database-SQL-JDBC/CheckBatchUpdateResult.htm,20061016095959
database-sql-jdbc-checkifcursorisinthefirstrow,http://www.java2s.com:80/Code/Java/Database-SQL-JDBC/Checkifcursorisinthefirstrow.htm,20091021042607
database-sql-jdbc-checkjdbcinstallationformysql,http://www.java2s.com/Code/Java/Database-SQL-JDBC/CheckJDBCInstallationforMySQL.htm,20061026214722
database-sql-jdbc-checkjdbcinstallationfororacle,http://www.java2s.com/Code/Java/Database-SQL-JDBC/CheckJDBCInstallationforOracle.htm,20061027010728
(thin),http://www.java2s.com/Code/Java/Database-SQL-JDBC/Cloudscape.htm,20061016054827
(thin),http://www.java2s.com/Code/Java/Database-SQL-JDBC/Column.htm,20061016050639
database-sql-jdbc-column,https://www.java2s.com/Code/Java/Database-SQL-JDBC/Column.html,20260509161806
database-sql-jdbc-commitorrollbacktransactioninjdbc,http://www.java2s.com:80/Code/Java/Database-SQL-JDBC/CommitorrollbacktransactioninJDBC.htm,20090418001818
database-sql-jdbc-committingandrollingbackupdatestoadatabase,http://java2s.com/Code/Java/Database-SQL-JDBC/CommittingandRollingBackUpdatestoaDatabase.htm,20100213225255
threads-adaemonthread,http://www.java2s.com:80/Code/Java/Threads/Adaemonthread.htm,20090602112319
threads-addadelay,http://www.java2s.com:80/Code/Java/Threads/Addadelay.htm,20090717022406
threads-alivedaemonthreaddoesnotpreventanapplicationfromexiting,http://www.java2s.com:80/Code/Java/Threads/Alivedaemonthreaddoesnotpreventanapplicationfromexiting.htm,20090602113711
threads-amultithreadedqueueusedforimplementingproducerconsumerstylethreadingpatt,http://www.java2s.com:80/Code/Java/Threads/Amultithreadedqueueusedforimplementingproducerconsumerstylethreadingpatterns.htm,20090904113058
threads-anabstractclasstoperformlengthyguiinteractingtasksinadedicatedthread,http://www.java2s.com:80/Code/Java/Threads/AnabstractclasstoperformlengthyGUIinteractingtasksinadedicatedthread.htm,20091027174036
threads-anapplicationexitswhentherearenonondaemonthreadsrunning,http://www.java2s.com:80/Code/Java/Threads/Anapplicationexitswhentherearenonondaemonthreadsrunning.htm,20090602123915
threads-anexampleofcountdownlatch,http://java2s.com/Code/Java/Threads/AnexampleofCountDownLatch.htm,20100209095856
threads-anexampleofexchanger,http://www.java2s.com:80/Code/Java/Threads/AnexampleofExchanger.htm,20090530095740
threads-animationswingandthread,http://www.java2s.com:80/Code/Java/Threads/AnimationSwingandthread.htm,20060505233850
threads-animplementationofaproducerandconsumerthatusesemaphorestocontrolsynchron,http://www.java2s.com:80/Code/Java/Threads/Animplementationofaproducerandconsumerthatusesemaphorestocontrolsynchronization.htm,20091002211221
threads-anotherdeadlockdemo,http://www.java2s.com/Code/Java/Threads/Anotherdeadlockdemo.htm,20060513101518
threads-anotherwaytostopathread,http://www.java2s.com:80/Code/Java/Threads/Anotherwaytostopathread.htm,20070503201238
threads-anotherwaytosuspendandresume,http://www.java2s.com:80/Code/Java/Threads/Anotherwaytosuspendandresume.htm,20070503111430
(thin),http://www.java2s.com:80/Code/Java/Threads/AreaderwriterlockfromJavaThreadsbyScottOakandHenryWong.htm,20090927090010
threads-asemaphore,http://www.java2s.com:80/Code/Java/Threads/Asemaphore.htm,20091002222352
threads-asimpledemonstrationofwaitandnotify,http://www.java2s.com:80/Code/Java/Threads/Asimpledemonstrationofwaitandnotify.htm,20090810171618
threads-asimpleexamplethatusesanexecutor,http://www.java2s.com:80/Code/Java/Threads/AsimpleexamplethatusesanExecutor.htm,20090322093705
threads-athreadmustbemarkedasadaemonthreadbeforeitisstarted,http://www.java2s.com:80/Code/Java/Threads/Athreadmustbemarkedasadaemonthreadbeforeitisstarted.htm,20090602121723
threads-athreadofexecutionthatusesacyclicbarrier,http://www.java2s.com:80/Code/Java/Threads/AthreadofexecutionthatusesaCyclicBarrier.htm,20090322135648
(thin),http://java2s.com/Code/Java/Threads/Atomic.htm,20111010151133
(thin),https://www.java2s.com/Code/Java/Threads/Atomic.html,20260518185503
threads-atomicfloat,http://java2s.com/Code/Java/Threads/AtomicFloat.htm,20111124232957
threads-atomicutils,http://java2s.com/Code/Java/Threads/AtomicUtils.htm,20111124233023
(thin),http://www.java2s.com:80/Code/Java/Threads/Autilityclassthatreceivesacollectionoftaskstoexecuteinternallyandthendistributesthetasksamongathreadpool.htm,20111020012435
threads-aworkqueueisusedtocoordinateworkbetweenaproducerandasetofworkerthreads,http://www.java2s.com:80/Code/Java/Threads/Aworkqueueisusedtocoordinateworkbetweenaproducerandasetofworkerthreads.htm,20090615215854
(thin),http://www.java2s.com:80/Code/Java/Threads/BlockingQueue.htm,20090628002417
(thin),https://www.java2s.com/Code/Java/Threads/BlockingQueue.html,20260516025015
threads-blockingqueuetest,http://java2s.com/Code/Java/Threads/BlockingQueueTest.htm,20111125081024
threads-booleanlock,http://www.java2s.com/Code/Java/Threads/Booleanlock.htm,20060513092444
threads-bufferedwriterandthreads,http://www.java2s.com/Code/Java/Threads/BufferedWriterandthreads.htm,20060513074749
(thin),http://www.java2s.com:80/Code/Java/Threads/BusyFlag.htm,20060506004832
threads-bytefifo,http://www.java2s.com/Code/Java/Threads/ByteFIFO.htm,20060513092412
threads-callingsleeptowaitforawhile,http://www.java2s.com:80/Code/Java/Threads/Callingsleeptowaitforawhile.htm,20060503213223
(thin),http://www.java2s.com:80/Code/Java/Threads/Collections-Threads.htm,20060512172832
threads-collections-threads,https://www.java2s.com/Code/Java/Threads/Collections-Threads.html,20260513011646
threads-communicatebetweenthreadsusingaqueue,http://www.java2s.com:80/Code/Java/Threads/CommunicatebetweenthreadsusingaQueue.htm,20090615220857
(thin),http://java2s.com/Code/Java/Threads/Concurrent.htm,20111010180546
(thin),https://www.java2s.com/Code/Java/Threads/Concurrent.html,20260515205348
threads-coordinatesthreadsformultithreadedoperations,http://java2s.com/Code/Java/Threads/Coordinatesthreadsformultithreadedoperations.htm,20100211200112
(thin),http://www.java2s.com:80/Code/Java/Threads/CountDownLatch.htm,20081219044945
threads-counterswingandthread,http://www.java2s.com:80/Code/Java/Threads/CounterSwingandthread.htm,20060505233837
(thin),http://java2s.com/Code/Java/Threads/CountUpDownLatch.htm,20100209095738
threads-createanewthreadforthethreadpoolthecreatethreadwillbeadaemonthread,http://www.java2s.com:80/Code/Java/Threads/CreateanewthreadforthethreadpoolThecreatethreadwillbeadaemonthread.htm,20090914064440
threads-createathreadbyextendingthread,http://www.java2s.com:80/Code/Java/Threads/CreateathreadbyextendingThread.htm,20090622104011
threads-createathreadbyimplementingrunnable,http://www.java2s.com:80/Code/Java/Threads/CreateathreadbyimplementingRunnable.htm,20090622103303
threads-creatingaboundedworkqueue,http://www.java2s.com:80/Code/Java/Threads/CreatingaBoundedWorkQueue.htm,20090831112931
threads-creatingthreadswithinnerclasses,http://www.java2s.com:80/Code/Java/Threads/Creatingthreadswithinnerclasses.htm,20060503213314
threads-currentset,http://java2s.com/Code/Java/Threads/Currentset.htm,20100210133714
threads-customizedjavautilarraylistoperateinamultithreadedenvironmentwherethelar,http://www.java2s.com:80/Code/Java/Threads/CustomizedjavautilArrayListoperateinamultithreadedenvironmentwherethelargemajorityofmethodcallsarereadonlyinsteadofstructuralchanges.htm,20090929041012
threads-customizedjavautilhashmapoperateinamultithreadedenvironmentwherethelarge,http://java2s.com/Code/Java/Threads/CustomizedjavautilHashMapoperateinamultithreadedenvironmentwherethelargemajorityofmethodcallsarereadonlyinsteadofstructuralchanges.htm,20100210133922
threads-customizedjavautiltreemapoperateinamultithreadedenvironmentwherethelarge,http://java2s.com/Code/Java/Threads/CustomizedjavautilTreeMapoperateinamultithreadedenvironmentwherethelargemajorityofmethodcallsarereadonlyinsteadofstructuralchanges.htm,20100210133559
(thin),http://www.java2s.com:80/Code/Java/Threads/CyclicBarrier.htm,20081219050404
(thin),https://www.java2s.com/Code/Java/Threads/CyclicBarrier.html,20260518120757
(thin),http://www.java2s.com:80/Code/Java/Threads/Daemon.htm,20090531082429
(thin),http://www.java2s.com:80/Code/Java/Threads/DaemonLock.htm,20060903090430
threads-daemonthread,http://www.java2s.com:80/Code/Java/Threads/DaemonThread.htm,20061104060934
threads-daemonthreadsdontpreventtheprogramfromending,http://www.java2s.com:80/Code/Java/Threads/Daemonthreadsdontpreventtheprogramfromending.htm,20060503213509
threads-daemonthreadsspawnotherdaemonthreads,http://www.java2s.com:80/Code/Java/Threads/Daemonthreadsspawnotherdaemonthreads.htm,20060503213413
(thin),http://www.java2s.com:80/Code/Java/Threads/Deadlock.htm,20060307044246
(thin),https://www.java2s.com/Code/Java/Threads/Deadlock.html,20260513035301
threads-deadlockdetecting,http://www.java2s.com/Code/Java/Threads/DeadlockDetecting.htm,20060513101514
threads-deadlockdetector,http://java2s.com/Code/Java/Threads/DeadlockDetector.htm,20111124185806
threads-deadlockdetector2,http://java2s.com/Code/Java/Threads/DeadLockDetector2.htm,20111124182721
threads-definingathreadforathreadpool,http://www.java2s.com:80/Code/Java/Threads/Definingathreadforathreadpool.htm,20060503143830
threads-demoforjavautilconcurrentfuture,http://java2s.com/Code/Java/Threads/DemoforjavautilconcurrentFuture.htm,20111125081728
threads-demonstratejoin,http://java2s.com/Code/Java/Threads/Demonstratejoin.htm,20100212074649
threads-demonstrateshowdeadlockcanbehiddeninaprogram,http://www.java2s.com:80/Code/Java/Threads/Demonstrateshowdeadlockcanbehiddeninaprogram.htm,20060307054455
threads-determiningifthecurrentthreadisholdingasynchronizedlock,http://www.java2s.com:80/Code/Java/Threads/DeterminingIftheCurrentThreadIsHoldingaSynchronizedLock.htm,20090614055910
threads-determiningwhenathreadhasfinished,http://www.java2s.com:80/Code/Java/Threads/DeterminingWhenaThreadHasFinished.htm,20090720053121
threads-earlyreturn,http://www.java2s.com:80/Code/Java/Threads/Earlyreturn.htm,20060506004906
threads-eliminatingraceconditionsusingswingcomponents,http://www.java2s.com:80/Code/Java/Threads/EliminatingraceConditionsusingSwingComponents.htm,20060505234047
threads-exceptioncallback,http://www.java2s.com/Code/Java/Threads/Exceptioncallback.htm,20060513091027
(thin),http://www.java2s.com:80/Code/Java/Threads/Exchanger.htm,20081219102554
(thin),https://www.java2s.com/Code/Java/Threads/Exchanger.html,20260518092521
threads-executesataskwithaspecifiedtimeout,http://java2s.com:80/Code/Java/Threads/Executesataskwithaspecifiedtimeout.htm,20091202082605
(thin),http://www.java2s.com:80/Tutorial/Java/0160__Thread/0020__Create-Thread.htm,20070328230409
(thin),https://www.java2s.com/Tutorial/Java/0160__Thread/0020__Create-Thread.html,20260510053012
(thin),http://www.java2s.com:80/Tutorial/Java/0160__Thread/0030__Thread-Properties.htm,20080729000504
(thin),https://www.java2s.com/Tutorial/Java/0160__Thread/0030__Thread-Properties.html,20260521173322
(thin),http://www.java2s.com:80/Tutorial/Java/0160__Thread/0040__Thread-Priority.htm,20070529042320
(thin),https://www.java2s.com/Tutorial/Java/0160__Thread/0040__Thread-Priority.html,20260510021225
(thin),http://www.java2s.com:80/Tutorial/Java/0160__Thread/0060__Thread-Stop.htm,20070529035457
(thin),https://www.java2s.com/Tutorial/Java/0160__Thread/0060__Thread-Stop.html,20260511054618
(thin),http://www.java2s.com:80/Tutorial/Java/0160__Thread/0080__Thread-Join.htm,20070529035953
(thin),https://www.java2s.com/Tutorial/Java/0160__Thread/0080__Thread-Join.html,20260515010228
(thin),http://www.java2s.com:80/Tutorial/Java/0160__Thread/0090__ThreadGroup.htm,20080728235224
(thin),https://www.java2s.com/Tutorial/Java/0160__Thread/0090__ThreadGroup.html,20260514201805
(thin),http://www.java2s.com:80/Tutorial/Java/0160__Thread/0100__Daemon-Thread.htm,20070529043226
(thin),https://www.java2s.com/Tutorial/Java/0160__Thread/0100__Daemon-Thread.html,20260513033207
(thin),http://www.java2s.com:80/Tutorial/Java/0160__Thread/0120__Thread-Safe-Collections.htm,20070529035831
(thin),https://www.java2s.com/Tutorial/Java/0160__Thread/0120__Thread-Safe-Collections.html,20260510074408
(thin),http://www.java2s.com:80/Tutorial/Java/0160__Thread/0140__Thread-Swing.htm,20070531195406
(thin),https://www.java2s.com/Tutorial/Java/0160__Thread/0140__Thread-Swing.html,20260513044543
(thin),http://java2s.com:80/Tutorial/Java/0160__Thread/0160__ExecutorService.htm,20071012163000
(thin),https://www.java2s.com/Tutorial/Java/0160__Thread/0160__ExecutorService.html,20260518063604
(thin),http://www.java2s.com:80/Tutorial/Java/0160__Thread/0170__synchronized.htm,20080728235229
(thin),https://www.java2s.com/Tutorial/Java/0160__Thread/0170__synchronized.html,20260519090224
(thin),http://www.java2s.com:80/Tutorial/Java/0160__Thread/0171__Suspend-resume.htm,20080729232748
(thin),https://www.java2s.com/Tutorial/Java/0160__Thread/0171__Suspend-resume.html,20260513224408
(thin),http://java2s.com:80/Tutorial/Java/0160__Thread/0180__Producer-and-consumer.htm,20071012171056
(thin),https://www.java2s.com/Tutorial/Java/0160__Thread/0180__Producer-and-consumer.html,20260513133227
(thin),http://java2s.com:80/Tutorial/Java/0160__Thread/0200__Thread-Buffer.htm,20071013150440
(thin),https://www.java2s.com/Tutorial/Java/0160__Thread/0200__Thread-Buffer.html,20260521142121
(thin),http://www.java2s.com:80/Tutorial/Java/0160__Thread/0220__ScheduledThreadPoolExecutor.htm,20080729234740
(thin),https://www.java2s.com/Tutorial/Java/0160__Thread/0220__ScheduledThreadPoolExecutor.html,20260515035847
(thin),http://www.java2s.com:80/Tutorial/Java/0160__Thread/0240__Deadlock.htm,20080729233117
(thin),https://www.java2s.com/Tutorial/Java/0160__Thread/0240__Deadlock.html,20260517121232
(thin),http://www.java2s.com:80/Tutorial/Java/0160__Thread/0260__Semaphore.htm,20090922003545
(thin),https://www.java2s.com/Tutorial/Java/0160__Thread/0260__Semaphore.html,20260511175206
(thin),http://www.java2s.com:80/Tutorial/Java/0160__Thread/0280__Sleep-Pause.htm,20090628034443
(thin),https://www.java2s.com/Tutorial/Java/0160__Thread/0280__Sleep-Pause.html,20260516180851
(thin),http://www.java2s.com:80/Tutorial/Java/0160__Thread/0300__BlockingQueue.htm,20090628034448
(thin),https://www.java2s.com/Tutorial/Java/0160__Thread/0300__BlockingQueue.html,20260514011822
(thin),http://www.java2s.com:80/Tutorial/Java/0160__Thread/0320__ThreadLocal.htm,20090628034453
(thin),http://www.java2s.com:80/Tutorial/Java/0160__Thread/0340__Wait-Notify.htm,20090628034458
(thin),https://www.java2s.com/Tutorial/Java/0160__Thread/0340__Wait-Notify.html,20260512191928
(thin),http://www.java2s.com:80/Tutorial/Java/0160__Thread/0360__Thread-Pool.htm,20090921232942
(thin),https://www.java2s.com/Tutorial/Java/0160__Thread/0360__Thread-Pool.html,20260517143953
(thin),http://www.java2s.com:80/Tutorial/Java/0160__Thread/Adaemonthread.htm,20090802094524
(thin),http://www.java2s.com:80/Tutorial/Java/0160__Thread/Addadelay.htm,20090817213916
thread-addthreadtothreadgroup,http://java2s.com:80/Tutorial/Java/0160__Thread/Addthreadtothreadgroup.htm,20101021063713
(thin),http://www.java2s.com:80/Tutorial/Java/0160__Thread/Alivedaemonthreaddoesnotpreventanapplicationfromexiting.htm,20090803180102
(thin),http://www.java2s.com:80/Tutorial/Java/0160__Thread/Anapplicationexitswhentherearenonondaemonthreadsrunning.htm,20090802100416
(thin),http://www.java2s.com:80/Tutorial/Java/0160__Thread/Anexampleofdeadlock.htm,20080729233123
(thin),http://www.java2s.com:80/Tutorial/Java/0160__Thread/AnimationwithScheduledThreadPoolExecutor.htm,20080729232759
thread-apoolofworkthreads,http://java2s.com:80/Tutorial/Java/0160__Thread/Apoolofworkthreads.htm,20101020072353
thread-aqueuelinkedlistisusedtocoordinateworkbetweenaproducerandasetofworkerthre,http://www.java2s.com:80/Tutorial/Java/0160__Thread/AqueueLinkedListisusedtocoordinateworkbetweenaproducerandasetofworkerthreads.htm,20101012061330
thread-asemaphorebasedcoordination,http://www.java2s.com:80/Tutorial/Java/0160__Thread/Asemaphorebasedcoordination.htm,20101118043233
thread-asynchronizedcollectionwithcollectionssynchronizedcollection,http://www.java2s.com:80/Tutorial/Java/0160__Thread/AsynchronizedcollectionwithCollectionssynchronizedCollection.htm,20100615010215
(thin),http://www.java2s.com:80/Tutorial/Java/0160__Thread/Athreadmustbemarkedasadaemonthreadbeforeitisstarted.htm,20090803180107
thread-changethreadpriority,http://www.java2s.com:80/Tutorial/Java/0160__Thread/ChangeThreadPriority.htm,20070703183945
(thin),http://www.java2s.com:80/Tutorial/Java/0160__Thread/CommunicatebetweenthreadsusingaQueue.htm,20091129091856
(thin),http://www.java2s.com:80/Tutorial/Java/0160__Thread/ControllingthemainThread.htm,20080729002004
(thin),http://www.java2s.com:80/Tutorial/Java/0160__Thread/Createasecondthread.htm,20080729002009
(thin),http://www.java2s.com:80/Tutorial/Java/0160__Thread/CreateasecondthreadbyextendingThread.htm,20080729000520
(thin),http://www.java2s.com:80/Tutorial/Java/0160__Thread/CreateathreadtoupdateSwing.htm,20071023230239
(thin),http://www.java2s.com:80/Tutorial/Java/0160__Thread/CreateExecutorServicetomanagethreads.htm,20071104061118
(thin),http://www.java2s.com:80/Tutorial/Java/0160__Thread/Createmultiplethreads.htm,20080728235239
(thin),http://www.java2s.com:80/Tutorial/Java/0160__Thread/CreatingaBoundedWorkQueue.htm,20091129094458
(thin),http://www.java2s.com:80/Tutorial/Java/0160__Thread/creatingapipedcommunicationssystembetweentwothreads.htm,20080729234509
thread-creatingathread,http://www.java2s.com:80/Tutorial/Java/0160__Thread/CreatingaThread.htm,20070328225829
thread-creatingthreadderivingasubclassofthread,http://www.java2s.com:80/Tutorial/Java/0160__Thread/CreatingThreadDerivingaSubclassofThread.htm,20070524233531
thread-creatingthreadobjectsimplementingtherunmethodinrunnableinterface,http://www.java2s.com:80/Tutorial/Java/0160__Thread/CreatingThreadObjectsImplementingtherunMethodinRunnableinterface.htm,20070524233647
(thin),http://www.java2s.com:80/Tutorial/Java/0160__Thread/DaemonandUserThreads.htm,20070703185139
(thin),http://www.java2s.com:80/Tutorial/Java/0160__Thread/Dealwithlock.htm,20091027045414
(thin),http://www.java2s.com:80/Tutorial/Java/0160__Thread/Demonstratethreadgroups.htm,20080729002019
(thin),http://www.java2s.com:80/Tutorial/Java/0160__Thread/Demonstratethreadpriorities.htm,20080728232705
thread-determiningifthecurrentthreadisholdingasynchronizedlock,http://www.java2s.com:80/Tutorial/Java/0160__Thread/DeterminingIftheCurrentThreadIsHoldingaSynchronizedLock.htm,20100616084215
(thin),http://www.java2s.com:80/Tutorial/Java/0160__Thread/FlagCommunication.htm,20080728235259
(thin),http://www.java2s.com:80/Tutorial/Java/0160__Thread/Getcurrentthread.htm,20090625094626
(thin),http://www.java2s.com:80/Tutorial/Java/0160__Thread/Getparentthreadgroup.htm,20090828030617
(thin),http://www.java2s.com:80/Tutorial/Java/0160__Thread/guaranteethatthreadsarewokeninthesameorderinwhichtheywaited.htm,20080729230926
thread-handleconcurrentreadwriteusesynchronizedtolockthedata,http://www.java2s.com:80/Tutorial/Java/0160__Thread/Handleconcurrentreadwriteusesynchronizedtolockthedata.htm,20100615010220
(thin),http://www.java2s.com:80/Tutorial/Java/0160__Thread/ImplementinganUnboundedWorkQueuewithsynchronizedblock.htm,20091126223907
thread-interruptathread,http://www.java2s.com:80/Tutorial/Java/0160__Thread/Interruptathread.htm,20100616084550
(thin),http://www.java2s.com:80/Tutorial/Java/0160__Thread/JDK15providesamechanismtocreateapoolascheduledtask.htm,20090425202152
(thin),http://java2s.com:80/Tutorial/Java/0160__Thread/ListingallthreadsandthreadgroupsintheVM.htm,20101021064822
(thin),http://www.java2s.com:80/Tutorial/Java/0160__Thread/MinimumandMaximumPriorityThreads.htm,20080729000525
thread-monitorathreadsstatus,http://www.java2s.com:80/Tutorial/Java/0160__Thread/Monitorathreadsstatus.htm,20100309132320
(thin),http://www.java2s.com:80/Tutorial/Java/0160__Thread/Pausetheexecution.htm,20090817221522
(thin),http://www.java2s.com:80/Tutorial/Java/0160__Thread/Pausetheexecutionofathreadusingsleep.htm,20090817221527
thread-pausingathreadsetbooleanavariablethatthethreadchecksoccasionally,http://www.java2s.com:80/Tutorial/Java/0160__Thread/PausingaThreadsetbooleanavariablethatthethreadchecksoccasionally.htm,20100309133253
(thin),http://www.java2s.com:80/Tutorial/Java/0160__Thread/PausingtheCurrentThreadathreadcantemporarilystopexecution.htm,20090817224334
(thin),http://www.java2s.com:80/Tutorial/Java/0160__Thread/ProducerandcomsumerwithDataInputStreamandDataOutputStream.htm,20071104043754
(thin),http://www.java2s.com:80/Tutorial/Java/0160__Thread/ProducerandconsumerbasedonReadableByteChannelandWritableByteChannel.htm,20071105024530
thread-producerconsumerandqueue,http://www.java2s.com:80/Tutorial/Java/0160__Thread/ProducerconsumerandQueue.htm,20101012061335
(thin),http://www.java2s.com:80/Tutorial/Java/0160__Thread/Returnavaluefromathread.htm,20090425204016
thread-simplethreadpoolataskisexecutedbyobtainingathreadfromthepool,http://java2s.com:80/Tutorial/Java/0160__Thread/SimplethreadpoolAtaskisexecutedbyobtainingathreadfromthepool.htm,20101020072712
(thin),http://www.java2s.com:80/Tutorial/Java/0160__Thread/Specifythenumberofmillisecondstowaitforthedeathofathread.htm,20071023083620
thread-stoppingathreadsetabooleanvariablethatthethreadchecksoccasionally,http://www.java2s.com:80/Tutorial/Java/0160__Thread/StoppingaThreadsetabooleanvariablethatthethreadchecksoccasionally.htm,20100309133259
thread-stoppingathreadusebooleanvaluetostopathread,http://www.java2s.com:80/Tutorial/Java/0160__Thread/StoppingaThreadUsebooleanvaluetostopathread.htm,20070612233745
thread-stoppingathreadwithinterrupt,http://www.java2s.com:80/Tutorial/Java/0160__Thread/StoppingaThreadwithinterrupt.htm,20070612195855
(thin),http://www.java2s.com:80/Tutorial/Java/0160__Thread/Suspendingandresumingathreadthemodernway.htm,20080729232458
(thin),http://www.java2s.com:80/Tutorial/Java/0160__Thread/Suspendresumeandstopathread.htm,20090526041824
(thin),http://www.java2s.com:80/Tutorial/Java/0160__Thread/SynchronizedQueuewithProducerandConsumer.htm,20090325103258
(thin),http://www.java2s.com:80/Tutorial/Java/0160__Thread/TestSynchronizedmethod.htm,20090924025553
thread-testunsynchronizedmethod,http://www.java2s.com:80/Tutorial/Java/0160__Thread/TestUnsynchronizedmethod.htm,20100616084239
(thin),http://java2s.com:80/Tutorial/Java/0160__Thread/ThisclassdemonstrateshowtosetPriority.htm,20090129065027
(thin),http://www.java2s.com:80/Tutorial/Java/0160__Thread/Thisprogramisnotsynchronized.htm,20080729002029
(thin),http://www.java2s.com:80/Tutorial/Java/0160__Thread/Thisprogramusesasynchronizedblock.htm,20080728235304
thread-threadjoindemo,http://www.java2s.com:80/Tutorial/Java/0160__Thread/ThreadJoinDemo.htm,20070608194946
(thin),http://www.java2s.com:80/Tutorial/Java/0160__Thread/ThreadSafeCollections.htm,20071013014308
thread-todeterminewhetherathreadhasbeeninterrupted,http://www.java2s.com:80/Tutorial/Java/0160__Thread/Todeterminewhetherathreadhasbeeninterrupted.htm,20070613000835
(thin),http://www.java2s.com:80/Tutorial/Java/0160__Thread/Twothreadsmanipulatinganunsynchronizedbuffer.htm,20071024040516
thread-usewaitandnotifyfromobjectclass,http://www.java2s.com:80/Tutorial/Java/0160__Thread/UsewaitandnotifyfromObjectclass.htm,20100307182621
thread-usingathreadlocalvariable,http://java2s.com/Tutorial/Java/0160__Thread/UsingaThreadLocalVariable.htm,20111106223530
(thin),http://www.java2s.com:80/Tutorial/Java/0160__Thread/Usingjointowaitforthreadstofinish.htm,20080729002035
(thin),http://www.java2s.com:80/Tutorial/Java/0160__Thread/waitandnotifymustonlybeissuedinsideasynchronizedblock.htm,20080801235515
(thin),http://www.java2s.com:80/Tutorial/Java/0160__Thread/Waitforthethreadstofinish.htm,20091114101930
thread-waitingonanobject,http://www.java2s.com:80/Tutorial/Java/0160__Thread/Waitingonanobject.htm,20100616084554
(thin),http://www.java2s.com:80/Tutorial/Java/0160__Thread/Waittheforthecompletionofathread.htm,20091120143704
(thin),http://www.java2s.com:80/Tutorial/Java/0140__Collections/0020__Collections-Framework.htm,20070529042911
(thin),https://www.java2s.com/Tutorial/Java/0140__Collections/0020__Collections-Framework.html,20260517234628
(thin),http://www.java2s.com:80/Tutorial/Java/0140__Collections/0021__Collections.htm,20070612200047
(thin),https://www.java2s.com/Tutorial/Java/0140__Collections/0021__Collections.html,20260516230943
(thin),http://www.java2s.com:80/Tutorial/Java/0140__Collections/0040__Array-Basics.htm,20070520065057
(thin),https://www.java2s.com/Tutorial/Java/0140__Collections/0040__Array-Basics.html,20260518003209
(thin),http://www.java2s.com:80/Tutorial/Java/0140__Collections/0060__Multidimensional-Arrays.htm,20070531214255
(thin),https://www.java2s.com/Tutorial/Java/0140__Collections/0060__Multidimensional-Arrays.html,20260513030408
(thin),http://www.java2s.com:80/Tutorial/Java/0140__Collections/0080__Array-Copy-Clone.htm,20070531231843
(thin),https://www.java2s.com/Tutorial/Java/0140__Collections/0080__Array-Copy-Clone.html,20260711171052
(thin),http://www.java2s.com:80/Tutorial/Java/0140__Collections/0100__Array-Objects.htm,20070529040451
(thin),https://www.java2s.com/Tutorial/Java/0140__Collections/0100__Array-Objects.html,20260521200528
(thin),http://www.java2s.com:80/Tutorial/Java/0140__Collections/0120__Array-Reflection-Utilities.htm,20070531214407
(thin),https://www.java2s.com/Tutorial/Java/0140__Collections/0120__Array-Reflection-Utilities.html,20260514195622
(thin),http://www.java2s.com:80/Tutorial/Java/0140__Collections/0140__Array-Sort-Search.htm,20070501015226
(thin),https://www.java2s.com/Tutorial/Java/0140__Collections/0140__Array-Sort-Search.html,20260510212618
(thin),http://www.java2s.com:80/Tutorial/Java/0140__Collections/0150__Arrays-Utilities.htm,20090628040915
(thin),http://www.java2s.com:80/Tutorial/Java/0140__Collections/0155__Auto-Grow-Array.htm,20090921232906
(thin),http://www.java2s.com:80/Tutorial/Java/0140__Collections/0160__ArrayList.htm,20070531214730
(thin),https://www.java2s.com/Tutorial/Java/0140__Collections/0160__ArrayList.html,20260518125448
(thin),http://www.java2s.com:80/Tutorial/Java/0140__Collections/0180__LinkedList.htm,20070529044939
(thin),https://www.java2s.com/Tutorial/Java/0140__Collections/0180__LinkedList.html,20260512212309
(thin),http://www.java2s.com:80/Tutorial/Java/0140__Collections/0200__Stack.htm,20070531214633
(thin),https://www.java2s.com/Tutorial/Java/0140__Collections/0200__Stack.html,20260513101114
(thin),http://www.java2s.com:80/Tutorial/Java/0140__Collections/0205__Queue.htm,20090612041638
(thin),https://www.java2s.com/Tutorial/Java/0140__Collections/0205__Queue.html,20260513154843
(thin),http://www.java2s.com:80/Tutorial/Java/0140__Collections/0206__PriorityQueue.htm,20090531082700
(thin),https://www.java2s.com/Tutorial/Java/0140__Collections/0206__PriorityQueue.html,20260711170625
(thin),http://java2s.com:80/Tutorial/Java/0140__Collections/0210__Deque.htm,20071012000037
(thin),https://www.java2s.com/Tutorial/Java/0140__Collections/0210__Deque.html,20260514162043
(thin),http://java2s.com:80/Tutorial/Java/0140__Collections/0215__BlockingDeque.htm,20071012230904
(thin),https://www.java2s.com/Tutorial/Java/0140__Collections/0215__BlockingDeque.html,20260510141521
(thin),http://www.java2s.com:80/Tutorial/Java/0140__Collections/0219__Set.htm,20090628040925
(thin),https://www.java2s.com/Tutorial/Java/0140__Collections/0219__Set.html,20260520012920
(thin),http://www.java2s.com:80/Tutorial/Java/0140__Collections/0220__HashSet.htm,20070529051317
(thin),https://www.java2s.com/Tutorial/Java/0140__Collections/0220__HashSet.html,20260514190919
(thin),http://www.java2s.com:80/Tutorial/Java/0140__Collections/0221__LinkedHashSet.htm,20070902103224
(thin),https://www.java2s.com/Tutorial/Java/0140__Collections/0221__LinkedHashSet.html,20260521200458
(thin),http://www.java2s.com:80/Tutorial/Java/0140__Collections/0240__Abstract-Set.htm,20070529051330
(thin),https://www.java2s.com/Tutorial/Java/0140__Collections/0240__Abstract-Set.html,20260710110942
(thin),http://www.java2s.com:80/Tutorial/Java/0140__Collections/0260__TreeSet.htm,20070531214723
(thin),https://www.java2s.com/Tutorial/Java/0140__Collections/0260__TreeSet.html,20260510144207
(thin),http://java2s.com:80/Tutorial/Java/0140__Collections/0270__NavigableSet.htm,20071012162955
(thin),https://www.java2s.com/Tutorial/Java/0140__Collections/0270__NavigableSet.html,20260711180831
(thin),http://www.java2s.com:80/Tutorial/Java/0140__Collections/0271__SortedSet.htm,20090628034402
(thin),https://www.java2s.com/Tutorial/Java/0140__Collections/0271__SortedSet.html,20260520133026
(thin),http://www.java2s.com:80/Tutorial/Java/0140__Collections/0279__Map.htm,20090628034407
(thin),https://www.java2s.com/Tutorial/Java/0140__Collections/0279__Map.html,20260521011137
(thin),http://www.java2s.com:80/Tutorial/Java/0140__Collections/0280__HashMap.htm,20070322202817
(thin),https://www.java2s.com/Tutorial/Java/0140__Collections/0280__HashMap.html,20260514185831
(thin),http://www.java2s.com:80/Tutorial/Java/0140__Collections/0281__LinkedHashMap.htm,20070903113823
(thin),https://www.java2s.com/Tutorial/Java/0140__Collections/0281__LinkedHashMap.html,20260512222855
(thin),http://www.java2s.com:80/Tutorial/Java/0140__Collections/0300__Map.Entry.htm,20070529043200
(thin),https://www.java2s.com/Tutorial/Java/0140__Collections/0300__Map.Entry.html,20260521170822
(thin),http://www.java2s.com:80/Tutorial/Java/0140__Collections/0320__TreeMap.htm,20070531201359
(thin),https://www.java2s.com/Tutorial/Java/0140__Collections/0320__TreeMap.html,20260517124810
(thin),http://java2s.com:80/Tutorial/Java/0140__Collections/0330__NavigableMap.htm,20071013170454
(thin),https://www.java2s.com/Tutorial/Java/0140__Collections/0330__NavigableMap.html,20260517055232
(thin),http://www.java2s.com:80/Tutorial/Java/0140__Collections/0340__WeakHashMap.htm,20070531232453
(thin),https://www.java2s.com/Tutorial/Java/0140__Collections/0340__WeakHashMap.html,20260509144334
(thin),http://www.java2s.com:80/Tutorial/Java/0140__Collections/0341__IdentityHashMap.htm,20090628042107
(thin),https://www.java2s.com/Tutorial/Java/0140__Collections/0341__IdentityHashMap.html,20260521012815
(thin),http://www.java2s.com:80/Tutorial/Java/0140__Collections/0342__Customized-Map.htm,20090921235759
(thin),http://www.java2s.com:80/Tutorial/Java/0140__Collections/0360__Properties.htm,20070529040300
(thin),https://www.java2s.com/Tutorial/Java/0140__Collections/0360__Properties.html,20260510014310
(thin),http://www.java2s.com:80/Tutorial/Java/0140__Collections/0380__Enumeration-Interface.htm,20070529051308
(thin),https://www.java2s.com/Tutorial/Java/0140__Collections/0380__Enumeration-Interface.html,20260513062818
(thin),http://www.java2s.com:80/Tutorial/Java/0140__Collections/0400__Iterable-Interface.htm,20070529035838
(thin),https://www.java2s.com/Tutorial/Java/0140__Collections/0400__Iterable-Interface.html,20260513090951
(thin),http://www.java2s.com:80/Tutorial/Java/0140__Collections/0410__Iterator.htm,20081201035036
(thin),https://www.java2s.com/Tutorial/Java/0140__Collections/0410__Iterator.html,20260711211158
(thin),http://www.java2s.com:80/Tutorial/Java/0140__Collections/0420__ListIterator.htm,20070329152640
(thin),https://www.java2s.com/Tutorial/Java/0140__Collections/0420__ListIterator.html,20260516051035
(thin),http://www.java2s.com:80/Tutorial/Java/0140__Collections/0440__Comparable-Interface.htm,20070531224922
(thin),https://www.java2s.com/Tutorial/Java/0140__Collections/0440__Comparable-Interface.html,20260515044456
(thin),http://www.java2s.com:80/Tutorial/Java/0140__Collections/0460__Comparator-Interface.htm,20070329152843
(thin),https://www.java2s.com/Tutorial/Java/0140__Collections/0460__Comparator-Interface.html,20260517085909
(thin),http://www.java2s.com:80/Tutorial/Java/0140__Collections/0480__Collections-Search.htm,20070531201255
(thin),https://www.java2s.com/Tutorial/Java/0140__Collections/0480__Collections-Search.html,20260515111322
(thin),http://www.java2s.com:80/Tutorial/Java/0140__Collections/0500__Collections-Sort.htm,20070531194945
(thin),https://www.java2s.com/Tutorial/Java/0140__Collections/0500__Collections-Sort.html,20260519042146
(thin),http://www.java2s.com:80/Tutorial/Java/0140__Collections/0520__Finding-Extremes.htm,20070522042455
(thin),https://www.java2s.com/Tutorial/Java/0140__Collections/0520__Finding-Extremes.html,20260511210528
(thin),http://www.java2s.com:80/Tutorial/Java/0140__Collections/0540__Wrapped-Collections.htm,20070529050932
(thin),https://www.java2s.com/Tutorial/Java/0140__Collections/0540__Wrapped-Collections.html,20260511173050
(thin),http://www.java2s.com:80/Tutorial/Java/0140__Collections/0560__Concurrent-Modification.htm,20070529040334
(thin),https://www.java2s.com/Tutorial/Java/0140__Collections/0560__Concurrent-Modification.html,20260513003411
(thin),http://www.java2s.com:80/Tutorial/Java/0140__Collections/0580__Prebuilt-Collections.htm,20070529050740
(thin),https://www.java2s.com/Tutorial/Java/0140__Collections/0580__Prebuilt-Collections.html,20260711024754
(thin),http://www.java2s.com:80/Tutorial/Java/0140__Collections/0600__Vector.htm,20070531231603
(thin),https://www.java2s.com/Tutorial/Java/0140__Collections/0600__Vector.html,20260521204740
(thin),http://www.java2s.com:80/Tutorial/Java/0140__Collections/0620__Hashtable-Basics.htm,20070529043024
(thin),https://www.java2s.com/Tutorial/Java/0140__Collections/0620__Hashtable-Basics.html,20260515021252
(thin),http://www.java2s.com:80/Tutorial/Java/0140__Collections/0640__BitSet.htm,20070430045946
(thin),https://www.java2s.com/Tutorial/Java/0140__Collections/0640__BitSet.html,20260516085926
(thin),http://www.java2s.com:80/Tutorial/Java/0140__Collections/0660__Your-LinkedList.htm,20070529043835
(thin),http://www.java2s.com:80/Tutorial/Java/0140__Collections/0680__Your-Queue.htm,20070529043054
(thin),https://www.java2s.com/Tutorial/Java/0140__Collections/0680__Your-Queue.html,20260520230648
(thin),http://www.java2s.com:80/Tutorial/Java/0140__Collections/0700__Your-Stack.htm,20070319193637
(thin),https://www.java2s.com/Tutorial/Java/0140__Collections/0700__Your-Stack.html,20260510112435
(thin),http://www.java2s.com:80/Tutorial/Java/0140__Collections/0720__Sort.htm,20070529035747
(thin),https://www.java2s.com/Tutorial/Java/0140__Collections/0720__Sort.html,20260516174138
(thin),http://java2s.com:80/Tutorial/Java/0140__Collections/0740__Search.htm,20071013170514
(thin),https://www.java2s.com/Tutorial/Java/0140__Collections/0740__Search.html,20260710112804
(thin),http://www.java2s.com:80/Tutorial/Java/0140__Collections/0760__Collections.htm,20080801235449
(thin),https://www.java2s.com/Tutorial/Java/0140__Collections/0760__Collections.html,20260515224430
(thin),http://www.java2s.com:80/Tutorial/Java/0140__Collections/0780__Reference.htm,20090912155353
(thin),https://www.java2s.com/Tutorial/Java/0140__Collections/0780__Reference.html,20260520233629
(thin),http://www.java2s.com:80/Tutorial/Java/0140__Collections/AbasicprioritylinkedlistmaintaininganindividualLinkedListforeachprioritylevel.htm,20091005020827
(thin),http://www.java2s.com:80/Tutorial/Java/0140__Collections/Abinarysearchimplementation.htm,20110513095819
(thin),http://www.java2s.com:80/Tutorial/Java/0140__Collections/AbooleanisbeingstoredandthenretrievedfromanArrayList.htm,20090601141540
(thin),http://www.java2s.com:80/Tutorial/Java/0140__Collections/AbstractSetClass.htm,20071106033506
(thin),http://www.java2s.com:80/Tutorial/Java/0140__Collections/AclassthatwrapsanarraywithaListinterface.htm,20091009035027
(thin),http://www.java2s.com:80/Tutorial/Java/0140__Collections/Acombinationoftwocollectionsintoacollection.htm,20090925094438
(thin),http://www.java2s.com:80/Tutorial/Java/0140__Collections/AddanelementtospecifiedindexofArrayList.htm,20090601140628
(thin),http://www.java2s.com:80/Tutorial/Java/0140__Collections/AddelementsatbeginningandendofLinkedList.htm,20091003162750
collections-addinganothercollection,http://www.java2s.com:80/Tutorial/Java/0140__Collections/AddingAnotherCollection.htm,20070630140827
(thin),http://www.java2s.com:80/Tutorial/Java/0140__Collections/AddingAnotherCollectionwiththeaddAllmethodpublicbooleanaddAllCollectionc.htm,20080204134650
(thin),http://www.java2s.com:80/Tutorial/Java/0140__Collections/AddingElementsaddasingleelement.htm,20071105024449
(thin),http://www.java2s.com:80/Tutorial/Java/0140__Collections/AddingElementsAddingattheEnd.htm,20071031224945
collections-addingelementsinthemiddleofalist,http://www.java2s.com:80/Tutorial/Java/0140__Collections/AddingelementsinthemiddleofaList.htm,20070630073652
(thin),http://www.java2s.com:80/Tutorial/Java/0140__Collections/AddingElementsToaddanelementtoastackcallthepushmethod.htm,20071023083540
(thin),http://www.java2s.com:80/Tutorial/Java/0140__Collections/AddingintheMiddle.htm,20071031224950
(thin),http://www.java2s.com:80/Tutorial/Java/0140__Collections/AddingKeyValuePairs.htm,20071028162017
collections-addingkeyvaluepairspublicobjectputobjectkeyobjectvalue,http://www.java2s.com:80/Tutorial/Java/0140__Collections/AddingKeyValuePairspublicObjectputObjectkeyObjectvalue.htm,20070705212324
(thin),http://www.java2s.com:80/Tutorial/Java/0140__Collections/AddingSingleElements.htm,20070829230359
(thin),http://www.java2s.com:80/Tutorial/Java/0140__Collections/AddingSingleElementstheaddmethod.htm,20080204135721
(thin),http://www.java2s.com:80/Tutorial/Java/0140__Collections/AddobjecttoLinkedList.htm,20080920085807
collections-addorinsertanelementtoarraylistusingjavalistiterator,http://www.java2s.com:80/Tutorial/Java/0140__Collections/AddorinsertanelementtoArrayListusingJavaListIterator.htm,20101014165412
collections-addsalltheelementsofthegivenarraysintoanewdoubletypearray,http://www.java2s.com:80/Tutorial/Java/0140__Collections/Addsalltheelementsofthegivenarraysintoanewdoubletypearray.htm,20100911233525
(thin),http://www.java2s.com:80/Tutorial/Java/0140__Collections/Adoublylinkedlist.htm,20071105044243
(thin),http://www.java2s.com:80/Tutorial/Java/0140__Collections/Afastersmallerstackimplementation.htm,20090914164327
collections-afixedsizemapimplementation,http://java2s.com/Tutorial/Java/0140__Collections/Afixedsizemapimplementation.htm,20111105110346
collections-afteraddingalloftheelementscallthetrimtosizemethod,http://www.java2s.com:80/Tutorial/Java/0140__Collections/AfteraddingalloftheelementscallthetrimToSizemethod.htm,20070707112221
collections-ahashmapthatusesprimitiveintsforthekeyratherthanobjects,http://java2s.com/Tutorial/Java/0140__Collections/Ahashmapthatusesprimitiveintsforthekeyratherthanobjects.htm,20111105111948
(thin),http://java2s.com/Tutorial/Java/0140__Collections/AjavautilMapimplementationusingreferencevalues.htm,20111105111451
collections-aleastrecentlyusedcache,http://www.java2s.com:80/Tutorial/Java/0140__Collections/ALeastRecentlyUsedCache.htm,20091219110338
collections-alternativearraydeclarationsyntax,http://www.java2s.com:80/Tutorial/Java/0140__Collections/AlternativeArrayDeclarationSyntax.htm,20070520064943
(thin),http://www.java2s.com:80/Tutorial/Java/0140__Collections/AmapdeclaredtoholdobjectsofatypeTcanalsoholdobjectsthatextendfromT.htm,20090914164333
collections-amapwherekeysarecomparedbyobjectidentityratherthanequals,http://java2s.com/Tutorial/Java/0140__Collections/AMapwherekeysarecomparedbyobjectidentityratherthanequals.htm,20111105111831
collections-amemoryefficienthashmap,http://java2s.com/Tutorial/Java/0140__Collections/Amemoryefficienthashmap.htm,20111105110719
collections-anarrayisajavaobject,http://www.java2s.com:80/Tutorial/Java/0140__Collections/AnarrayisaJavaobject.htm,20070529045249
(thin),http://www.java2s.com:80/Tutorial/Java/0140__Collections/Aneasywaytoinitializeasetwithoutmanuallyaddingeachelement.htm,20080204135726
(thin),http://www.java2s.com:80/Tutorial/Java/0140__Collections/Anenumerationthatiteratesoveranarray.htm,20101218225446
collections-anidentitymapthatusesreferenceequalityinsteadofobjectequality,http://java2s.com/Tutorial/Java/0140__Collections/AnIdentityMapthatusesreferenceequalityinsteadofobjectequality.htm,20111105111650
(thin),http://www.java2s.com:80/Tutorial/Java/0140__Collections/AnIdentitySetthatusesreferenceequalityinsteadofobjectequality.htm,20091031150155
(thin),http://www.java2s.com:80/Tutorial/Java/0140__Collections/AnimplementationofSetthatmanagesamapofsoftreferencestothesetvalues.htm,20090912084748
(thin),http://www.java2s.com:80/Tutorial/Java/0140__Collections/AnimplementationofthejavautilStackbasedonanArrayListinsteadofaVectorsoitisnotsynchronizedtoprotectagainstmultithreadedaccess.htm,20090914164338
(thin),http://www.java2s.com:80/Tutorial/Java/0140__Collections/AniteratorthatbreakstextintolinesTheresultisequaltoBufferedReaderreadLine.htm,20100831034241
(thin),http://www.java2s.com:80/Tutorial/Java/0140__Collections/AnIteratorthatreturnstheelementsofaspecifiedarrayorotheriteratorsetc.htm,20100831035714
collections-aniteratorthatwrapsanumberofiterators,http://www.java2s.com:80/Tutorial/Java/0140__Collections/AnIteratorthatwrapsanumberofIterators.htm,20100831035719
collections-aniteratorwrapperforanenumeration,http://www.java2s.com:80/Tutorial/Java/0140__Collections/AnIteratorwrapperforanEnumeration.htm,20100831034231
collections-aniteratorwrapperforanobjectallowustodealwithallarraylikestructuresi,http://www.java2s.com:80/Tutorial/Java/0140__Collections/AnIteratorwrapperforanObjectallowustodealwithallarraylikestructuresinaconsistentmanner.htm,20100831034235
collections-anonymousarraysaredeclaredsimilarlytoregulararrays,http://www.java2s.com:80/Tutorial/Java/0140__Collections/Anonymousarraysaredeclaredsimilarlytoregulararrays.htm,20070520061533
(thin),http://www.java2s.com:80/Tutorial/Java/0140__Collections/Anutilityclasstoeaseupusingpropertyfileresourcebundles.htm,20091017194233
(thin),http://www.java2s.com:80/Tutorial/Java/0140__Collections/AppendallelementsofotherCollectiontoArrayList.htm,20090601142959
(thin),http://www.java2s.com:80/Tutorial/Java/0140__Collections/AppendallelementsofotherCollectiontoVector.htm,20090606082750
collections-appendthegivenobjecttothegivenarray,http://www.java2s.com:80/Tutorial/Java/0140__Collections/AppendthegivenObjecttothegivenarray.htm,20100222021259
(thin),http://www.java2s.com:80/Tutorial/Java/0140__Collections/APriorityQueue.htm,20090911041848
(thin),http://www.java2s.com:80/Tutorial/Java/0140__Collections/APropertiesfilestoredinaJARcanbeloadedthisway.htm,20090611063117
(thin),http://www.java2s.com:80/Tutorial/Java/0140__Collections/AQueueImplementedbyaLinkedList.htm,20071104052522
(thin),http://java2s.com:80/Tutorial/Java/0140__Collections/Arrayclone.htm,20071018090646
(thin),http://java2s.com:80/Tutorial/Java/0140__Collections/ArrayGetterandSetterMethods.htm,20071018100721
collections-arrayiterator,http://www.java2s.com:80/Tutorial/Java/0140__Collections/ArrayIterator.htm,20100831035724
(thin),http://www.java2s.com:80/Tutorial/Java/0140__Collections/ArrayListClass.htm,20070630140616
(thin),http://www.java2s.com:80/Tutorial/Java/0140__Collections/ArrayListforintegerobjects.htm,20101011093227
collections-arraylistimplementstheemptyserializableinterface,http://www.java2s.com:80/Tutorial/Java/0140__Collections/ArrayListimplementstheemptySerializableinterface.htm,20070707111512
(thin),http://www.java2s.com:80/Tutorial/Java/0140__Collections/ArrayOfintArrays.htm,20090607215646
(thin),http://www.java2s.com:80/Tutorial/Java/0140__Collections/ArrayOfstringArrays.htm,20090318020302
(thin),http://java2s.com:80/Tutorial/Java/0140__Collections/ArrayReallocation.htm,20071018112751
(thin),http://www.java2s.com:80/Tutorial/Java/0140__Collections/ArraysofArrays.htm,20071018024538
(thin),http://www.java2s.com:80/Tutorial/Java/0140__Collections/ArraysofArraysinVaryingLength.htm,20071018024543
collections-arraysofcharacters,http://www.java2s.com:80/Tutorial/Java/0140__Collections/ArraysofCharacters.htm,20070531205638
(thin),http://www.java2s.com:80/Tutorial/Java/0140__Collections/ArraysofObjects.htm,20071026055303
(thin),http://www.java2s.com:80/Tutorial/Java/0140__Collections/ArraysofStringsinitialvaluesdeterminethesizeofthearray.htm,20071026055308
(thin),http://www.java2s.com:80/Tutorial/Java/0140__Collections/ArraysofStringsusingnewoperator.htm,20071026055314
collections-arraytostring,http://www.java2s.com:80/Tutorial/Java/0140__Collections/ArrayToString.htm,20100222015853
(thin),http://www.java2s.com:80/Tutorial/Java/0140__Collections/AsimpleDoublyLinkedlistclassdesignedtoavoidOnbehaviouroninsertanddelete.htm,20091009035033
(thin),http://java2s.com/Tutorial/Java/0140__Collections/Asimplehashmapfromkeystointegers.htm,20111105111530
(thin),http://www.java2s.com:80/Tutorial/Java/0140__Collections/Asimpleintegerbasedstack.htm,20090914164343
(thin),http://www.java2s.com:80/Tutorial/Java/0140__Collections/AsimplelinkedListimplementation.htm,20091009035038
collections-asortedsetisasetthatmaintainsitsitemsinasortedorder,http://www.java2s.com:80/Tutorial/Java/0140__Collections/Asortedsetisasetthatmaintainsitsitemsinasortedorder.htm,20100313070939
collections-associatingavaluewithanobject,http://www.java2s.com:80/Tutorial/Java/0140__Collections/AssociatingaValuewithanObject.htm,20100509115044
(thin),http://www.java2s.com:80/Code/Java/JSP/Abstract-Class.htm,20060218210542
(thin),https://www.java2s.com/Code/Java/JSP/Abstract-Class.html,20260518123433
(thin),http://www.java2s.com/Code/Java/JSP/Access.htm,20060513063518
(thin),https://www.java2s.com/Code/Java/JSP/Access.html,20260510022610
jsp-accessingthetablefieldindatabase,http://www.java2s.com/Code/Java/JSP/AccessingthetablefieldinDatabase.htm,20060513085335
(thin),http://www.java2s.com/Code/Java/JSP/AcommandlineinterfacetoaWebserver.htm,20060513072236
jsp-acustomtagempty,http://www.java2s.com/Code/Java/JSP/Acustomtagempty.htm,20061026203950
jsp-acustomtagemptywithattributes,http://www.java2s.com/Code/Java/JSP/Acustomtagemptywithattributes.htm,20061026204005
jsp-acustomtagiteration,http://www.java2s.com/Code/Java/JSP/Acustomtagiteration.htm,20061026203547
jsp-acustomtagscriptingvariable,http://www.java2s.com/Code/Java/JSP/Acustomtagscriptingvariable.htm,20061026204011
jsp-acustomtagthathasneitherattributesnorbodycontent,http://www.java2s.com/Code/Java/JSP/Acustomtagthathasneitherattributesnorbodycontent.htm,20061026203506
(thin),http://www.java2s.com:80/Code/Java/JSP/Addingvalue.htm,20060506191911
(thin),http://www.java2s.com:80/Code/Java/JSP/AdditionandSubtraction.htm,20060506192002
jsp-advanceddynamicwebcontentgeneration1,http://www.java2s.com:80/Code/Java/JSP/AdvancedDynamicWebContentGeneration1.htm,20060504224336
jsp-advanceddynamicwebcontentgenerationformerrorcheck,http://www.java2s.com:80/Code/Java/JSP/AdvancedDynamicWebContentGenerationformerrorcheck.htm,20060713175752
jsp-afirstjspdatabase,http://www.java2s.com/Code/Java/JSP/AFirstJSPDatabase.htm,20060513085452
(thin),http://www.java2s.com/Code/Java/JSP/AnAutomaticDataConversion.htm,20060513090521
(thin),http://www.java2s.com:80/Code/Java/JSP/Applet-JSP.htm,20060218224015
(thin),http://www.java2s.com:80/Code/Java/JSP/Application-Object.htm,20060218211011
(thin),https://www.java2s.com/Code/Java/JSP/Application-Object.html,20260509231932
jsp-applicationobject,http://www.java2s.com/Code/Java/JSP/ApplicationObject.htm,20061018171538
jsp-applyingjspintherealworldjspprojectiishoppingcartapplication,http://www.java2s.com/Code/Java/JSP/ApplyingJSPintheRealWorldJSPProjectIIShoppingCartApplication.htm,20061018191846
jsp-applyingjspintherealworldjspprojectipersonalizedportal,http://www.java2s.com:80/Code/Java/JSP/ApplyingJSPintheRealWorldJSPProjectIPersonalizedPortal.htm,20060716185548
(thin),http://www.java2s.com:80/Code/Java/JSP/Array.htm,20060218223352
(thin),https://www.java2s.com/Code/Java/JSP/Array.html,20260513224754
(thin),http://www.java2s.com/Code/Java/JSP/BasicExampleofaCustomTag.htm,20060513101229
jsp-basics,http://www.java2s.com/Code/Java/JSP/Basics.htm,20060513061149
(thin),https://www.java2s.com/Code/Java/JSP/Basics.html,20260511234246
(thin),http://www.java2s.com:80/Code/Java/JSP/Bean-Scope.htm,20060218224024
(thin),https://www.java2s.com/Code/Java/JSP/Bean-Scope.html,20260512092411
jsp-beanpropertydisplay,http://www.java2s.com:80/Code/Java/JSP/Beanpropertydisplay.htm,20060829134528
(thin),http://www.java2s.com/Code/Java/JSP/Beans.htm,20060513063054
jsp-beanswithscriptlet,http://www.java2s.com/Code/Java/JSP/Beanswithscriptlet.htm,20061026215629
(thin),http://www.java2s.com:80/Code/Java/JSP/Bs.htm,20061128194149
(thin),http://www.java2s.com:80/Code/Java/JSP/Bswithscriptlet.htm,20061127171312
jsp-buildingasimpleerrorhandlingpage,http://www.java2s.com:80/Code/Java/JSP/Buildingasimpleerrorhandlingpage.htm,20060713173425
(thin),http://www.java2s.com:80/Code/Java/JSP/CalendarAfternoonJsp.htm,20060307045326
jsp-callingaprivatemethod,http://www.java2s.com/Code/Java/JSP/CallingaPrivateMethod.htm,20061026215614
jsp-callingastoredprocedurewithinajsp,http://www.java2s.com/Code/Java/JSP/CallingaStoredprocedurewithinaJSP.htm,20060513085508
jsp-callingsuperclassconstructors,http://www.java2s.com/Code/Java/JSP/CallingSuperclassConstructors.htm,20061027021051
(thin),http://www.java2s.com/Code/Java/JSP/CastingtoaNewType.htm,20060513090511
jsp-catchinganarrayindexoutofboundsexceptionexception,http://www.java2s.com:80/Code/Java/JSP/CatchinganArrayIndexOutOfBoundsExceptionException.htm,20061026101927
jsp-causingaruntimeerror,http://www.java2s.com/Code/Java/JSP/CausingaRuntimeError.htm,20061027021039
(thin),http://www.java2s.com/Code/Java/JSP/CelsiusFahrenheitTableJsp.htm,20060513073339
(thin),http://www.java2s.com:80/Code/Java/JSP/CheckingOperatorPrecedence.htm,20060506192110
(thin),http://www.java2s.com:80/Code/Java/JSP/Collaboration.htm,20060218224631
jsp-commentsinjsppage,http://www.java2s.com:80/Code/Java/JSP/CommentsinJSPpage.htm,20060504223709
(thin),http://www.java2s.com:80/Code/Java/JSP/Component.htm,20060218205457
(thin),http://www.java2s.com:80/Code/Java/JSP/Constructors.htm,20060218210043
(thin),https://www.java2s.com/Code/Java/JSP/Constructors.html,20260516025656
(thin),http://www.java2s.com/Code/Java/JSP/Cookie.htm,20060513053525
(thin),https://www.java2s.com/Code/Java/JSP/Cookie.html,20260520232755
(thin),http://www.java2s.com/Code/Java/JSP/CookiedisplayinaJSPpage.htm,20060513081043
jsp-createyourowntagacustomtagbody,http://www.java2s.com/Code/Java/JSP/Createyourowntagacustomtagbody.htm,20061026203917
jsp-creatingacustomexceptionobject,http://www.java2s.com:80/Code/Java/JSP/CreatingaCustomExceptionObject.htm,20061026100723
(thin),http://www.java2s.com/Code/Java/JSP/CreatingaJavaInterface.htm,20060513090701
jsp-creatingamethod,http://www.java2s.com:80/Code/Java/JSP/CreatingaMethod.htm,20070128195744
(thin),http://www.java2s.com/Code/Java/JSP/CreatinganArray.htm,20060513083412
(thin),http://www.java2s.com/Code/Java/JSP/CreatingaString.htm,20060513081924
jsp-creatingatable,http://www.java2s.com/Code/Java/JSP/CreatingaTable.htm,20060513085344
(thin),http://www.java2s.com/Code/Java/JSP/CreatingaVariable.htm,20060513083444
jsp-cssjavascriptvbscriptandjsp1,http://www.java2s.com:80/Code/Java/JSP/CSSJavaScriptVBScriptandJSP1.htm,20060504224108
jsp-cssjavascriptvbscriptandjsp2,http://www.java2s.com:80/Code/Java/JSP/CSSJavaScriptVBScriptandJSP2.htm,20060504224116
jsp-currentlocale,http://www.java2s.com:80/Code/Java/JSP/CurrentLocale.htm,20070503153327
(thin),http://www.java2s.com:80/Code/Java/JSP/Custom-Tag.htm,20060218224037
(thin),https://www.java2s.com/Code/Java/JSP/Custom-Tag.html,20260516231135
(thin),http://www.java2s.com:80/Code/Java/JSP/Customized-Tag.htm,20060218210549
(thin),https://www.java2s.com/Code/Java/JSP/Customized-Tag.html,20260515010749
(thin),http://www.java2s.com/Code/Java/JSP/CustomTagConverter.htm,20060513101222
(thin),http://www.java2s.com/Code/Java/JSP/CustomTagCurrency.htm,20060513101213
(thin),http://www.java2s.com/Code/Java/JSP/CustomTagDebugTag.htm,20060513101226
(thin),http://www.java2s.com:80/Code/Java/JSP/Data-Type.htm,20060218205508
(thin),https://www.java2s.com/Code/Java/JSP/Data-Type.html,20260520071635
(thin),http://www.java2s.com:80/Code/Java/JSP/Database.htm,20060218205356
(thin),https://www.java2s.com/Code/Java/JSP/Database.html,20260710112350
(thin),http://www.java2s.com:80/Code/Java/JSP/Date-Calendar.htm,20060218224638
(thin),https://www.java2s.com/Code/Java/JSP/Date-Calendar.html,20260521173113
jsp-dealwiththecookie,http://www.java2s.com/Code/Java/JSP/Dealwiththecookie.htm,20060513081038
jsp-dealwiththeerrors,http://www.java2s.com:80/Code/Java/JSP/Dealwiththeerrors.htm,20060713173642
(thin),http://www.java2s.com:80/Code/Java/JSP/DealWithXMLInJSP.htm,20070109212932
(thin),http://www.java2s.com:80/Code/Java/JSP/Debug.htm,20060218204906
jsp-declarationtagexample,http://www.java2s.com:80/Code/Java/JSP/DeclarationTagExample.htm,20060504223833
jsp-declarationtagmethods,http://www.java2s.com:80/Code/Java/JSP/DeclarationTagMethods.htm,20060504223838
jsp-declaringmultiplemethods,http://www.java2s.com:80/Code/Java/JSP/DeclaringMultipleMethods.htm,20070128200516
(thin),http://www.java2s.com:80/Code/Java/JSP/Definefunction.htm,20070110221349
(thin),http://www.java2s.com/Code/Java/JSP/Demoforloop.htm,20060513083426
jsp-displaytableindatabase,http://www.java2s.com/Code/Java/JSP/DisplaytableinDatabase.htm,20060513085327
(thin),http://www.java2s.com/Code/Java/JSP/doubleFindingAverageGrades.htm,20060513090516
jsp-duplicatedsessionvaraibles,http://www.java2s.com:80/Code/Java/JSP/Duplicatedsessionvaraibles.htm,20060428120329
(thin),http://www.java2s.com:80/Code/Java/JSP/EL.htm,20060218223314
(thin),https://www.java2s.com/Code/Java/JSP/EL.html,20260515103228
jsp-elandcomplexjavabeans,http://www.java2s.com/Code/Java/JSP/ELandComplexJavaBeans.htm,20061026215700
jsp-elandcomplexjavabeans1,http://www.java2s.com:80/Code/Java/JSP/ELandComplexJavaBeans1.htm,20070428132819
jsp-elarithmetic,http://www.java2s.com:80/Code/Java/JSP/ELArithmetic.htm,20070428084706
jsp-elfunctionexamples,http://www.java2s.com:80/Code/Java/JSP/ELFunctionExamples.htm,20070901215002
(thin),http://www.java2s.com/Code/Java/JSP/EMail.htm,20060513054943
(thin),https://www.java2s.com/Code/Java/JSP/EMail.html,20260513124649
jsp-embeddingcode,http://www.java2s.com:80/Code/Java/JSP/EmbeddingCode.htm,20070119000732
jsp-errorhandlingcompileerrorinjsppage,http://www.java2s.com:80/Code/Java/JSP/ErrorHandlingcompileerrorinJSPpage.htm,20060713174550
(thin),http://www.java2s.com/Code/Java/JSP/Errors.htm,20060513064245
(thin),https://www.java2s.com/Code/Java/JSP/Errors.html,20260609002117
jsp-errorwithouthandler,http://www.java2s.com:80/Code/Java/JSP/Errorwithouthandler.htm,20060713173618
(thin),http://www.java2s.com:80/Code/Java/JSP/Exception.htm,20060218205514
(thin),https://www.java2s.com/Code/Java/JSP/Exception.html,20260515195843
jsp-expressionlanguageexamples,http://www.java2s.com:80/Code/Java/JSP/ExpressionLanguageExamples.htm,20060504224048
jsp-fetchingdatafromadatabase,http://www.java2s.com/Code/Java/JSP/FetchingDataFromaDatabase.htm,20060513085415
jsp-fieldsofthecalendarclass,http://www.java2s.com/Code/Java/JSP/FieldsoftheCalendarClass.htm,20060513094218
(thin),http://www.java2s.com:80/Code/Java/JSP/File-Binary-Read.htm,20060218210748
(thin),https://www.java2s.com/Code/Java/JSP/File-Binary-Read.html,20260518000113
(thin),http://www.java2s.com:80/Code/Java/JSP/File-Binary-Write.htm,20060218210914
(thin),https://www.java2s.com/Code/Java/JSP/File-Binary-Write.html,20260515101918
(thin),http://www.java2s.com:80/Code/Java/JSP/File-List.htm,20060218205520
(thin),https://www.java2s.com/Code/Java/JSP/File-List.html,20260512062956
(thin),http://www.java2s.com:80/Code/Java/JSP/File-Reader.htm,20060218224201
(thin),https://www.java2s.com/Code/Java/JSP/File-Reader.html,20260513184719
jsp-filetheguestbook,http://www.java2s.com:80/Code/Java/JSP/FileTheGuestBook.htm,20070111182850
(thin),http://www.java2s.com/Code/Java/JSP/FileWritingBinaryData.htm,20060513094711
jsp-fillingatable,http://www.java2s.com/Code/Java/JSP/FillingaTable.htm,20060513085322
jsp-forloopusingtwoloopindexes,http://www.java2s.com:80/Code/Java/JSP/ForloopUsingTwoLoopIndexes.htm,20070504031600
(thin),http://www.java2s.com:80/Code/Java/JSP/Form-Action.htm,20060218224209
(thin),https://www.java2s.com/Code/Java/JSP/Form-Action.html,20260516145045
(thin),http://www.java2s.com:80/Code/Java/JSP/Form-Beans.htm,20060218224043
(thin),https://www.java2s.com/Code/Java/JSP/Form-Beans.html,20260510030658
(thin),http://www.java2s.com:80/Code/Java/JSP/Form-Buttons.htm,20060218210050
(thin),https://www.java2s.com/Code/Java/JSP/Form-Buttons.html,20260519164539
(thin),http://www.java2s.com:80/Code/Java/JSP/Form-CheckBox.htm,20060218224644
(thin),https://www.java2s.com/Code/Java/JSP/Form-CheckBox.html,20260519064158
(thin),http://www.java2s.com:80/Code/Java/JSP/Form-Frame.htm,20060218224049
(thin),http://www.java2s.com:80/Code/Java/JSP/Form-Hidden-Field.htm,20060218210921
(thin),https://www.java2s.com/Code/Java/JSP/Form-Hidden-Field.html,20260510015036
(thin),http://www.java2s.com:80/Code/Java/JSP/Form-Image.htm,20060218224056
(thin),https://www.java2s.com/Code/Java/JSP/Form-Image.html,20260511225234
(thin),http://www.java2s.com:80/Code/Java/JSP/Form-Password.htm,20060218224654
(thin),https://www.java2s.com/Code/Java/JSP/Form-Password.html,20260510212729
(thin),http://www.java2s.com:80/Code/Java/JSP/Form-Radio-Button.htm,20060218210928
(thin),https://www.java2s.com/Code/Java/JSP/Form-Radio-Button.html,20260518192244
(thin),http://www.java2s.com:80/Code/Java/JSP/Form-Select.htm,20060218205823
(thin),http://www.java2s.com:80/Code/Java/JSP/Form-TextArea.htm,20060218224700
(thin),http://www.java2s.com:80/Code/Java/JSP/Form-TextField.htm,20060218210557
(thin),https://www.java2s.com/Code/Java/JSP/Form-TextField.html,20260516083735
(thin),http://www.java2s.com:80/Code/Java/JSP/Form.htm,20060218205003
(thin),http://www.java2s.com/Code/Java/JSP/FormActionJspRedirect.htm,20060513075547
(thin),http://www.java2s.com/Code/Java/JSP/Formatdate.htm,20060513094157
(thin),http://www.java2s.com/Code/Java/JSP/Formatnow.htm,20060513094206
jsp-formtextfielddemo,http://www.java2s.com/Code/Java/JSP/FormTextFieldDemo.htm,20061018174654
(thin),http://www.java2s.com/Code/Java/JSP/Forwardarequest.htm,20060513080151
(thin),http://www.java2s.com:80/Code/Java/JSP/Forwarding.htm,20060218224101
(thin),https://www.java2s.com/Code/Java/JSP/Forwarding.html,20260517001402
(thin),http://www.java2s.com:80/Code/Java/JSP/GetRequestParameter.htm,20070108223954
jsp-getsetpropertiesjstl,http://www.java2s.com/Code/Java/JSP/GetSetPropertiesJSTL.htm,20061026215655
jsp-gettingapropertyvalue,http://www.java2s.com/Code/Java/JSP/GettingaPropertyValue.htm,20061026220011
jsp-gettingheaderdatajsp,http://www.java2s.com:80/Code/Java/JSP/GettingHeaderDataJsp.htm,20070308130935
jsp-gettingparameternamesjsp,http://www.java2s.com:80/Code/Java/JSP/GettingParameterNamesJsp.htm,20060505114321
(thin),http://www.java2s.com/Code/Java/JSP/GettingStringLength.htm,20060513081928
(thin),http://www.java2s.com/Code/Java/JSP/Header.htm,20060513061042
(thin),https://www.java2s.com/Code/Java/JSP/Header.html,20260517175625
(thin),http://www.java2s.com:80/Code/Java/JSP/HTML-Output.htm,20060218205830
(thin),https://www.java2s.com/Code/Java/JSP/HTML-Output.html,20260611192500
jsp-httpechofortesting,http://www.java2s.com/Code/Java/JSP/HTTPEchoFortesting.htm,20060513072242
(thin),http://java2s.com/Code/Java/Collections-Data-Structure/Abagofweaklyreferencedobjects.htm,20100209060333
collections-data-structure-abasicprioritylinkedlistmaintaininganindividuallinked,http://java2s.com/Code/Java/Collections-Data-Structure/AbasicprioritylinkedlistmaintaininganindividualLinkedListforeachprioritylevel.htm,20100211050240
(thin),http://www.java2s.com:80/Code/Java/Collections-Data-Structure/Abinarysearchimplementation.htm,20090831030729
collections-data-structure-abooleanisbeingstoredandthenretrievedfromanarraylist,http://www.java2s.com:80/Code/Java/Collections-Data-Structure/AbooleanisbeingstoredandthenretrievedfromanArrayList.htm,20090425194001
collections-data-structure-acircularqueuefrommina,http://java2s.com/Code/Java/Collections-Data-Structure/Acircularqueuefrommina.htm,20111124203541
collections-data-structure-aclassforyoutoextendwhenyouwantobjecttomaintainadoubl,http://www.java2s.com:80/Code/Java/Collections-Data-Structure/Aclassforyoutoextendwhenyouwantobjecttomaintainadoublylinkedlist.htm,20091108200406
collections-data-structure-aclassimplementingcomparable,http://www.java2s.com:80/Code/Java/Collections-Data-Structure/AClassImplementingComparable.htm,20060905011634
collections-data-structure-aclassthatwrapsanarraywithalistinterface,http://www.java2s.com:80/Code/Java/Collections-Data-Structure/AclassthatwrapsanarraywithaListinterface.htm,20091016224931
collections-data-structure-aclasstoiterateoverallpermutationsofanarray,http://www.java2s.com:80/Code/Java/Collections-Data-Structure/Aclasstoiterateoverallpermutationsofanarray.htm,20110926030351
collections-data-structure-acombinationoftwocollectionsintoacollection,http://java2s.com/Code/Java/Collections-Data-Structure/Acombinationoftwocollectionsintoacollection.htm,20100211233554
collections-data-structure-acompacthashsetimplementsthesetinterfacemoretightlyin,http://java2s.com/Code/Java/Collections-Data-Structure/ACompactHashSetimplementsthesetinterfacemoretightlyinmemoryandmoreefficientlythanJavasjavautilHashSet.htm,20111125071912
collections-data-structure-acomparatorforbooleanobjectsthatcansorteithertrueorfa,http://www.java2s.com:80/Code/Java/Collections-Data-Structure/AComparatorforBooleanobjectsthatcansorteithertrueorfalsefirst.htm,20091124193831
collections-data-structure-actslikeanjavautilarraylistbutforprimitiveintvalues,http://www.java2s.com:80/Code/Java/Collections-Data-Structure/ActslikeanjavautilArrayListbutforprimitiveintvalues.htm,20111115002804
collections-data-structure-actslikeanjavautilarraylistbutforprimitivelongvalues,http://www.java2s.com:80/Code/Java/Collections-Data-Structure/ActslikeanjavautilArrayListbutforprimitivelongvalues.htm,20111115124906
(thin),http://java2s.com/Code/Java/Collections-Data-Structure/AdaemonthreadthatcontinuouslydequeuesRunnableinstancesfromaqueueandexecutesthem.htm,20111125115414
collections-data-structure-adaptiteratortoiterable,http://www.java2s.com:80/Code/Java/Collections-Data-Structure/Adaptiteratortoiterable.htm,20111124051228
collections-data-structure-adaptiveextensionofthejavautilvectorclass,http://www.java2s.com:80/Code/Java/Collections-Data-Structure/AdaptiveextensionofthejavautilVectorclass.htm,20090930080856
collections-data-structure-addanelementtospecifiedindexofjavaarraylist,http://www.java2s.com:80/Code/Java/Collections-Data-Structure/AddanelementtospecifiedindexofJavaArrayList.htm,20090425202348
collections-data-structure-addarraytocollection,http://www.java2s.com:80/Code/Java/Collections-Data-Structure/Addarraytocollection.htm,20111115133938
collections-data-structure-addelementsatbeginningandendoflinkedlistjavaexample,http://www.java2s.com:80/Code/Java/Collections-Data-Structure/AddelementsatbeginningandendofLinkedListJavaexample.htm,20090422182846
collections-data-structure-addnewvaluetoexsistingarraythenewvalueisindexedtothel,http://www.java2s.com:80/Code/Java/Collections-Data-Structure/AddnewvaluetoexsistingarrayThenewvalueisindexedtothelast.htm,20111109124543
collections-data-structure-addnewvaluewhichsetsasthefirstvaluetoexistingarray,http://www.java2s.com:80/Code/Java/Collections-Data-Structure/Addnewvaluewhichsetsasthefirstvaluetoexistingarray.htm,20111109105615
collections-data-structure-addonearraytoanother,http://www.java2s.com:80/Code/Java/Collections-Data-Structure/Addonearraytoanother.htm,20111118051833
collections-data-structure-addorinsertanelementtoarraylistusingjavalistiteratore,http://www.java2s.com:80/Code/Java/Collections-Data-Structure/AddorinsertanelementtoArrayListusingJavaListIteratorExample.htm,20090422182851
collections-data-structure-addsalltheelementsofthegivenarraysintoanewarray,http://www.java2s.com:80/Code/Java/Collections-Data-Structure/Addsalltheelementsofthegivenarraysintoanewarray.htm,20091117172534
collections-data-structure-addsalltheelementsofthegivenarraysintoanewbooleanvalu,http://java2s.com/Code/Java/Collections-Data-Structure/Addsalltheelementsofthegivenarraysintoanewbooleanvaluearray.htm,20100201080251
collections-data-structure-addsalltheelementsofthegivenarraysintoanewbytetypearr,http://java2s.com/Code/Java/Collections-Data-Structure/Addsalltheelementsofthegivenarraysintoanewbytetypearray.htm,20100201081505
collections-data-structure-addsalltheelementsofthegivenarraysintoanewchartypearr,http://java2s.com/Code/Java/Collections-Data-Structure/Addsalltheelementsofthegivenarraysintoanewchartypearray.htm,20100201075550
collections-data-structure-addsalltheelementsofthegivenarraysintoanewdoubletypea,http://java2s.com/Code/Java/Collections-Data-Structure/Addsalltheelementsofthegivenarraysintoanewdoubletypearray.htm,20100201075810
collections-data-structure-addsalltheelementsofthegivenarraysintoanewfloattypear,http://java2s.com/Code/Java/Collections-Data-Structure/Addsalltheelementsofthegivenarraysintoanewfloattypearray.htm,20100201081914
collections-data-structure-addsalltheelementsofthegivenarraysintoanewinttypearra,http://java2s.com/Code/Java/Collections-Data-Structure/Addsalltheelementsofthegivenarraysintoanewinttypearray.htm,20100201081724
collections-data-structure-addsalltheelementsofthegivenarraysintoanewlongtypearr,http://java2s.com/Code/Java/Collections-Data-Structure/Addsalltheelementsofthegivenarraysintoanewlongtypearray.htm,20100201075958
collections-data-structure-addsalltheelementsofthegivenarraysintoanewshorttypear,http://java2s.com/Code/Java/Collections-Data-Structure/Addsalltheelementsofthegivenarraysintoanewshorttypearray.htm,20100201081001
collections-data-structure-addstheobjecttothearray,http://www.java2s.com:80/Code/Java/Collections-Data-Structure/Addstheobjecttothearray.htm,20111106022745
collections-data-structure-addtoendperformancecomparelinklistandarraylist,http://www.java2s.com/Code/Java/Collections-Data-Structure/AddtoendPerformancecompareLinkListandArrayList.htm,20061018171335
collections-data-structure-addtostartperformancecomparelinklistandarraylist,http://www.java2s.com/Code/Java/Collections-Data-Structure/AddtostartPerformancecompareLinkListandArrayList.htm,20061018171412
(thin),http://www.java2s.com:80/Code/Java/Collections-Data-Structure/AddvaluestoHashSetString.htm,20081112055625
(thin),http://www.java2s.com:80/Code/Java/Collections-Data-Structure/AddvaluestoTreeSetString.htm,20090411122142
collections-data-structure-adirectedgraphdatastructure,http://www.java2s.com:80/Code/Java/Collections-Data-Structure/Adirectedgraphdatastructure.htm,20091113151609
collections-data-structure-afastersmallerstackimplementation,http://www.java2s.com:80/Code/Java/Collections-Data-Structure/Afastersmallerstackimplementation.htm,20100603022835
collections-data-structure-afixedsizemapimplementation,http://java2s.com/Code/Java/Collections-Data-Structure/Afixedsizemapimplementation.htm,20100213172901
(thin),http://www.java2s.com:80/Code/Java/Collections-Data-Structure/AGOFAdaptertomakeinstancesofoldEnumerationinterfacebehavelikenewIteratorinterface.htm,20061221100333
collections-data-structure-agrowablearrayofbytes,http://www.java2s.com:80/Code/Java/Collections-Data-Structure/Agrowablearrayofbytes.htm,20111106030951
(thin),http://java2s.com/Code/Java/Collections-Data-Structure/Agrowablearrayofintvaluessuitableforusewithmultiplethreads.htm,20100211054408
collections-data-structure-ahashmapthatusesprimitiveintsforthekeyratherthanobjec,http://java2s.com/Code/Java/Collections-Data-Structure/Ahashmapthatusesprimitiveintsforthekeyratherthanobjects.htm,20100213172719
collections-data-structure-ahashtablebasedmapimplementationwithsoftkeys,http://java2s.com/Code/Java/Collections-Data-Structure/AhashtablebasedMapimplementationwithsoftkeys.htm,20100213172703
collections-data-structure-ahashtablebasedmapimplementationwithweakkeysandusingr,http://java2s.com/Code/Java/Collections-Data-Structure/AhashtablebasedMapimplementationwithweakkeysandusingreferenceequalityinplaceofobjectequalitywhencomparingkeysandvalues.htm,20100204195229
collections-data-structure-ahashtablewithemweakkeysemfullconcurrencyofretrievals,http://java2s.com/Code/Java/Collections-Data-Structure/Ahashtablewithemweakkeysemfullconcurrencyofretrievalsandadjustableexpectedconcurrencyforupdates.htm,20111125060649
collections-data-structure-aheapbasedpriorityqueuewithoutanyconcurrencycontrol,http://www.java2s.com:80/Code/Java/Collections-Data-Structure/Aheapbasedpriorityqueuewithoutanyconcurrencycontrol.htm,20111002124527
collections-data-structure-ajavautilmapimplementationusingreferencevalues,http://java2s.com/Code/Java/Collections-Data-Structure/AjavautilMapimplementationusingreferencevalues.htm,20100209014820
(thin),http://java2s.com/Code/Java/Collections-Data-Structure/AjavautilMapimplementationwithsoftvalues.htm,20100210145400
collections-data-structure-ajavautilmapinterfacewhichcanonlyholdasingleobject,http://java2s.com/Code/Java/Collections-Data-Structure/AjavautilMapinterfacewhichcanonlyholdasingleobject.htm,20100213172746
(thin),http://www.java2s.com/Code/Java/Collections-Data-Structure/Algorithms.htm,20060513060252
collections-data-structure-algorithms,https://www.java2s.com/Code/Java/Collections-Data-Structure/Algorithms.html,20260517183617
collections-data-structure-alisthelperclassthatattemptstoavoidunneccessarylistcr,http://www.java2s.com:80/Code/Java/Collections-Data-Structure/AListhelperclassthatattemptstoavoidunneccessaryListcreation.htm,20091108202145
collections-data-structure-alistthatlikeasetcontainsnoduplicateelements,http://www.java2s.com:80/Code/Java/Collections-Data-Structure/AListthatlikeaSetcontainsnoduplicateElements.htm,20110927192058
collections-data-structure-allowsthreadstocommunicateasynchronouslybyputtingmess,http://java2s.com/Code/Java/Collections-Data-Structure/Allowsthreadstocommunicateasynchronouslybyputtingmessagesintoandreadingmessagesoutofasynchronizedqueue.htm,20111124202845
collections-data-structure-amapactslikearray,http://www.java2s.com:80/Code/Java/Collections-Data-Structure/Amapactslikearray.htm,20111114171649
collections-data-structure-amapcollectionwithrealtimebehavior,http://java2s.com/Code/Java/Collections-Data-Structure/AMapcollectionwithrealtimebehavior.htm,20100213173043
collections-data-structure-amapdeclaredtoholdobjectsofatypetcanalsoholdobjectsth,http://www.java2s.com:80/Code/Java/Collections-Data-Structure/AmapdeclaredtoholdobjectsofatypeTcanalsoholdobjectsthatextendfromT.htm,20090602102412
collections-data-structure-amapimplementationthatdumpsitscontentwhenmemoryrunslo,http://www.java2s.com:80/Code/Java/Collections-Data-Structure/AMapimplementationthatdumpsitscontentwhenmemoryrunslow.htm,20111114172141
collections-data-structure-amapimplementationthatgrowstoafixedsizeandthenretains,http://www.java2s.com:80/Code/Java/Collections-Data-Structure/AMapimplementationthatgrowstoafixedsizeandthenretainsonlyafixednumberofthehighestlargestkeys.htm,20111114172146
collections-data-structure-amapimplementedwitharraylists,http://www.java2s.com:80/Code/Java/Collections-Data-Structure/AMapimplementedwithArrayLists.htm,20060509123140
collections-data-structure-amapofvaluesbyclass,http://www.java2s.com:80/Code/Java/Collections-Data-Structure/Amapofvaluesbyclass.htm,20111114171654
collections-data-structure-amapthatacceptsintorintegerkeysonly,http://java2s.com/Code/Java/Collections-Data-Structure/AMapthatacceptsintorIntegerkeysonly.htm,20100213171942
collections-data-structure-amapthatstoresthevaluesinfileswithinadirectory,http://www.java2s.com:80/Code/Java/Collections-Data-Structure/AMapthatstoresthevaluesinfileswithinadirectory.htm,20111114172152
collections-data-structure-amapwherekeysarecomparedbyobjectidentityratherthanequ,http://java2s.com/Code/Java/Collections-Data-Structure/AMapwherekeysarecomparedbyobjectidentityratherthanequals.htm,20100213172019
collections-data-structure-amapwithmultiplevaluesforakey,http://java2s.com/Code/Java/Collections-Data-Structure/AMapwithmultiplevaluesforakey.htm,20100213172706
collections-data-structure-amemoryefficienthashmap,http://java2s.com/Code/Java/Collections-Data-Structure/Amemoryefficienthashmap.htm,20100213173039
(thin),http://java2s.com/Code/Java/Swing-Components/Abasicpanelthatdisplaysasmallupordownarrow.htm,20100214092403
swing-components-aboutdialog,http://www.java2s.com:80/Code/Java/Swing-Components/Aboutdialog.htm,20090529070440
swing-components-abuttonwhichpaintsonitoneormorescaledarrowsinoneofthecardinaldi,http://java2s.com/Code/Java/Swing-Components/Abuttonwhichpaintsonitoneormorescaledarrowsinoneofthecardinaldirections.htm,20100211100011
swing-components-aclienttosendsmtpmail,http://www.java2s.com:80/Code/Java/Swing-Components/AClienttoSendSMTPMail.htm,20060412165909
(thin),http://www.java2s.com:80/Code/Java/Swing-Components/Action-Framework.htm,20060507180608
(thin),https://www.java2s.com/Code/Java/Swing-Components/Action-Framework.html,20260710110502
swing-components-addborderfordockablecomponent,http://www.java2s.com:80/Code/Java/Swing-Components/Addborderfordockablecomponent.htm,20060702072859
(thin),http://www.java2s.com:80/Code/Java/Swing-Components/Adddecoratorstoswingcomponent.htm,20060307054129
(thin),http://www.java2s.com:80/Code/Java/Swing-Components/AddImageToGlassPane.htm,20090421174727
swing-components-ademonstrationofthejseparatorcomponentusedinatoolbarlike,http://www.java2s.com:80/Code/Java/Swing-Components/AdemonstrationoftheJSeparatorcomponentusedinatoolbarlike.htm,20060523170346
swing-components-adialogallowselectionandafontanditsassociatedinfo,http://www.java2s.com:80/Code/Java/Swing-Components/Adialogallowselectionandafontanditsassociatedinfo.htm,20100129114022
(thin),http://java2s.com/Code/Java/Swing-Components/Adialogthatpresentstheuserwithasequenceofstepsforcompletingatask.htm,20100213052135
swing-components-ajlabelthatcanbeunderlinedimplementsscrollable,http://www.java2s.com:80/Code/Java/Swing-Components/AJLabelthatcanbeunderlinedimplementsScrollable.htm,20100123004033
swing-components-ajoutlookbarprovidesacomponentthatissimilartoajtabbedpanebutins,http://java2s.com/Code/Java/Swing-Components/AJOutlookBarprovidesacomponentthatissimilartoaJTabbedPanebutinsteadofmaintainingtabs.htm,20111125105220
swing-components-ajpanelwithatexturedbackground,http://www.java2s.com:80/Code/Java/Swing-Components/AJPanelwithatexturedbackground.htm,20091027045222
swing-components-animatediconheaderexample,http://www.java2s.com/Code/Java/Swing-Components/AnimatedIconHeaderExample.htm,20060513064500
swing-components-animatedicontableexample,http://www.java2s.com:80/Code/Java/Swing-Components/AnimatedIconTableExample.htm,20070129131744
swing-components-animatedicontreeexample,http://www.java2s.com:80/Code/Java/Swing-Components/AnimatedIconTreeExample.htm,20061024122615
swing-components-animatedicontreeexample2,http://www.java2s.com:80/Code/Java/Swing-Components/AnimatedIconTreeExample2.htm,20061209072353
(thin),http://www.java2s.com:80/Code/Java/Swing-Components/Animation.htm,20081218074205
(thin),https://www.java2s.com/Code/Java/Swing-Components/Animation.html,20260519012942
(thin),http://www.java2s.com:80/Code/Java/Swing-Components/AnimationByjdesktopanimation.htm,20081227105733
(thin),http://www.java2s.com:80/Code/Java/Swing-Components/AnimationTrigger.htm,20081215144622
(thin),http://www.java2s.com:80/Code/Java/Swing-Components/AnimatorSetup.htm,20081227104857
swing-components-anotherlinkbutton,http://www.java2s.com:80/Code/Java/Swing-Components/AnotherLinkbutton.htm,20060524074236
swing-components-apanelfromwhereyoucanchooseacolorbasedonitshtmlname,http://java2s.com/Code/Java/Swing-Components/ApanelfromwhereyoucanchooseacolorbasedonitsHTMLname.htm,20100210124321
(thin),http://www.java2s.com:80/Code/Java/Swing-Components/Apanelthatallowstheusertoselectadate.htm,20090904145439
(thin),http://www.java2s.com:80/Code/Java/Swing-Components/Apopupdialogwithamessageandascrollablelistofitems.htm,20100123060142
swing-components-arrowbutton,http://java2s.com/Code/Java/Swing-Components/ArrowButton.htm,20100211095954
(thin),http://www.java2s.com/Code/Java/Swing-Components/AsimpleClock.htm,20060513085000
swing-components-asimplejpanelwithaborderandatitle,http://java2s.com/Code/Java/Swing-Components/AsimpleJPanelwithaborderandatitle.htm,20111125025810
swing-components-astatusbarismadeofmultiplezones,http://www.java2s.com:80/Code/Java/Swing-Components/Astatusbarismadeofmultiplezones.htm,20090929083837
swing-components-autocompletecombobox,http://www.java2s.com:80/Code/Java/Swing-Components/AutocompleteComboBox.htm,20060717062116
swing-components-autocompletecombobox2,http://java2s.com/Code/Java/Swing-Components/AutoCompleteComboBox2.htm,20111124230806
swing-components-autocompletetextfield,http://java2s.com:80/Code/Java/Swing-Components/AutoCompleteTextField.htm,20111007134803
(thin),http://www.java2s.com:80/Code/Java/Swing-Components/BasicRacewithAnimation.htm,20081215160126
(thin),http://www.java2s.com:80/Code/Java/Swing-Components/BeantodisplayamonthcalendarinaJPanel.htm,20060702074005
swing-components-beveltext,http://www.java2s.com:80/Code/Java/Swing-Components/BevelText.htm,20081223094837
swing-components-blockcomboboxexample,http://www.java2s.com:80/Code/Java/Swing-Components/BlockComboBoxExample.htm,20060702070456
(thin),http://www.java2s.com:80/Code/Java/Swing-Components/Border.htm,20060507180237
(thin),https://www.java2s.com/Code/Java/Swing-Components/Border.html,20260710135534
swing-components-buildapanelwithaleadingindentcolumnusingthedefaultformbuilder,http://www.java2s.com:80/Code/Java/Swing-Components/BuildapanelwithaleadingindentcolumnusingtheDefaultFormBuilder.htm,20060905011959
swing-components-buildbuttonstacksusingthebuttonstackbuilder,http://www.java2s.com:80/Code/Java/Swing-Components/BuildbuttonstacksusingtheButtonStackBuilder.htm,20060904100528
(thin),http://www.java2s.com:80/Code/Java/Swing-Components/Buildpanelscomponentorientationlefttorightvsrighttoleft.htm,20070111200610
swing-components-buildsaneditorthatcopiesdatafromthedomainbackandforth,http://www.java2s.com:80/Code/Java/Swing-Components/Buildsaneditorthatcopiesdatafromthedomainbackandforth.htm,20060503054341
swing-components-buildsaneditorwithcomponentsboundtothedomainobjectproperties,http://www.java2s.com:80/Code/Java/Swing-Components/Buildsaneditorwithcomponentsboundtothedomainobjectproperties.htm,20060503054411
(thin),http://www.java2s.com:80/Code/Java/Swing-Components/BuildsauserinterfaceformanagingAlbumsusingatabletodisplay.htm,20060502191952
(thin),http://www.java2s.com:80/Code/Java/Swing-Components/BuildsthemainframeintheSimpleLooksDemo.htm,20060307054649
(thin),http://www.java2s.com:80/Code/Java/Swing-Components/Button-Bar.htm,20060113055441
(thin),https://www.java2s.com/Code/Java/Swing-Components/Button-Bar.html,20260514071959
(thin),http://java2s.com/Code/Java/Swing-Components/Button.htm,20100114081034
(thin),https://www.java2s.com/Code/Java/Swing-Components/Button.html,20260518175636
(thin),http://www.java2s.com:80/Code/Java/Swing-Components/ButtonBarDemo.htm,20060113042531
swing-components-buttonlabel,http://java2s.com/Code/Java/Swing-Components/ButtonLabel.htm,20111125080011
swing-components-buttontableexample,http://www.java2s.com/Code/Java/Swing-Components/ButtonTableExample.htm,20060513064955
swing-components-calculatedcolumntable,http://www.java2s.com/Code/Java/Swing-Components/CalculatedColumnTable.htm,20060513064752
(thin),http://www.java2s.com:80/Code/Java/Swing-Components/Calculator.htm,20060507180426
(thin),http://www.java2s.com:80/Code/Java/Swing-Components/Calendar.htm,20060507180330
swing-components-calendarinajwindow,http://www.java2s.com:80/Code/Java/Swing-Components/CalendarinaJWindow.htm,20060721234403
swing-components-cellbordertableexample,http://www.java2s.com/Code/Java/Swing-Components/CellBorderTableExample.htm,20060513064619
(thin),http://www.java2s.com:80/Code/Java/Swing-Components/Chart.htm,20060507180141
(thin),https://www.java2s.com/Code/Java/Swing-Components/Chart.html,20260710142258
swing-components-chartbean,http://www.java2s.com/Code/Java/Swing-Components/ChartBean.htm,20060513072923
(thin),http://www.java2s.com/Code/Java/Swing-Components/ChartBean2.htm,20060513072927
(thin),http://java2s.com/Code/Java/Swing-Components/CheckBoxList.htm,20100209021808
swing-components-checkboxlistbyzhiguoyin,http://www.java2s.com:80/Code/Java/Swing-Components/CheckBoxListbyZhiguoYin.htm,20081227095549
swing-components-checkboxnodetreeexample,http://www.java2s.com:80/Code/Java/Swing-Components/CheckboxNodeTreeExample.htm,20061224164738
swing-components-checklistexample,http://www.java2s.com:80/Code/Java/Swing-Components/CheckListExample.htm,20051216065515
swing-components-checklistexample2,http://www.java2s.com:80/Code/Java/Swing-Components/CheckListExample2.htm,20060505214156
(thin),http://www.java2s.com:80/Code/Java/Swing-Components/Clock.htm,20060507180154
(thin),https://www.java2s.com/Code/Java/Swing-Components/Clock.html,20260518063712
(thin),http://www.java2s.com:80/Code/Java/Swing-Components/Color-Chooser.htm,20060507180534
(thin),https://www.java2s.com/Code/Java/Swing-Components/Color-Chooser.html,20260711021231
swing-components-coloredcelltableexample,http://www.java2s.com/Code/Java/Swing-Components/ColoredCellTableExample.htm,20060513064738
swing-components-colortabbedpaneexample,http://www.java2s.com:80/Code/Java/Swing-Components/ColorTabbedPaneExample.htm,20060903005004
swing-components-colortabbedpaneexample2,http://www.java2s.com/Code/Java/Swing-Components/ColorTabbedPaneExample2.htm,20061018145422
swing-components-colortabbedpaneexample3,http://www.java2s.com/Code/Java/Swing-Components/ColorTabbedPaneExample3.htm,20061018145507
swing-components-columnbordertableexample,http://www.java2s.com/Code/Java/Swing-Components/ColumnBorderTableExample.htm,20060513064708
swing-components-columnpopupmenu,http://www.java2s.com/Code/Java/Swing-Components/Columnpopupmenu.htm,20060513064509
(thin),http://www.java2s.com:80/Code/Java/Swing-Components/Columnsandrowsarespecifiedbeforethepanelisfilledwithcomponents.htm,20061210025313
(thin),http://www.java2s.com:80/Code/Java/Swing-Components/Columnsandrowsarespecifiedbeforethepanelisfilledwithcomponents1.htm,20071130014554
swing-components-combobox,http://www.java2s.com:80/Code/Java/Swing-Components/ComboBox.htm,20060507180336
swing-components-combobox-2,https://www.java2s.com/Code/Java/Swing-Components/ComboBox.html,20260515042848
swing-components-comboboxcolorchooserwindowscolorchooser,http://www.java2s.com/Code/Java/Swing-Components/ComboBoxcolorchooserWindowsColorChooser.htm,20060513070742
swing-components-comboboxmenuexample,http://www.java2s.com:80/Code/Java/Swing-Components/ComboBoxMenuExample.htm,20060717061640
swing-components-comboboxtable,http://www.java2s.com/Code/Java/Swing-Components/ComboBoxTable.htm,20060513064838
(thin),http://www.java2s.com:80/Code/Java/Swing-Components/ComparesapproacheshowtoappendacustomareaattheendofapanelbuiltwiththeDefaultFormBuilder.htm,20070109231230
swing-components-componenthintsexample,http://www.java2s.com:80/Code/Java/Swing-Components/ComponentHintsExample.htm,20060506060108
swing-components-componenttitledpaneexample1,http://www.java2s.com/Code/Java/Swing-Components/ComponentTitledPaneExample1.htm,20060513085112
swing-components-componenttitledpaneexample2,http://www.java2s.com/Code/Java/Swing-Components/ComponentTitledPaneExample2.htm,20060513085037
swing-components-componenttitledpaneexample3,http://www.java2s.com/Code/Java/Swing-Components/ComponentTitledPaneExample3.htm,20060513085052
(thin),http://www.java2s.com:80/Code/Java/Swing-Components/ComponentTransitionAnimation.htm,20081215155328
swing-components-compounddockablewindow,http://www.java2s.com:80/Code/Java/Swing-Components/Compounddockablewindow.htm,20060716042132
swing-components-computesareasonablesetoflabelsforadataintervalandnumberoflabels,http://java2s.com/Code/Java/Swing-Components/Computesareasonablesetoflabelsforadataintervalandnumberoflabels.htm,20111125074732
(thin),http://www.java2s.com:80/Code/Java/Swing-Components/Createandconfigurealayoutcreateabuilderaddcomponents.htm,20061209081130
swing-components-currencytable,http://www.java2s.com/Code/Java/Swing-Components/CurrencyTable.htm,20060513064815
generics-acollectionthatdonotholdstoredelementsinmemorybutserializeitintoafile,http://java2s.com:80/Code/Java/Generics/Acollectionthatdonotholdstoredelementsinmemorybutserializeitintoafile.htm,20111010003013
generics-agenericbagofpropertiesusedtostorepropertiesthatapplytoaspecifictarget,http://java2s.com:80/Code/Java/Generics/Agenericbagofpropertiesusedtostorepropertiesthatapplytoaspecifictarget.htm,20111010003018
generics-agenericinterfaceexample,http://www.java2s.com:80/Code/Java/Generics/Agenericinterfaceexample.htm,20090429173537
generics-alistdeclaredtoholdobjectsofatypetcanalsoholdobjectsthatextendfromt,http://www.java2s.com:80/Code/Java/Generics/AlistdeclaredtoholdobjectsofatypeTcanalsoholdobjectsthatextendfromT.htm,20090603133834
generics-anongenericclasscanbethesuperclassofagenericsubclass,http://www.java2s.com:80/Code/Java/Generics/Anongenericclasscanbethesuperclassofagenericsubclass.htm,20090924204621
generics-asimplegenericclass,http://www.java2s.com:80/Code/Java/Generics/Asimplegenericclass.htm,20090409005917
generics-asimplegenericclassheirarchy,http://www.java2s.com:80/Code/Java/Generics/Asimplegenericclassheirarchy.htm,20090409010242
generics-asimplegenericclasshierarchy,http://www.java2s.com:80/Code/Java/Generics/Asimplegenericclasshierarchy.htm,20090926093331
generics-asimplegenericclasswithtwotypeparameterstandv,http://www.java2s.com:80/Code/Java/Generics/AsimplegenericclasswithtwotypeparametersTandV.htm,20090520052407
generics-asubclasscanadditsowntypeparameters,http://java2s.com/Code/Java/Generics/Asubclasscanadditsowntypeparameters.htm,20100213125932
generics-avalueretrievedfromatypespecificlistdoesnotneedtobecasted,http://www.java2s.com:80/Code/Java/Generics/Avalueretrievedfromatypespecificlistdoesnotneedtobecasted.htm,20090603182340
generics-boundedwildcardarguments,http://www.java2s.com:80/Code/Java/Generics/BoundedWildcardarguments.htm,20090609231928
generics-boxinggenericexample,http://www.java2s.com:80/Code/Java/Generics/BoxingGenericExample.htm,20081201192136
generics-circularobjectbuffer,http://www.java2s.com:80/Code/Java/Generics/CircularObjectBuffer.htm,20090916030517
generics-collectionsanddatastructurethegenericway,http://www.java2s.com:80/Code/Java/Generics/CollectionsandDatastructurethegenericway.htm,20090520052412
generics-comparetwogenericparameters,http://java2s.com/Code/Java/Generics/Comparetwogenericparameters.htm,20111124230651
(thin),http://www.java2s.com:80/Code/Java/Generics/Constraints.htm,20081108112004
generics-createagenericclassthatcancomputetheaverageofanarrayofnumbersofanygiven,http://www.java2s.com:80/Code/Java/Generics/Createagenericclassthatcancomputetheaverageofanarrayofnumbersofanygiventype.htm,20081201185941
(thin),http://www.java2s.com:80/Code/Java/Generics/Createatypesafecopyofarawlist.htm,20090916030204
(thin),http://www.java2s.com:80/Code/Java/Generics/Createatypesafecopyofarawmap.htm,20090916030521
(thin),http://www.java2s.com:80/Code/Java/Generics/Createatypesafecopyofarawset.htm,20090916030527
(thin),http://www.java2s.com:80/Code/Java/Generics/Createatypesafefilterofanuncheckedenumeration.htm,20090916030532
(thin),http://www.java2s.com:80/Code/Java/Generics/Createatypesafefilterofanuncheckediterator.htm,20090916030537
(thin),http://www.java2s.com:80/Code/Java/Generics/Createatypesafeviewoveranunderlyingrawmap.htm,20090916030209
(thin),http://www.java2s.com:80/Code/Java/Generics/Createatypesafeviewoveranunderlyingrawset.htm,20090916030542
generics-creatingatypespecificlist,http://www.java2s.com:80/Code/Java/Generics/CreatingaTypeSpecificList.htm,20090603182345
generics-customgenericobjecttester,http://www.java2s.com:80/Code/Java/Generics/CustomGenericObjectTester.htm,20090408024048
generics-datastructureandcollectionsmoderngenericsversion,http://www.java2s.com:80/Code/Java/Generics/DatastructureandcollectionsModerngenericsversion.htm,20090520050118
generics-defaultimplementationoflinkjavalangreflectparameterizedtype,http://java2s.com/Code/Java/Generics/DefaultimplementationoflinkjavalangreflectParameterizedType.htm,20111124225913
generics-demonstratearawgenerictype,http://java2s.com/Code/Java/Generics/Demonstratearawgenerictype.htm,20100213125851
generics-demonstratearawtype,http://www.java2s.com:80/Code/Java/Generics/Demonstratearawtype.htm,20081201192141
generics-demonstrateasimplegenericmethod,http://www.java2s.com:80/Code/Java/Generics/Demonstrateasimplegenericmethod.htm,20081009150855
generics-demonstratethenongenericclass,http://www.java2s.com:80/Code/Java/Generics/Demonstratethenongenericclass.htm,20090409005922
(thin),http://www.java2s.com:80/Code/Java/Generics/EnumandGeneric.htm,20090603083245
(thin),http://www.java2s.com:80/Code/Java/Generics/Foreachandgenericdatastructure.htm,20090603082707
(thin),http://www.java2s.com:80/Code/Java/Generics/Generic-Class.htm,20081219041254
(thin),https://www.java2s.com/Code/Java/Generics/Generic-Class.html,20260514164606
(thin),http://www.java2s.com:80/Code/Java/Generics/Generic-Collection.htm,20081108111133
generics-generic-collection,https://www.java2s.com/Code/Java/Generics/Generic-Collection.html,20260519100841
(thin),http://www.java2s.com:80/Code/Java/Generics/Generic-Constructor.htm,20081219061439
(thin),http://www.java2s.com:80/Code/Java/Generics/Generic-Interface.htm,20081219045656
(thin),https://www.java2s.com/Code/Java/Generics/Generic-Interface.html,20260517214657
(thin),http://www.java2s.com:80/Code/Java/Generics/Generic-Method.htm,20081009024450
(thin),https://www.java2s.com/Code/Java/Generics/Generic-Method.html,20260511155237
(thin),http://www.java2s.com:80/Code/Java/Generics/Generic-Parameter.htm,20081219061444
(thin),https://www.java2s.com/Code/Java/Generics/Generic-Parameter.html,20260514035705
(thin),http://java2s.com:80/Code/Java/Generics/Generic-Reflection.htm,20111008133807
(thin),https://www.java2s.com/Code/Java/Generics/Generic-Reflection.html,20260516212537
(thin),http://www.java2s.com:80/Code/Java/Generics/GenericArrayList.htm,20090914065433
generics-genericcast,http://java2s.com/Code/Java/Generics/Genericcast.htm,20100206220611
generics-genericdatastructure,http://www.java2s.com:80/Code/Java/Generics/GenericDataStructure.htm,20090603133127
(thin),http://www.java2s.com:80/Code/Java/Generics/GenericHashMap.htm,20090415074530
-,http://java2s.com:80/Code/Java/Generics/GenericPair.htm,20111010003048
generics-genericpairstructure,http://java2s.com:80/Code/Java/Generics/Genericpairstructure.htm,20111003201306
generics-genericreflectiontest,http://java2s.com:80/Code/Java/Generics/GenericReflectionTest.htm,20111008234102
(thin),http://www.java2s.com:80/Code/Java/Generics/GenericStack.htm,20090603083251
generics-genericstructurewithconstraints,http://java2s.com:80/Code/Java/Generics/Genericstructurewithconstraints.htm,20111010003058
generics-generictriplestructure,http://java2s.com:80/Code/Java/Generics/GenericTriplestructure.htm,20111010003055
generics-getgenericparameter,http://java2s.com:80/Code/Java/Generics/GetGenericParameter.htm,20111009070801
generics-getthegenericdefinitionfromaclassforgivenclasswithgivenindex,http://java2s.com/Code/Java/Generics/GettheGenericdefinitionfromaclassforgivenclasswithgivenindex.htm,20111124225431
generics-interfacegenerichascompileerror,http://www.java2s.com:80/Code/Java/Generics/InterfaceGenericHascompileerror.htm,20090501061725
generics-javagenericambiguitycausedbyerasureonoverloadedmethods,http://www.java2s.com:80/Code/Java/Generics/JavagenericAmbiguitycausedbyerasureonoverloadedmethods.htm,20081009154701
generics-javagenericasituationthatcreatesabridgemethod,http://www.java2s.com:80/Code/Java/Generics/JavagenericAsituationthatcreatesabridgemethod.htm,20081009150900
generics-javagenericboundedwildcardarguments,http://www.java2s.com:80/Code/Java/Generics/JavagenericBoundedWildcardarguments.htm,20081108111138
generics-javagenericgenericsandarrays,http://www.java2s.com:80/Code/Java/Generics/JavagenericGenericsandarrays.htm,20090603182351
generics-javagenerichierarchyargument,http://java2s.com/Code/Java/Generics/JavagenericHierarchyargument.htm,20100213125847
generics-javagenericuseawildcard,http://www.java2s.com:80/Code/Java/Generics/JavagenericUseawildcard.htm,20081108111520
generics-javahierarchygenericclass,http://www.java2s.com:80/Code/Java/Generics/Javahierarchygenericclass.htm,20090409005927
generics-overridingagenericmethodinagenericclass,http://www.java2s.com:80/Code/Java/Generics/Overridingagenericmethodinagenericclass.htm,20081009150905
generics-pairoftemplatearguments,http://www.java2s.com:80/Code/Java/Generics/Pairoftemplatearguments.htm,20090926133732
generics-poolcontainer,http://java2s.com:80/Code/Java/Generics/Poolcontainer.htm,20111010003103
generics-pregenericsexamplethatusesacollection,http://www.java2s.com:80/Code/Java/Generics/Pregenericsexamplethatusesacollection.htm,20090603082712
generics-returnanimplementationofacomparable,http://java2s.com:80/Code/Java/Generics/ReturnanimplementationofaComparable.htm,20111010005733
generics-returngenericvaluefrommethod,http://www.java2s.com:80/Code/Java/Generics/Returngenericvaluefrommethod.htm,20090625011233
generics-simplestlpairimplementation,http://java2s.com:80/Code/Java/Generics/SimpleSTLPairImplementation.htm,20111003193441
generics-statsattemptsunsuccessfullytocreateagenericclass,http://www.java2s.com:80/Code/Java/Generics/Statsattemptsunsuccessfullytocreateagenericclass.htm,20090416234441
generics-thegenstackclass,http://www.java2s.com:80/Code/Java/Generics/TheGenStackClass.htm,20090603133839
generics-thetypeargumentfortmustbeeithernumberoraclassderivedfromnumber,http://www.java2s.com:80/Code/Java/Generics/thetypeargumentforTmustbeeitherNumberoraclassderivedfromNumber.htm,20081201185952
generics-tisatypeparameterthatwillbereplacedbyarealtypewhenanobjectoftypegeniscr,http://www.java2s.com:80/Code/Java/Generics/TisatypeparameterthatwillbereplacedbyarealtypewhenanobjectoftypeGeniscreated.htm,20081201185946
generics-uncheckedexample,http://www.java2s.com:80/Code/Java/Generics/UncheckedExample.htm,20090603133845
generics-useagenericconstructor,http://www.java2s.com:80/Code/Java/Generics/Useagenericconstructor.htm,20090227183655
(thin),http://www.java2s.com:80/Code/Java/Hibernate/ArrayRetrieveDemo.htm,20061130231612
(thin),http://www.java2s.com/Code/Java/Hibernate/Cascade-Operation.htm,20060513064341
(thin),https://www.java2s.com/Code/Java/Hibernate/Cascade-Operation.html,20260512090353
hibernate-cascadesaveorupdate,http://www.java2s.com:80/Code/Java/Hibernate/CascadeSaveOrUpdate.htm,20061027011522
(thin),http://www.java2s.com/Code/Java/Hibernate/Class-Hiearchy-Mapping.htm,20060513054137
(thin),https://www.java2s.com/Code/Java/Hibernate/Class-Hiearchy-Mapping.html,20260520172359
hibernate-classhiearchymappingtableperconcreteclass,http://www.java2s.com/Code/Java/Hibernate/ClassHiearchyMappingTablePerConcreteClass.htm,20060513085540
hibernate-classhierachymappingtableperclass,http://www.java2s.com/Code/Java/Hibernate/ClassHierachyMappingTablePerClass.htm,20060513085536
hibernate-classhierarchymappingtableperconcreteclass,http://www.java2s.com:80/Code/Java/Hibernate/ClassHierarchyMappingTablePerConcreteClass.htm,20090824125208
hibernate-classhierchymappingtablepersubclass,http://www.java2s.com/Code/Java/Hibernate/ClassHierchyMappingTablePerSubclass.htm,20060513085531
hibernate-collectionmappingarray,http://www.java2s.com/Code/Java/Hibernate/CollectionMappingArray.htm,20061026221700
hibernate-collectionmappingbag,http://www.java2s.com:80/Code/Java/Hibernate/CollectionMappingBag.htm,20070501194552
hibernate-collectionmappingmanytomanymapbasedonhashmap,http://www.java2s.com:80/Code/Java/Hibernate/CollectionMappingManyToManymapbasedonHashMap.htm,20070117030941
hibernate-collectionmappingmapkeyandvaluearebothobjects,http://www.java2s.com:80/Code/Java/Hibernate/CollectionMappingMapKeyandValueareBothObjects.htm,20070501024920
hibernate-collectionmappingset,http://www.java2s.com:80/Code/Java/Hibernate/CollectionMappingSet.htm,20061025123842
hibernate-collectionmappingtreemap,http://www.java2s.com:80/Code/Java/Hibernate/CollectionMappingTreeMap.htm,20070501194046
hibernate-columnformulastringconcatenate,http://www.java2s.com:80/Code/Java/Hibernate/ColumnFormulaStringConcatenate.htm,20070110034614
(thin),http://www.java2s.com/Code/Java/Hibernate/Config-Generation.htm,20060513064433
(thin),https://www.java2s.com/Code/Java/Hibernate/Config-Generation.html,20260519033903
(thin),http://www.java2s.com:80/Code/Java/Hibernate/CriteGroupByCriteria.htm,20061108142810
(thin),http://www.java2s.com/Code/Java/Hibernate/Criteria-Aggregates.htm,20060513060215
(thin),https://www.java2s.com/Code/Java/Hibernate/Criteria-Aggregates.html,20260514104156
(thin),http://www.java2s.com/Code/Java/Hibernate/Criteria-Associations.htm,20060513052751
(thin),https://www.java2s.com/Code/Java/Hibernate/Criteria-Associations.html,20260512005147
(thin),http://www.java2s.com/Code/Java/Hibernate/Criteria-Data-Type.htm,20060513061452
(thin),http://www.java2s.com/Code/Java/Hibernate/Criteria-Equal-Not-Equal.htm,20060513064128
(thin),http://www.java2s.com/Code/Java/Hibernate/Criteria-Group.htm,20060513053521
(thin),http://www.java2s.com/Code/Java/Hibernate/Criteria-Like.htm,20060513061333
(thin),http://www.java2s.com/Code/Java/Hibernate/Criteria-Match-Mode.htm,20060513055147
(thin),https://www.java2s.com/Code/Java/Hibernate/Criteria-Match-Mode.html,20260515042415
(thin),http://www.java2s.com/Code/Java/Hibernate/Criteria-NULL.htm,20060513060840
(thin),https://www.java2s.com/Code/Java/Hibernate/Criteria-NULL.html,20260519034036
(thin),http://www.java2s.com/Code/Java/Hibernate/Criteria-Projection.htm,20060513061740
(thin),https://www.java2s.com/Code/Java/Hibernate/Criteria-Projection.html,20260508150006
(thin),http://www.java2s.com/Code/Java/Hibernate/Criteria-Result-Manipulator.htm,20060513061349
(thin),http://www.java2s.com/Code/Java/Hibernate/Criteria-Simplest.htm,20060513061051
(thin),https://www.java2s.com/Code/Java/Hibernate/Criteria-Simplest.html,20260508143757
(thin),http://www.java2s.com/Code/Java/Hibernate/Criteria-Sort.htm,20060513062052
(thin),https://www.java2s.com/Code/Java/Hibernate/Criteria-Sort.html,20260511201633
(thin),http://www.java2s.com/Code/Java/Hibernate/Criteria-SQL.htm,20060513062205
(thin),https://www.java2s.com/Code/Java/Hibernate/Criteria-SQL.html,20260511204537
(thin),http://www.java2s.com:80/Code/Java/Hibernate/Criteria-Two-Conditions.htm,20060903044113
(thin),https://www.java2s.com/Code/Java/Hibernate/Criteria-Two-Conditions.html,20260518061351
(thin),http://www.java2s.com/Code/Java/Hibernate/Criteria-Unique.htm,20060513064212
(thin),https://www.java2s.com/Code/Java/Hibernate/Criteria-Unique.html,20260520232028
hibernate-criteriaaggregatescriteriaminmaxaverage,http://www.java2s.com:80/Code/Java/Hibernate/CriteriaAggregatesCriteriaMinMaxAverage.htm,20070620183313
hibernate-criteriaassociationssortingcriteria,http://www.java2s.com:80/Code/Java/Hibernate/CriteriaAssociationsSortingCriteria.htm,20060928140300
hibernate-criteriaconditiondoublevaluecompare,http://www.java2s.com:80/Code/Java/Hibernate/CriteriaConditionDoubleValueCompare.htm,20071019040745
hibernate-criteriaconditionisnull,http://www.java2s.com:80/Code/Java/Hibernate/CriteriaConditionIsNull.htm,20070218125428
hibernate-criteriaconditionlike,http://www.java2s.com:80/Code/Java/Hibernate/CriteriaConditionLike.htm,20061028000255
hibernate-criteriaconditionmatchmodeend,http://www.java2s.com/Code/Java/Hibernate/CriteriaConditionMatchModeEnd.htm,20060513100832
hibernate-criteriaconditiontwocriteriaor,http://www.java2s.com/Code/Java/Hibernate/CriteriaConditionTwoCriteriaOr.htm,20061026220848
hibernate-criteriaconditiontwocriterionandor,http://www.java2s.com/Code/Java/Hibernate/CriteriaConditionTwoCriterionAndOr.htm,20061026220855
hibernate-criteriadistinctcriteria,http://www.java2s.com:80/Code/Java/Hibernate/CriteriaDistinctCriteria.htm,20070713024846
hibernate-criteriagetuniqueresult,http://www.java2s.com:80/Code/Java/Hibernate/CriteriaGetUniqueResult.htm,20070429152938
hibernate-criteriagroupbycriteria,http://www.java2s.com/Code/Java/Hibernate/CriteriaGroupByCriteria.htm,20060513081028
hibernate-criteriamanytooneassociationscriteria,http://www.java2s.com/Code/Java/Hibernate/CriteriaManyToOneAssociationsCriteria.htm,20060513071357
hibernate-criterianotnullorzeroqbequerybyexamplecriteria,http://www.java2s.com/Code/Java/Hibernate/CriteriaNotNullOrZeroQBEQueryByExampleCriteria.htm,20060513072902
hibernate-criteriaonetomanyassociationscriteria,http://www.java2s.com/Code/Java/Hibernate/CriteriaOneToManyAssociationsCriteria.htm,20060513071417
hibernate-criteriaorder,http://www.java2s.com:80/Code/Java/Hibernate/CriteriaOrder.htm,20070203132940
-,http://www.java2s.com/Code/Java/Hibernate/CriteriaProjectionCriteria.htm,20061018191905
hibernate-criteriaqbequerybyexampleadvancedcriteria,http://www.java2s.com/Code/Java/Hibernate/CriteriaQBEQueryByExampleAdvancedCriteria.htm,20060513072906
hibernate-criteriaqbequerybyexamplecriteria,http://www.java2s.com/Code/Java/Hibernate/CriteriaQBEQueryByExampleCriteria.htm,20060513072857
hibernate-criteriarowcountcriteria,http://www.java2s.com:80/Code/Java/Hibernate/CriteriaRowCountCriteria.htm,20060716000410
hibernate-criteriasetfirstresultandmaxresults,http://www.java2s.com:80/Code/Java/Hibernate/CriteriaSetFirstResultAndMaxResults.htm,20070713022254
hibernate-criteriasimplecriteriawithoutcondition,http://www.java2s.com:80/Code/Java/Hibernate/CriteriaSimpleCriteriaWithoutCondition.htm,20071019040901
hibernate-criteriasqlcommandcriteria,http://www.java2s.com:80/Code/Java/Hibernate/CriteriaSQLCommandCriteria.htm,20070203133638
hibernate-criteriatwoconditioncriteria,http://www.java2s.com/Code/Java/Hibernate/CriteriaTwoConditionCriteria.htm,20061026220841
hibernate-criteriauniqueresultexceptioncriteria,http://www.java2s.com:80/Code/Java/Hibernate/CriteriaUniqueResultExceptionCriteria.htm,20070430122802
(thin),http://www.java2s.com/Code/Java/Hibernate/DAO-Generic-DAO.htm,20060513053602
(thin),https://www.java2s.com/Code/Java/Hibernate/DAO-Generic-DAO.html,20260516105641
(thin),http://www.java2s.com/Code/Java/Hibernate/DAO-Simple-DAO.htm,20060513055901
(thin),https://www.java2s.com/Code/Java/Hibernate/DAO-Simple-DAO.html,20260515204917
hibernate-datecalendartypedemo,http://www.java2s.com:80/Code/Java/Hibernate/DateCalendarTypeDemo.htm,20061025123852
(thin),http://www.java2s.com/Code/Java/Hibernate/Event.htm,20060513053921
(thin),https://www.java2s.com/Code/Java/Hibernate/Event.html,20260521163315
hibernate-eventforcancelquery,http://www.java2s.com/Code/Java/Hibernate/EventForCancelQuery.htm,20060513083623
hibernate-eventforcriterialist,http://www.java2s.com/Code/Java/Hibernate/EventForCriteriaList.htm,20060513083806
hibernate-eventforflush,http://www.java2s.com/Code/Java/Hibernate/EventForFlush.htm,20060513083801
hibernate-eventforgetidentifier,http://www.java2s.com/Code/Java/Hibernate/EventForGetIdentifier.htm,20060513083644
hibernate-eventforgetmethod,http://www.java2s.com/Code/Java/Hibernate/EventForGetMethod.htm,20060513083811
hibernate-eventloadmethod,http://www.java2s.com/Code/Java/Hibernate/EventLoadMethod.htm,20060513083721
hibernate-eventoncommit,http://www.java2s.com/Code/Java/Hibernate/EventOnCommit.htm,20060513083740
hibernate-eventondelete,http://www.java2s.com/Code/Java/Hibernate/EventOnDelete.htm,20060513083700
hibernate-eventondirtycheckevent,http://www.java2s.com/Code/Java/Hibernate/EventOnDirtyCheckEvent.htm,20060513083733
hibernate-eventonevict,http://www.java2s.com/Code/Java/Hibernate/EventOnEvict.htm,20060513083746
hibernate-eventonflushevent,http://www.java2s.com/Code/Java/Hibernate/EventOnFlushEvent.htm,20060513083629
hibernate-eventonlock,http://www.java2s.com/Code/Java/Hibernate/EventOnLock.htm,20060513083757
hibernate-eventonmerge,http://www.java2s.com/Code/Java/Hibernate/EventOnMerge.htm,20060513083637
hibernate-eventonpreloadandonpostload,http://www.java2s.com/Code/Java/Hibernate/EventOnPreLoadandOnPostLoad.htm,20060513083648
hibernate-eventonrefresh,http://www.java2s.com/Code/Java/Hibernate/EventOnRefresh.htm,20060513083711
hibernate-eventonreplicate,http://www.java2s.com/Code/Java/Hibernate/EventOnReplicate.htm,20060513083653
hibernate-eventonsaveandonupdate,http://www.java2s.com/Code/Java/Hibernate/EventOnSaveandOnUpdate.htm,20060513083705
hibernate-eventpersist,http://www.java2s.com/Code/Java/Hibernate/EventPersist.htm,20060513083751
hibernate-eventuniqueresult,http://www.java2s.com/Code/Java/Hibernate/EventUniqueResult.htm,20060513083716
hibernate-eventyourownsaveorupdateeventlistener,http://www.java2s.com/Code/Java/Hibernate/EventYourOwnSaveOrUpdateEventListener.htm,20060513083729
hibernate-floatdatatype,http://www.java2s.com:80/Code/Java/Hibernate/FloatDataType.htm,20070504045357
hibernate-generatehibernateconfigfilesetdialectinant,http://www.java2s.com/Code/Java/Hibernate/GenerateHibernateConfigFileSetDialectInAnt.htm,20061018180633
hibernate-generatehibernateconfigfileseturlinant,http://www.java2s.com/Code/Java/Hibernate/GenerateHibernateConfigFileSetURLinANT.htm,20061018180649
hibernate-generatehibernateconfigfilesetusernameandpassword,http://www.java2s.com/Code/Java/Hibernate/GenerateHibernateConfigFileSetUserNameAndPassword.htm,20061018180637
applet-ajax,http://java2s.com/Article-Tutorial/Java/Applet/AJAX.htm,20130118063450
applet-browser,http://java2s.com/Article-Tutorial/Java/Applet/Browser.htm,20130118065735
applet-cache,http://java2s.com/Article-Tutorial/Java/Applet/Cache.htm,20130118092604
(thin),http://java2s.com/Article-Tutorial/Java/Applet/Class.htm,20130118063535
(thin),http://java2s.com/Article-Tutorial/Java/Applet/CVE.htm,20130118092625
(thin),http://java2s.com/Article-Tutorial/Java/Applet/Draw.htm,20130118091934
(thin),http://www.java2s.com/Article-Tutorial/Java/Applet/Execution.htm,20130623214522
applet-firefox,http://java2s.com/Article-Tutorial/Java/Applet/Firefox.htm,20130118063323
(thin),http://java2s.com/Article-Tutorial/Java/Applet/Hack.htm,20130118080135
applet-html,http://java2s.com/Article-Tutorial/Java/Applet/HTML.htm,20130118082542
applet-image,http://java2s.com/Article-Tutorial/Java/Applet/Image.htm,20130118080058
(thin),http://java2s.com/Article-Tutorial/Java/Applet/Jar.htm,20130118091602
applet-javascript,http://java2s.com/Article-Tutorial/Java/Applet/JavaScript.htm,20130118064707
applet-mouse,http://java2s.com/Article-Tutorial/Java/Applet/Mouse.htm,20130118074555
(thin),http://java2s.com/Article-Tutorial/Java/Applet/PC.htm,20130118082959
(thin),http://java2s.com/Article-Tutorial/Java/Applet/Plugin.htm,20130118065838
(thin),http://java2s.com/Article-Tutorial/Java/Applet/Sign.htm,20130118063656
applet-windows,http://java2s.com/Article-Tutorial/Java/Applet/Windows.htm,20130118081748
struts-action,http://java2s.com:80/Article-Tutorial/Java/Struts/Action.htm,20130111032500
struts-ajax,http://java2s.com/Article-Tutorial/Java/Struts/AJAX.htm,20130118064834
struts-annotation,http://java2s.com/Article-Tutorial/Java/Struts/Annotation.htm,20130118081303
struts-application,http://java2s.com/Article-Tutorial/Java/Struts/Application.htm,20130118081417
struts-bean,http://java2s.com/Article-Tutorial/Java/Struts/Bean.htm,20130118080708
struts-checkbox,http://java2s.com/Article-Tutorial/Java/Struts/checkbox.htm,20130118081314
struts-configuration,http://java2s.com/Article-Tutorial/Java/Struts/Configuration.htm,20130118092453
struts-database,http://java2s.com/Article-Tutorial/Java/Struts/database.htm,20130118064826
(thin),http://java2s.com/Article-Tutorial/Java/Struts/DropDown.htm,20130118075950
struts-eclipse,http://java2s.com/Article-Tutorial/Java/Struts/Eclipse.htm,20130118091854
struts-ejb,http://java2s.com/Article-Tutorial/Java/Struts/EJB.htm,20130118083103
struts-error,http://java2s.com/Article-Tutorial/Java/Struts/Error.htm,20130118081412
struts-example,http://java2s.com/Article-Tutorial/Java/Struts/Example.htm,20130118063943
(thin),http://java2s.com/Article-Tutorial/Java/Struts/Excel.htm,20130118080728
struts-file,http://java2s.com/Article-Tutorial/Java/Struts/File.htm,20130118074620
struts-finance,http://java2s.com/Article-Tutorial/Java/Struts/Finance.htm,20130118065156
struts-form,http://java2s.com/Article-Tutorial/Java/Struts/Form.htm,20130118063901
struts-framework,http://java2s.com/Article-Tutorial/Java/Struts/Framework.htm,20130118092555
struts-html,http://java2s.com/Article-Tutorial/Java/Struts/HTML.htm,20130118065901
(thin),http://java2s.com/Article-Tutorial/Java/Struts/Internationalization.htm,20130118080928
struts-introduction,http://java2s.com/Article-Tutorial/Java/Struts/Introduction.htm,20130118080627
struts-javascript,http://java2s.com/Article-Tutorial/Java/Struts/JavaScript.htm,20130118092149
struts-jee,http://java2s.com/Article-Tutorial/Java/Struts/JEE.htm,20130118074344
struts-jqgrid,http://java2s.com/Article-Tutorial/Java/Struts/JQGrid.htm,20130118082319
struts-jquery,http://java2s.com/Article-Tutorial/Java/Struts/JQuery.htm,20130118080813
struts-json,http://java2s.com/Article-Tutorial/Java/Struts/JSON.htm,20130118063454
struts-jsp,http://java2s.com/Article-Tutorial/Java/Struts/JSP.htm,20130118065258
struts-login,http://java2s.com/Article-Tutorial/Java/Struts/Login.htm,20130118081857
struts-maven,http://java2s.com/Article-Tutorial/Java/Struts/Maven.htm,20130118090413
struts-mvc,http://java2s.com/Article-Tutorial/Java/Struts/MVC.htm,20130118074109
struts-netbeans,http://java2s.com/Article-Tutorial/Java/Struts/Netbeans.htm,20130118091111
struts-page,http://java2s.com/Article-Tutorial/Java/Struts/Page.htm,20130118081823
struts-plugin,http://java2s.com/Article-Tutorial/Java/Struts/Plugin.htm,20130118064353
(thin),http://java2s.com/Article-Tutorial/Java/Struts/Quartz.htm,20130118081924
struts-resource,http://java2s.com/Article-Tutorial/Java/Struts/Resource.htm,20130118090748
(thin),http://java2s.com/Article-Tutorial/Java/Struts/Security.htm,20130118075613
struts-tag,http://java2s.com/Article-Tutorial/Java/Struts/Tag.htm,20130118082557
struts-template,http://java2s.com/Article-Tutorial/Java/Struts/Template.htm,20130118090846
struts-tile,http://java2s.com/Article-Tutorial/Java/Struts/Tile.htm,20130118090110
struts-tutorial,http://java2s.com/Article-Tutorial/Java/Struts/Tutorial.htm,20130118080449
struts-upload,http://java2s.com/Article-Tutorial/Java/Struts/Upload.htm,20130118085700
generics-useawildcard,http://www.java2s.com:80/Code/Java/Generics/Useawildcard.htm,20081212073650
generics-usetheinstanceofoperatorwithagenericclasshierarchy,http://java2s.com:80/Code/Java/Generics/Usetheinstanceofoperatorwithagenericclasshierarchy.htm,20090129173435
reflection-abetterconcisetostringmethodforannotationtypes,http://www.java2s.com:80/Code/Java/Reflection/AbetterconcisetoStringmethodforannotationtypes.htm,20091004013416
reflection-accessiblefielditerator,http://java2s.com/Code/Java/Reflection/AccessibleFieldIterator.htm,20111125090032
reflection-accesstheenclosingclassfromaninnerclass,http://www.java2s.com:80/Code/Java/Reflection/Accesstheenclosingclassfromaninnerclass.htm,20090526045842
reflection-aclassloaderwhichloadsclassesusingasearchlistofotherclassloaders,http://java2s.com/Code/Java/Reflection/Aclassloaderwhichloadsclassesusingasearchlistofotherclassloaders.htm,20100210173700
hibernate-generatehibernateconfigfilesetyourowndriverclass,http://www.java2s.com/Code/Java/Hibernate/GenerateHibernateConfigFileSetYourOwnDriverClass.htm,20061018180703
hibernate-generatehibernatemappingfilesetgeneratorclassinant,http://www.java2s.com/Code/Java/Hibernate/GenerateHibernateMappingFileSetGeneratorClassInAnt.htm,20061018180640
hibernate-generatemappingfileandhibernateconfigfileautomatically,http://www.java2s.com/Code/Java/Hibernate/GenerateMappingFileAndHibernateConfigFileAutomatically.htm,20061018180654
hibernate-genericdaocreate,http://www.java2s.com/Code/Java/Hibernate/GenericDaoCreate.htm,20060513081225
hibernate-genericdaodelete,http://www.java2s.com/Code/Java/Hibernate/GenericDaoDelete.htm,20060513081221
hibernate-genericdaofind,http://www.java2s.com/Code/Java/Hibernate/GenericDaoFind.htm,20060513081213
spring-accessingfactorybeans,http://www.java2s.com:80/Code/Java/Spring/AccessingFactoryBeans.htm,20070329152011
spring-achievingsingletoninioc,http://www.java2s.com/Code/Java/Spring/AchievingSingletoninIoC.htm,20060513074544
spring-addbeanfactorypostprocessortoxmlbeanfactory,http://java2s.com/Code/Java/Spring/AddBeanFactoryPostProcessorToXmlBeanFactory.htm,20100210133306
spring-addbeanpostprocessortoxmlbeanfactory,http://java2s.com/Code/Java/Spring/AddBeanPostProcessorToXmlBeanFactory.htm,20100212113803
spring-afteradviceexample,http://www.java2s.com:80/Code/Java/Spring/AfterAdviceExample.htm,20070504160703
(thin),http://www.java2s.com:80/Code/Java/Spring/AfterReturningAdvice.htm,20081219102438
(thin),https://www.java2s.com/Code/Java/Spring/AfterReturningAdvice.html,20260515011940
spring-afterreturningadvicedemo,http://www.java2s.com:80/Code/Java/Spring/AfterReturningAdviceDemo.htm,20090130003114
spring-aliasbeandemo,http://www.java2s.com:80/Code/Java/Spring/AliasBeanDemo.htm,20090307144311
spring-allkindsofpointcut,http://www.java2s.com:80/Code/Java/Spring/AllKindsOfPointcut.htm,20090608151341
spring-annotatedautowiring,http://www.java2s.com:80/Code/Java/Spring/AnnotatedAutowiring.htm,20081209070026
spring-annotationcomponent,http://www.java2s.com:80/Code/Java/Spring/AnnotationComponent.htm,20081209070032
spring-annotationscope,http://www.java2s.com:80/Code/Java/Spring/AnnotationScope.htm,20081209070037
(thin),http://www.java2s.com:80/Code/Java/Spring/AOP.htm,20081219044849
spring-aopannotation,http://www.java2s.com:80/Code/Java/Spring/AOPAnnotation.htm,20081209070018
(thin),http://www.java2s.com:80/Code/Java/Spring/ApplicationContext.htm,20081219062058
(thin),https://www.java2s.com/Code/Java/Spring/ApplicationContext.html,20260711212858
spring-applicationcontextandbeanfactorypostprocessor,http://java2s.com/Code/Java/Spring/ApplicationContextAndBeanFactoryPostProcessor.htm,20100210133337
spring-applicationcontextaware,http://www.java2s.com:80/Code/Java/Spring/ApplicationContextAware.htm,20090310175330
(thin),http://www.java2s.com:80/Code/Java/Spring/ApplicationListener.htm,20081206124035
(thin),https://www.java2s.com/Code/Java/Spring/ApplicationListener.html,20260511173642
spring-aspectannotation,http://www.java2s.com:80/Code/Java/Spring/AspectAnnotation.htm,20081209070043
spring-aspectannotationpointcutaroundafter,http://www.java2s.com:80/Code/Java/Spring/AspectAnnotationPointcutAroundAfter.htm,20081209070047
spring-aspectfilter,http://www.java2s.com:80/Code/Java/Spring/AspectFilter.htm,20081209070053
spring-aspecthelloworldexample,http://www.java2s.com:80/Code/Java/Spring/AspectHelloWorldExample.htm,20070503171642
spring-aspectjautoproxy,http://www.java2s.com:80/Code/Java/Spring/AspectJAutoProxy.htm,20081209070059
spring-aspectjexamplefromprospring,http://www.java2s.com:80/Code/Java/Spring/AspectJExamplefromProSpring.htm,20070503190834
spring-aspectjexpressionpointcut,http://www.java2s.com:80/Code/Java/Spring/AspectJExpressionPointcut.htm,20081208084510
spring-autowiring,http://www.java2s.com/Code/Java/Spring/AutoWiring.htm,20061026224421
(thin),http://www.java2s.com:80/Code/Java/Spring/BasicDataSource.htm,20081219062103
(thin),https://www.java2s.com/Code/Java/Spring/BasicDataSource.html,20260519041731
spring-basicdatasourcefromapache,http://www.java2s.com:80/Code/Java/Spring/BasicDataSourcefromapache.htm,20090422032120
(thin),http://www.java2s.com:80/Code/Java/Spring/BatchPreparedStatementSetter.htm,20081219102443
(thin),https://www.java2s.com/Code/Java/Spring/BatchPreparedStatementSetter.html,20260516145324
(thin),http://www.java2s.com:80/Code/Java/Spring/BatchSqlUpdate.htm,20081219102448
(thin),https://www.java2s.com/Code/Java/Spring/BatchSqlUpdate.html,20260515080137
spring-beanfactoryawareandbeanaware,http://www.java2s.com:80/Code/Java/Spring/BeanFactoryAwareandBeanAware.htm,20090802100248
(thin),http://www.java2s.com:80/Code/Java/Spring/BeanFactoryPostProcessor.htm,20081219062108
(thin),https://www.java2s.com/Code/Java/Spring/BeanFactoryPostProcessor.html,20260710110021
spring-beanfactorypreinstantiatesingletonsintegration,http://www.java2s.com:80/Code/Java/Spring/BeanFactoryPreInstantiateSingletonsIntegration.htm,20090322131248
spring-beaninjectioncollectionlist,http://www.java2s.com:80/Code/Java/Spring/BeanInjectionCollectionList.htm,20090411150957
spring-beaninjectioncollectionmap,http://www.java2s.com:80/Code/Java/Spring/BeanInjectionCollectionMap.htm,20090227183745
spring-beaninjectioncollectionproperties,http://www.java2s.com:80/Code/Java/Spring/BeanInjectionCollectionProperties.htm,20090227235425
spring-beaninjectioncollectionset,http://java2s.com:80/Code/Java/Spring/BeanInjectionCollectionSet.htm,20090129173511
spring-beaninjectionmap,http://www.java2s.com:80/Code/Java/Spring/BeanInjectionMap.htm,20090226184121
spring-beanlifecycledisposablebean,http://www.java2s.com:80/Code/Java/Spring/BeanLifecycleDisposableBean.htm,20090125220917
spring-beanlifecycleinitializing,http://www.java2s.com:80/Code/Java/Spring/BeanLifecycleInitializing.htm,20090420180109
spring-beannamealiasing,http://www.java2s.com:80/Code/Java/Spring/BeanNameAliasing.htm,20060504200245
spring-beannameexample,http://www.java2s.com:80/Code/Java/Spring/BeanNameExample.htm,20060504200341
(thin),http://www.java2s.com:80/Code/Java/Spring/BeanPostProcessor.htm,20081219050303
(thin),http://www.java2s.com:80/Code/Java/Spring/BeanPropertySqlParameterSource.htm,20081219044854
(thin),http://www.java2s.com:80/Code/Java/Spring/CallableStatement.htm,20081219050308
(thin),https://www.java2s.com/Code/Java/Spring/CallableStatement.html,20260518214727
spring-callablestatementcallbackandprocedure,http://java2s.com:80/Code/Java/Spring/CallableStatementCallbackAndProcedure.htm,20090208172717
(thin),http://www.java2s.com:80/Code/Java/Spring/CallableStatementCreator.htm,20081219062113
(thin),https://www.java2s.com/Code/Java/Spring/CallableStatementCreator.html,20260518220826
spring-callconstructor,http://www.java2s.com:80/Code/Java/Spring/CallConstructor.htm,20090404102137
spring-checkinvokedmethodinmethodinterceptor,http://www.java2s.com:80/Code/Java/Spring/CheckInvokedMethodInMethodInterceptor.htm,20091124110534
spring-checklogicinafterreturningadvice,http://www.java2s.com:80/Code/Java/Spring/CheckLogicInAfterReturningAdvice.htm,20090130003119
spring-classfilterindynamicmethodmatcherpointcut,http://java2s.com/Code/Java/Spring/ClassFilterInDynamicMethodMatcherPointcut.htm,20100211070041
(thin),http://www.java2s.com:80/Code/Java/Spring/ClassPathResource.htm,20081219062120
(thin),https://www.java2s.com/Code/Java/Spring/ClassPathResource.html,20260513094037
(thin),http://www.java2s.com:80/Code/Java/Spring/ClassPathXmlApplicationContext.htm,20081219085307
(thin),https://www.java2s.com/Code/Java/Spring/ClassPathXmlApplicationContext.html,20260519034013
spring-closedcoupled,http://java2s.com/Code/Java/Spring/ClosedCoupled.htm,20100213131543
spring-collectioninjection,http://www.java2s.com/Code/Java/Spring/CollectionInjection.htm,20060513091011
spring-combinepreparedstatementcreatorandresultsetextractor,http://java2s.com/Code/Java/Spring/CombinePreparedStatementCreatorAndResultSetExtractor.htm,20100208235518
spring-combinepreparedstatementsetterandrowcallbackhandler,http://www.java2s.com:80/Code/Java/Spring/CombinePreparedStatementSetterAndRowCallbackHandler.htm,20090729063711
spring-comparebeansfromfactorybean,http://www.java2s.com:80/Code/Java/Spring/CompareBeansFromFactoryBean.htm,20090423061108
spring-componentfilterassignable,http://www.java2s.com:80/Code/Java/Spring/ComponentFilterAssignable.htm,20090307144316
spring-componentscan,http://www.java2s.com:80/Code/Java/Spring/componentscan.htm,20090321025420
spring-componentscanandscope,http://www.java2s.com:80/Code/Java/Spring/ComponentScanandscope.htm,20090426214739
spring-composablepointcutexample,http://www.java2s.com:80/Code/Java/Spring/ComposablePointcutExample.htm,20070503114751
spring-composablepointcutintersection,http://www.java2s.com:80/Code/Java/Spring/ComposablePointcutIntersection.htm,20081209070105
spring-composablepointcutunion,http://www.java2s.com:80/Code/Java/Spring/ComposablePointcutUnion.htm,20081209070111
spring-concurrencythrottleinterceptor,http://www.java2s.com:80/Code/Java/Spring/ConcurrencyThrottleInterceptor.htm,20081209070117
spring-configbasicdatasourceforhsql,http://www.java2s.com:80/Code/Java/Spring/ConfigBasicDataSourceforHSQL.htm,20090327131055
(thin),http://www.java2s.com:80/Code/Java/Spring/ConfigurableListableBeanFactory.htm,20081219035128
(thin),https://www.java2s.com/Code/Java/Spring/ConfigurableListableBeanFactory.html,20260521143743
(thin),http://www.java2s.com:80/Code/Java/Spring/ConnectionCallback.htm,20081219085312
(thin),https://www.java2s.com/Code/Java/Spring/ConnectionCallback.html,20260508150208
(thin),http://www.java2s.com:80/Code/Java/Spring/Constructor-Injection.htm,20081219102453
(thin),https://www.java2s.com/Code/Java/Spring/Constructor-Injection.html,20260514171907
spring-constructorargumentandlocalreference,http://java2s.com/Code/Java/Spring/ConstructorArgumentAndLocalReference.htm,20100211001952
spring-constructorcallerincontextconfig,http://www.java2s.com:80/Code/Java/Spring/ConstructorCallerInContextConfig.htm,20090406053255
spring-constructorconfusion,http://www.java2s.com:80/Code/Java/Spring/ConstructorConfusion.htm,20070508151507
jpa-aggregatefunctionavg,http://www.java2s.com:80/Code/Java/JPA/AggregatefunctionAVG.htm,20081209042634
jpa-aggregatefunctioncountandavg,http://www.java2s.com:80/Code/Java/JPA/AggregatefunctionCountAndAvg.htm,20081208073816
jpa-alloperatorinejbql,http://www.java2s.com:80/Code/Java/JPA/AllOperatorinEJBQL.htm,20081209042639
jpa-anywithsubquery,http://www.java2s.com:80/Code/Java/JPA/AnyWithSubquery.htm,20081209042644
(thin),http://www.java2s.com:80/Code/Java/JPA/Association-Override.htm,20081219045857
(thin),https://www.java2s.com/Code/Java/JPA/Association-Override.html,20260520004309
(thin),http://www.java2s.com:80/Code/Java/JPA/Attribute-Override.htm,20081219095908
(thin),https://www.java2s.com/Code/Java/JPA/Attribute-Override.html,20260519154842
jpa-avgwithgroupbyclause,http://www.java2s.com:80/Code/Java/JPA/AVGWithGroupByclause.htm,20081209042629
(thin),http://www.java2s.com:80/Code/Java/JPA/Basic.htm,20081219084120
(thin),https://www.java2s.com/Code/Java/JPA/Basic.html,20260520095143
jpa-betweenand,http://www.java2s.com:80/Code/Java/JPA/BetweenAnd.htm,20081209042649
jpa-bidirectiononetoonemappoing,http://www.java2s.com:80/Code/Java/JPA/BiDirectionOneToOneMappoing.htm,20090119164051
(thin),http://www.java2s.com:80/Code/Java/JPA/Blob-Clob.htm,20081219045902
(thin),https://www.java2s.com/Code/Java/JPA/Blob-Clob.html,20260510233702
jpa-blobtypecolumn,http://java2s.com:80/Code/Java/JPA/BlobTypeColumn.htm,20090206202924
(thin),http://www.java2s.com:80/Code/Java/JPA/Cascade-Action.htm,20081219095913
(thin),https://www.java2s.com/Code/Java/JPA/Cascade-Action.html,20260517205825
jpa-cascadetypepersist,http://www.java2s.com:80/Code/Java/JPA/CascadeTypePERSIST.htm,20090504061426
jpa-cascadetyperemove,http://www.java2s.com:80/Code/Java/JPA/CascadeTypeREMOVE.htm,20090417174841
jpa-castresultlisttogenericcollection,http://www.java2s.com:80/Code/Java/JPA/CastResultListToGenericCollection.htm,20090528095054
jpa-changeinheritancetypeinhierarchy,http://www.java2s.com:80/Code/Java/JPA/ChangeInheritanceTypeInHierarchy.htm,20090417174846
jpa-changetablenameinhierarchy,http://www.java2s.com:80/Code/Java/JPA/ChangeTableNameInHierarchy.htm,20090221222341
(thin),http://www.java2s.com:80/Code/Java/JPA/Column.htm,20081219193528
(thin),https://www.java2s.com/Code/Java/JPA/Column.html,20260512004106
jpa-conditionaloperatorand,http://www.java2s.com:80/Code/Java/JPA/ConditionaloperatorAND.htm,20081209042654
jpa-convertjavastringtypetovarchar40,http://www.java2s.com:80/Code/Java/JPA/ConvertJavaStringTypeToVarchar40.htm,20090515021134
jpa-countcollection,http://www.java2s.com:80/Code/Java/JPA/CountCollection.htm,20081209042659
jpa-countentities,http://www.java2s.com:80/Code/Java/JPA/CountEntities.htm,20081209042704
jpa-createentitymanagerfactory,http://www.java2s.com:80/Code/Java/JPA/CreateEntityManagerFactory.htm,20081224060129
jpa-createmorethanonenamedqueriesforanentity,http://www.java2s.com:80/Code/Java/JPA/CreateMorethanoneNamedQueriesforanEntity.htm,20081221015118
jpa-createnamedquerywithentity,http://www.java2s.com:80/Code/Java/JPA/CreateNamedQueryWithEntity.htm,20081220113651
jpa-createqueryfromentitymanager,http://www.java2s.com:80/Code/Java/JPA/CreateQueryFromEntityManager.htm,20081221100651
jpa-createsubquerywithentities,http://www.java2s.com:80/Code/Java/JPA/CreateSubQueryWithEntities.htm,20081209042710
jpa-createyourowntablefortablegenerator,http://www.java2s.com:80/Code/Java/JPA/CreateYourOwnTableForTableGenerator.htm,20090126060657
(thin),http://www.java2s.com:80/Code/Java/JPA/Date-Calendar.htm,20081219045907
(thin),https://www.java2s.com/Code/Java/JPA/Date-Calendar.html,20260521144849
jpa-datetypeparameter,http://www.java2s.com:80/Code/Java/JPA/DateTypeParameter.htm,20090120103337
jpa-defineandusecompoundprimarykey,http://www.java2s.com:80/Code/Java/JPA/DefineAndUseCompoundPrimaryKey.htm,20081231212114
(thin),http://www.java2s.com:80/Code/Java/JPA/Delete.htm,20081219095918
(thin),https://www.java2s.com/Code/Java/JPA/Delete.html,20260517021151
jpa-deleteentities,http://www.java2s.com:80/Code/Java/JPA/DeleteEntities.htm,20090322034732
jpa-deletewithcondition,http://www.java2s.com:80/Code/Java/JPA/DeleteWithCondition.htm,20090924012627
jpa-detachmentwitheagerloading,http://www.java2s.com:80/Code/Java/JPA/DetachmentWithEagerLoading.htm,20090630053748
jpa-detachmentwithtriggeredlazyloading,http://www.java2s.com:80/Code/Java/JPA/DetachmentWithTriggeredLazyLoading.htm,20090605074211
jpa-distinctfunction,http://www.java2s.com:80/Code/Java/JPA/Distinctfunction.htm,20081209042716
jpa-ejb-query-language,http://www.java2s.com:80/Code/Java/JPA/EJB-Query-Language.htm,20081219043701
jpa-ejb-query-language-2,https://www.java2s.com/Code/Java/JPA/EJB-Query-Language.html,20260710144904
jpa-ejbqlconcatfunctionwithsubstring,http://www.java2s.com:80/Code/Java/JPA/EJBQLConcatFunctionWithSubstring.htm,20081209042721
jpa-ejbqlhavingclause,http://www.java2s.com:80/Code/Java/JPA/EJBQLHavingclause.htm,20081209042726
jpa-ejbqlwhereclausewithsubquery,http://www.java2s.com:80/Code/Java/JPA/EJBQLWhereClauseWithSubQuery.htm,20081209065943
(thin),http://www.java2s.com:80/Code/Java/JPA/Embeddable.htm,20081219084125
(thin),https://www.java2s.com/Code/Java/JPA/Embeddable.html,20260509163133
jpa-embeddableobjectmapping,http://www.java2s.com:80/Code/Java/JPA/EmbeddableObjectMapping.htm,20090329091025
jpa-embeddedcompoundprimarykey,http://www.java2s.com:80/Code/Java/JPA/EmbeddedCompoundPrimaryKey.htm,20090926070742
(thin),http://www.java2s.com:80/Code/Java/JPA/EmbeddedId.htm,20081219095923
(thin),https://www.java2s.com/Code/Java/JPA/EmbeddedId.html,20260510020310
jpa-emptyvalue,http://www.java2s.com:80/Code/Java/JPA/EmptyValue.htm,20081209042731
(thin),http://www.java2s.com:80/Code/Java/JPA/Entity-Lifecycle.htm,20081219043706
(thin),https://www.java2s.com/Code/Java/JPA/Entity-Lifecycle.html,20260510075523
(thin),http://www.java2s.com:80/Code/Java/JPA/Entity-Manager.htm,20081219061555
(thin),https://www.java2s.com/Code/Java/JPA/Entity-Manager.html,20260521104459
jpa-entityjoinwithcondition,http://www.java2s.com:80/Code/Java/JPA/EntityJoinWithCondition.htm,20081209042736
(thin),http://www.java2s.com:80/Code/Java/JPA/EntityListeners.htm,20081219084130
(thin),https://www.java2s.com/Code/Java/JPA/EntityListeners.html,20260512035342
(thin),http://www.java2s.com:80/Code/Java/JPA/Enum.htm,20081219095928
(thin),https://www.java2s.com/Code/Java/JPA/Enum.html,20260711120703
jpa-enumeratedenumtypeordinal,http://www.java2s.com:80/Code/Java/JPA/EnumeratedEnumTypeORDINAL.htm,20081219151310
jpa-enumeratedvaluemappingenumtypestring,http://www.java2s.com:80/Code/Java/JPA/EnumeratedValueMappingEnumTypeSTRING.htm,20090106060607
jpa-escapewildcard,http://www.java2s.com:80/Code/Java/JPA/Escapewildcard.htm,20081209042741
(thin),http://www.java2s.com:80/Code/Java/JPA/Fetch.htm,20081219043711
(thin),https://www.java2s.com/Code/Java/JPA/Fetch.html,20260517145740
jpa-fetchlazy,http://java2s.com:80/Code/Java/JPA/FetchLazy.htm,20090123033457
(thin),http://www.java2s.com:80/Code/Java/JPA/Find.htm,20081219084135
jpa-findallobjects,http://www.java2s.com:80/Code/Java/JPA/FindAllObjects.htm,20090509084107
jpa-findobjectbyclass,http://java2s.com:80/Code/Java/JPA/FindObjectByClass.htm,20090210034202
jpa-findoneobject,http://www.java2s.com:80/Code/Java/JPA/FindOneObject.htm,20090509214328
(thin),http://www.java2s.com:80/Code/Java/JPA/Generated-Primary-Key.htm,20081219095933
(thin),https://www.java2s.com/Code/Java/JPA/Generated-Primary-Key.html,20260510085715
jpa-getentitybyid,http://www.java2s.com:80/Code/Java/JPA/GetEntitybyID.htm,20090222193759
jpa-getstringpropertiesfromentities,http://www.java2s.com:80/Code/Java/JPA/GetStringPropertiesFromEntities.htm,20081209042746
jpa-gettwopropertiesfromentity,http://www.java2s.com:80/Code/Java/JPA/GetTwoPropertiesFromEntity.htm,20081209042751
jpa-groupbywithcount,http://www.java2s.com:80/Code/Java/JPA/GroupByWithCount.htm,20081208084440
jpa-idfortwoentitiesfromonetable,http://java2s.com:80/Code/Java/JPA/IDForTwoEntitiesFromOneTable.htm,20090124012740
jpa-idgenerationtypeauto,http://www.java2s.com:80/Code/Java/JPA/IDGenerationTypeAUTO.htm,20090126060642
jpa-idgenerationtypeidentity,http://www.java2s.com:80/Code/Java/JPA/IDGenerationTypeIDENTITY.htm,20090126060647
jpa-idgenerationtypetable,http://www.java2s.com:80/Code/Java/JPA/IDGenerationTypeTABLE.htm,20090126060753
(thin),http://www.java2s.com:80/Code/Java/JPA/Inheritance.htm,20081219095938
(thin),https://www.java2s.com/Code/Java/JPA/Inheritance.html,20260515224205
jpa-inheritanceresultmapping,http://www.java2s.com:80/Code/Java/JPA/InheritanceResultMapping.htm,20090422105832
regular-expressions-ablockoftexttouseasinputtotheregularexpressionmatcher,http://www.java2s.com:80/Code/Java/Regular-Expressions/Ablockoftexttouseasinputtotheregularexpressionmatcher.htm,20070115014418
(thin),http://www.java2s.com/Code/Java/Regular-Expressions/Acommandlinegreplikeprogram.htm,20060513101104
regular-expressions-addingcommentstoaregularexpression,http://www.java2s.com:80/Code/Java/Regular-Expressions/AddingCommentstoaRegularExpression.htm,20090422124057
(thin),http://www.java2s.com/Code/Java/Regular-Expressions/AgreplikeprogramusingNIObutNOTLINEBASED.htm,20060513101100
regular-expressions-allowsyoutoeasilytryoutregularexpressions,http://www.java2s.com:80/Code/Java/Regular-Expressions/Allowsyoutoeasilytryoutregularexpressions.htm,20090814170858
regular-expressions-allowsyoutoeaslytryoutregularexpressions,http://www.java2s.com:80/Code/Java/Regular-Expressions/Allowsyoutoeaslytryoutregularexpressions.htm,20060903221603
(thin),http://www.java2s.com/Code/Java/Regular-Expressions/AnotherGrep.htm,20060513101113
regular-expressions-anothermatcherfindandgroup,http://www.java2s.com:80/Code/Java/Regular-Expressions/AnotherMatcherfindandgroup.htm,20060510151924
regular-expressions-anothermatcherreset,http://www.java2s.com:80/Code/Java/Regular-Expressions/AnotherMatcherreset.htm,20060510151734
regular-expressions-anotherpatternsplit,http://www.java2s.com/Code/Java/Regular-Expressions/Anotherpatternsplit.htm,20060513094139
regular-expressions-appendreplacementmethod,http://java2s.com/Code/Java/Regular-Expressions/AppendReplacementMethod.htm,20100211073150
regular-expressions-applyproperuppercaseandlowercaseonastring,http://www.java2s.com:80/Code/Java/Regular-Expressions/ApplyproperuppercaseandlowercaseonaString.htm,20090502015352
regular-expressions-applyregularexpressionsonthecontentsofafile,http://www.java2s.com:80/Code/Java/Regular-Expressions/ApplyRegularExpressionsonthecontentsofafile.htm,20090504061122
(thin),http://www.java2s.com/Code/Java/Regular-Expressions/Basic-Regular-Expressions.htm,20060513062229
regular-expressions-basic-regular-expressions,https://www.java2s.com/Code/Java/Regular-Expressions/Basic-Regular-Expressions.html,20260520095453
regular-expressions-calculatingwordfrequencieswithregularexpressions,http://www.java2s.com:80/Code/Java/Regular-Expressions/CalculatingWordFrequencieswithRegularExpressions.htm,20061201084831
regular-expressions-capturingtextinagroupinaregularexpression,http://www.java2s.com:80/Code/Java/Regular-Expressions/CapturingTextinaGroupinaRegularExpression.htm,20090606185130
regular-expressions-characterclassmatches,http://www.java2s.com:80/Code/Java/Regular-Expressions/CharacterClassMatches.htm,20090202201252
regular-expressions-charactersclassesspecifiesalistofpossiblecharacters,http://www.java2s.com:80/Code/Java/Regular-Expressions/Charactersclassesspecifiesalistofpossiblecharacters.htm,20090202201258
regular-expressions-checkifatextispresentatthecurrentpositioninabufferforstring,http://java2s.com/Code/Java/Regular-Expressions/Checkifatextispresentatthecurrentpositioninabufferforstring.htm,20100213065034
regular-expressions-checkifgivenstringisanumberdigitsonly,http://www.java2s.com:80/Code/Java/Regular-Expressions/Checkifgivenstringisanumberdigitsonly.htm,20090530095730
regular-expressions-checkifgivenstringisnumberwithdotseparatorandtwodecimals,http://www.java2s.com:80/Code/Java/Regular-Expressions/Checkifgivenstringisnumberwithdotseparatorandtwodecimals.htm,20090530100207
regular-expressions-checkifgivenstringisnumeric0909,http://www.java2s.com:80/Code/Java/Regular-Expressions/Checkifgivenstringisnumeric0909.htm,20090531212025
regular-expressions-checkswhetherastringmatchesagivenwildcardpattern,http://java2s.com/Code/Java/Regular-Expressions/Checkswhetherastringmatchesagivenwildcardpattern.htm,20100213064754
regular-expressions-compilingapatternwithmultipleflags,http://www.java2s.com:80/Code/Java/Regular-Expressions/CompilingaPatternwithMultipleFlags.htm,20090422125539
regular-expressions-createastringsearchandreplaceusingregex,http://www.java2s.com:80/Code/Java/Regular-Expressions/Createastringsearchandreplaceusingregex.htm,20090502015357
(thin),http://www.java2s.com:80/Code/Java/Regular-Expressions/Date.htm,20090628003550
(thin),https://www.java2s.com/Code/Java/Regular-Expressions/Date.html,20260514155535
(thin),http://www.java2s.com/Code/Java/Regular-Expressions/demonstrateRegularExpressionsMatchgroup.htm,20061018195009
regular-expressions-determiningifastringmatchesapatternexactly,http://www.java2s.com:80/Code/Java/Regular-Expressions/DeterminingIfaStringMatchesaPatternExactly.htm,20090826174239
(thin),http://www.java2s.com:80/Code/Java/Regular-Expressions/Digit-Number.htm,20090531212030
regular-expressions-displayallurlsinawebpagebymatchingaregularexpressionthatdesc,http://www.java2s.com:80/Code/Java/Regular-Expressions/DisplayallURLsinawebpagebymatchingaregularexpressionthatdescribestheahrefHTMLtag.htm,20110924024033
regular-expressions-displaysdirectorylistingusingregularexpressions,http://www.java2s.com/Code/Java/Regular-Expressions/Displaysdirectorylistingusingregularexpressions.htm,20061018194939
(thin),http://www.java2s.com:80/Code/Java/Regular-Expressions/Email.htm,20090430130520
(thin),https://www.java2s.com/Code/Java/Regular-Expressions/Email.html,20260516151943
regular-expressions-escapingspecialcharactersinapattern,http://java2s.com/Code/Java/Regular-Expressions/EscapingSpecialCharactersinaPattern.htm,20100211073412
regular-expressions-extractasubstringbymatchingaregularexpression,http://www.java2s.com:80/Code/Java/Regular-Expressions/Extractasubstringbymatchingaregularexpression.htm,20090418182044
regular-expressions-findallmatches,http://www.java2s.com:80/Code/Java/Regular-Expressions/Findallmatches.htm,20090422123407
regular-expressions-findduplication,http://www.java2s.com/Code/Java/Regular-Expressions/Findduplication.htm,20060513094113
regular-expressions-findgroupnumber1ofthesecondfind,http://www.java2s.com:80/Code/Java/Regular-Expressions/Findgroupnumber1ofthesecondfind.htm,20090606185135
regular-expressions-findingeveryoccurrenceofthelettera,http://www.java2s.com:80/Code/Java/Regular-Expressions/FindingEveryOccurrenceoftheLetterA.htm,20090422123412
regular-expressions-findtheendpointofthesecondtest,http://www.java2s.com:80/Code/Java/Regular-Expressions/Findtheendpointofthesecondtest.htm,20090418182238
regular-expressions-findthestartingpointofthefirstsubgroup,http://www.java2s.com:80/Code/Java/Regular-Expressions/findthestartingpointofthefirstsubgroup.htm,20090606190555
regular-expressions-findthestartingpointofthesecondsubgroup,http://www.java2s.com:80/Code/Java/Regular-Expressions/Findthestartingpointofthesecondsubgroup.htm,20090606190525
regular-expressions-getalldigitsfromastring,http://www.java2s.com:80/Code/Java/Regular-Expressions/Getalldigitsfromastring.htm,20090502034201
regular-expressions-getfirstfoundregex,http://www.java2s.com:80/Code/Java/Regular-Expressions/GetFirstFoundregex.htm,20090828180037
regular-expressions-getfirstnotemptystringinastringlist,http://www.java2s.com:80/Code/Java/Regular-Expressions/GetFirstNotEmptyStringinaStringlist.htm,20090828181247
regular-expressions-getfoundregex,http://www.java2s.com:80/Code/Java/Regular-Expressions/GetFoundregex.htm,20090828181046
regular-expressions-gettingtheindicesofamatchinggroupinaregularexpression,http://www.java2s.com:80/Code/Java/Regular-Expressions/GettingtheIndicesofaMatchingGroupinaRegularExpression.htm,20090606185140
(thin),http://www.java2s.com:80/Code/Java/Regular-Expressions/Greedy.htm,20090830053439
regular-expressions-greedyandnongreedymatchinginaregularexpression,http://java2s.com/Code/Java/Regular-Expressions/GreedyandNongreedyMatchinginaRegularExpression.htm,20100206192702
regular-expressions-greedyoperatordescription,http://www.java2s.com:80/Code/Java/Regular-Expressions/GreedyOperatorDescription.htm,20090202195324
regular-expressions-greedyqualifier,http://java2s.com/Code/Java/Regular-Expressions/GreedyQualifier.htm,20100206192627
(thin),http://www.java2s.com/Code/Java/Regular-Expressions/Grep.htm,20060513055206
(thin),http://www.java2s.com/Code/Java/Regular-Expressions/Grep0Matchlinesfromstdinagainstthepatternonthecommandline.htm,20060513101109
(thin),http://www.java2s.com:80/Code/Java/Regular-Expressions/Group.htm,20090606185145
(thin),https://www.java2s.com/Code/Java/Regular-Expressions/Group.html,20260520102711
regular-expressions-ignorecasedifferenceswhensearchingfororreplacingsubstrings,http://www.java2s.com:80/Code/Java/Regular-Expressions/Ignorecasedifferenceswhensearchingfororreplacingsubstrings.htm,20090502013650
regular-expressions-implementapatternmatcherforregularexpressions,http://www.java2s.com:80/Code/Java/Regular-Expressions/Implementapatternmatcherforregularexpressions.htm,20090422124102
(thin),http://www.java2s.com:80/Code/Java/Regular-Expressions/IP-Address.htm,20091204131003
(thin),https://www.java2s.com/Code/Java/Regular-Expressions/IP-Address.html,20260510090023
regular-expressions-javaregularexpressionfileandfind,http://www.java2s.com:80/Code/Java/Regular-Expressions/JavaRegularExpressionFileandFind.htm,20060506131029
regular-expressions-javaregularexpressionfind2,http://www.java2s.com:80/Code/Java/Regular-Expressions/JavaRegularExpressionfind2.htm,20060506131235
regular-expressions-javaregularexpressionsplit2,http://www.java2s.com:80/Code/Java/Regular-Expressions/JavaRegularExpressionsplit2.htm,20070110035929
regular-expressions-javaregularexpressionsplittext,http://www.java2s.com:80/Code/Java/Regular-Expressions/JavaRegularExpressionSplittext.htm,20070109000120
(thin),http://www.java2s.com/Code/Java/Regular-Expressions/LikeRegularExpressionDemoinaTextField.htm,20061018194921
(thin),http://www.java2s.com:80/Code/Java/Regular-Expressions/Lookup.htm,20060506131011
(thin),https://www.java2s.com/Code/Java/Regular-Expressions/Lookup.html,20260509205313
(thin),http://www.java2s.com/Code/Java/Regular-Expressions/Match-Address.htm,20060513060503
regular-expressions-matchaddressmixingnumbersandcharacters,http://www.java2s.com:80/Code/Java/Regular-Expressions/MatchAddressmixingnumbersandcharacters.htm,20090914064643
regular-expressions-matchaddressmixingnumnersandcharacters,http://www.java2s.com:80/Code/Java/Regular-Expressions/MatchAddressmixingnumnersandcharacters.htm,20090504061127
regular-expressions-matchaddressregularexpressions,http://www.java2s.com/Code/Java/Regular-Expressions/Matchaddressregularexpressions.htm,20060513094134
regular-expressions-matchasingledigit,http://www.java2s.com:80/Code/Java/Regular-Expressions/Matchasingledigit.htm,20090531215201
regular-expressions-matchdates,http://www.java2s.com:80/Code/Java/Regular-Expressions/MatchDates.htm,20091106064007
regular-expressions-matchduplicatewords,http://www.java2s.com:80/Code/Java/Regular-Expressions/MatchDuplicateWords.htm,20090422124107
regular-expressions-matchemailaddress,http://www.java2s.com:80/Code/Java/Regular-Expressions/MatchEmailaddress.htm,20070611152055
2d-graphics-gui-140colorsdefinedforxwindowsystemlistedinoreillyhtmlpocketreferen,http://www.java2s.com:80/Code/Java/2D-Graphics-GUI/140colorsdefinedforXWindowSystemlistedinOReillyhtmlpocketreference87pp.htm,20090917140607
2d-graphics-gui-4x4matrix,http://www.java2s.com:80/Code/Java/2D-Graphics-GUI/4x4Matrix.htm,20111020201715
2d-graphics-gui-a3x3matriximplementation,http://www.java2s.com:80/Code/Java/2D-Graphics-GUI/A3x3matriximplementation.htm,20111019171447
2d-graphics-gui-abarebonesplayerplaythemediaobject,http://www.java2s.com:80/Code/Java/2D-Graphics-GUI/ABareBonesPlayerplaythemediaobject.htm,20060506155216
(thin),http://www.java2s.com:80/Code/Java/2D-Graphics-GUI/Acacheofthedynamicallyloadedfontsfoundinthefontsdirectory.htm,20071123091348
2d-graphics-gui-aclassrepresentingacubicpathsegment,http://java2s.com/Code/Java/2D-Graphics-GUI/Aclassrepresentingacubicpathsegment.htm,20100206135209
2d-graphics-gui-aclassrepresentingalinearpathsegment,http://java2s.com/Code/Java/2D-Graphics-GUI/Aclassrepresentingalinearpathsegment.htm,20100206135327
2d-graphics-gui-aclassrepresentingaquadraticpathsegment,http://java2s.com/Code/Java/2D-Graphics-GUI/Aclassrepresentingaquadraticpathsegment.htm,20100206135706
2d-graphics-gui-aclassthatmodelsacubicbeziercurve,http://java2s.com/Code/Java/2D-Graphics-GUI/AclassthatmodelsaCubicBeziercurve.htm,20111124232338
2d-graphics-gui-aclasstorepresentalatitudeandlongitude,http://java2s.com/Code/Java/2D-Graphics-GUI/Aclasstorepresentalatitudeandlongitude.htm,20111125081431
(thin),http://java2s.com/Code/Java/2D-Graphics-GUI/Acomponentforchoosingastrokefromalistofavailablestrokes.htm,20100213130809
2d-graphics-gui-acyclicgradient,http://www.java2s.com:80/Code/Java/2D-Graphics-GUI/Acyclicgradient.htm,20090615220743
2d-graphics-gui-adashedstroke,http://www.java2s.com:80/Code/Java/2D-Graphics-GUI/Adashedstroke.htm,20090426081319
2d-graphics-gui-addimageioreadprogresslistenertoimagereader,http://www.java2s.com:80/Code/Java/2D-Graphics-GUI/AddImageIOReadProgressListenertoImageReader.htm,20090531065540
2d-graphics-gui-addingimagedraggingbehavior,http://www.java2s.com:80/Code/Java/2D-Graphics-GUI/AddingImageDraggingBehavior.htm,20060514223114
2d-graphics-gui-addingwatermarktoanimage,http://www.java2s.com:80/Code/Java/2D-Graphics-GUI/Addingwatermarktoanimage.htm,20110928152202
2d-graphics-gui-adecoderforwindowsbitmapbmpfiles,http://java2s.com/Code/Java/2D-Graphics-GUI/AdecoderforWindowsbitmapBMPfiles.htm,20100212035118
(thin),http://www.java2s.com/Code/Java/2D-Graphics-GUI/AdisplayoftextformattedbyusinsteadofbyAWTSwing.htm,20061018121251
2d-graphics-gui-affinetransformdemo,http://www.java2s.com:80/Code/Java/2D-Graphics-GUI/AffineTransformdemo.htm,20060514222757
2d-graphics-gui-afilterclasswhichtranslatesmoderatelywhitepixelstogreen,http://www.java2s.com:80/Code/Java/2D-Graphics-GUI/Afilterclasswhichtranslatesmoderatelywhitepixelstogreen.htm,20090210132118
2d-graphics-gui-afilterthattranslatestograyeachoftheredgreenandbluelevelsbecomes,http://www.java2s.com:80/Code/Java/2D-Graphics-GUI/AfilterthattranslatestograyEachoftheredgreenandbluelevelsbecomesthemeanintensity.htm,20090210132123
2d-graphics-gui-aframethatdisplaysanimage,http://www.java2s.com:80/Code/Java/2D-Graphics-GUI/Aframethatdisplaysanimage.htm,20091206070315
2d-graphics-gui-ageometricpathconstructedfromstraightlinesquadraticandcubicbezie,http://java2s.com/Code/Java/2D-Graphics-GUI/AgeometricpathconstructedfromstraightlinesquadraticandcubicBeziercurvesandellipticalarc.htm,20100206135422
2d-graphics-gui-ajavaimplementationofthex11region,http://www.java2s.com:80/Code/Java/2D-Graphics-GUI/AJavaimplementationoftheX11region.htm,20070430052327
2d-graphics-gui-alineisdrawnusingtwopoints,http://www.java2s.com:80/Code/Java/2D-Graphics-GUI/Alineisdrawnusingtwopoints.htm,20090903231020
2d-graphics-gui-alphacomposite,http://www.java2s.com:80/Code/Java/2D-Graphics-GUI/AlphaComposite.htm,20060506192132
2d-graphics-gui-alphacompositedst,http://www.java2s.com:80/Code/Java/2D-Graphics-GUI/AlphaCompositeDST.htm,20090502034855
2d-graphics-gui-alphacompositedstatop,http://www.java2s.com:80/Code/Java/2D-Graphics-GUI/AlphaCompositeDSTATOP.htm,20090502025243
2d-graphics-gui-alphacompositedstout,http://www.java2s.com:80/Code/Java/2D-Graphics-GUI/AlphaCompositeDSTOUT.htm,20090502034900
2d-graphics-gui-alphacompositesrc,http://www.java2s.com:80/Code/Java/2D-Graphics-GUI/AlphaCompositeSRC.htm,20090502033725
2d-graphics-gui-alphacompositesrcatop,http://www.java2s.com:80/Code/Java/2D-Graphics-GUI/AlphaCompositeSRCATOP.htm,20090502032008
2d-graphics-gui-alphacompositesrcout,http://www.java2s.com:80/Code/Java/2D-Graphics-GUI/AlphaCompositeSRCOUT.htm,20090502012708
2d-graphics-gui-amotiondetectionalgoritmforusewiththejavamediaframeworkapijmf,http://www.java2s.com:80/Code/Java/2D-Graphics-GUI/AmotiondetectionalgoritmforusewiththeJavaMediaFrameworkAPIJMF.htm,20090924013217
2d-graphics-gui-anefficientcolorquantizationalgorithm,http://www.java2s.com:80/Code/Java/2D-Graphics-GUI/Anefficientcolorquantizationalgorithm.htm,20090917140612
2d-graphics-gui-anemptyiconwitharbitrarywidthandheight,http://www.java2s.com:80/Code/Java/2D-Graphics-GUI/Anemptyiconwitharbitrarywidthandheight.htm,20100204224520
2d-graphics-gui-aniconforpaintingasquareswatchofaspecifiedcolor,http://www.java2s.com:80/Code/Java/2D-Graphics-GUI/AniconforpaintingasquareswatchofaspecifiedColor.htm,20100204224526
2d-graphics-gui-animatedbutton,http://www.java2s.com:80/Code/Java/2D-Graphics-GUI/AnimatedButton.htm,20091101181024
(thin),http://www.java2s.com:80/Code/Java/2D-Graphics-GUI/Animatedclippingofanimageandshapeswithalpha.htm,20090212160543
2d-graphics-gui-animatedgifencoder,http://www.java2s.com/Code/Java/2D-Graphics-GUI/AnimatedGifEncoder.htm,20061018125534
2d-graphics-gui-animatedgifencoderencodesagiffileconsistingofoneormoreframes,http://www.java2s.com:80/Code/Java/2D-Graphics-GUI/AnimatedGifEncoderEncodesaGIFfileconsistingofoneormoreframes.htm,20091009091521
2d-graphics-gui-animatedmessagepanel,http://www.java2s.com:80/Code/Java/2D-Graphics-GUI/AnimatedMessagePanel.htm,20091101182022
2d-graphics-gui-animatedpasswordfield,http://www.java2s.com:80/Code/Java/2D-Graphics-GUI/AnimatedPasswordField.htm,20091101181644
2d-graphics-gui-animatedtextfield,http://www.java2s.com:80/Code/Java/2D-Graphics-GUI/AnimatedTextField.htm,20091030091045
(thin),http://www.java2s.com/Code/Java/2D-Graphics-GUI/Animation.htm,20060513062128
(thin),https://www.java2s.com/Code/Java/2D-Graphics-GUI/Animation.html,20260510053606
2d-graphics-gui-animationbounce,http://www.java2s.com:80/Code/Java/2D-Graphics-GUI/Animationbounce.htm,20070314215950
(thin),http://www.java2s.com:80/Code/Java/2D-Graphics-GUI/AnimatorDemo.htm,20061123184820
2d-graphics-gui-anoncyclicgradient,http://www.java2s.com:80/Code/Java/2D-Graphics-GUI/Anoncyclicgradient.htm,20090615220748
2d-graphics-gui-anothergradientpaintdemo,http://www.java2s.com:80/Code/Java/2D-Graphics-GUI/AnotherGradientPaintDemo.htm,20060506182544
2d-graphics-gui-anotherlinebreakdemo,http://www.java2s.com/Code/Java/2D-Graphics-GUI/AnotherLineBreakDemo.htm,20061018121110
2d-graphics-gui-anotherprintdemo,http://www.java2s.com/Code/Java/2D-Graphics-GUI/Anotherprintdemo.htm,20060513094501
2d-graphics-gui-anotherxorexample,http://www.java2s.com:80/Code/Java/2D-Graphics-GUI/AnotherXORexample.htm,20060903002913
(thin),http://www.java2s.com:80/Code/Java/2D-Graphics-GUI/AntiAlias.htm,20060514221957
(thin),http://www.java2s.com:80/Code/Java/2D-Graphics-GUI/AntiAliasing.htm,20090425034449
(thin),https://www.java2s.com/Code/Java/2D-Graphics-GUI/AntiAliasing.html,20260711024819
2d-graphics-gui-anundirectedgraphthatkeepstrackofconnectedcomponentsgroups,http://java2s.com/Code/Java/2D-Graphics-GUI/Anundirectedgraphthatkeepstrackofconnectedcomponentsgroups.htm,20111125083158
(thin),http://java2s.com/Code/Java/2D-Graphics-GUI/Apanelthatdisplaysapaintsample.htm,20100212122904
2d-graphics-gui-aprogramforviewingimages,http://www.java2s.com:80/Code/Java/2D-Graphics-GUI/Aprogramforviewingimages.htm,20101018030853
2d-graphics-gui-aquickutilitytoprintoutgraphicdeviceinformation,http://www.java2s.com/Code/Java/2D-Graphics-GUI/Aquickutilitytoprintoutgraphicdeviceinformation.htm,20061026214845
(thin),http://www.java2s.com:80/Code/Java/2D-Graphics-GUI/Arc.htm,20081218223809
(thin),https://www.java2s.com/Code/Java/2D-Graphics-GUI/Arc.html,20260511053806
2d-graphics-gui-arc2dchord,http://java2s.com/Code/Java/2D-Graphics-GUI/Arc2DCHORD.htm,20100212183135
2d-graphics-gui-arc2dfloatarc2dopen,http://java2s.com/Code/Java/2D-Graphics-GUI/Arc2DFloatArc2DOPEN.htm,20100212183138
2d-graphics-gui-arc2dpie,http://www.java2s.com:80/Code/Java/2D-Graphics-GUI/Arc2DPIE.htm,20090523115257
2d-graphics-gui-arcdemonstrationscalemoverotatesheer,http://www.java2s.com:80/Code/Java/2D-Graphics-GUI/Arcdemonstrationscalemoverotatesheer.htm,20060510234608
(thin),http://www.java2s.com/Code/Java/2D-Graphics-GUI/Area-Calculation.htm,20060513055222
(thin),https://www.java2s.com/Code/Java/2D-Graphics-GUI/Area-Calculation.html,20260510043808
2d-graphics-gui-areaadd,http://www.java2s.com/Code/Java/2D-Graphics-GUI/AreaAdd.htm,20060513101309
2d-graphics-gui-areacalculationaddsubstractxor,http://www.java2s.com/Code/Java/2D-Graphics-GUI/AreaCalculationAddSubstractXOR.htm,20060513101305
2d-graphics-gui-areacalculationaddsubtractintersectexclusiveor,http://www.java2s.com/Code/Java/2D-Graphics-GUI/AreaCalculationAddSubtractIntersectExclusiveOr.htm,20060513101301
(thin),http://www.java2s.com:80/Code/Java/J2EE/acegi.htm,20081219043636
(thin),https://www.java2s.com/Code/Java/J2EE/acegi.html,20260509133654
(thin),http://www.java2s.com:80/Code/Java/J2EE/acegisecuritysamplescontacts106.htm,20090527071806
(thin),http://www.java2s.com:80/Code/Java/J2EE/acegisecuritysamplestutorial106.htm,20090527071832
(thin),http://www.java2s.com:80/Code/Java/J2EE/Adurablesubscriptionisactiveevenwhenthesubscriberisnotactive.htm,20071105181752
j2ee-afullstrutsapplication,http://www.java2s.com:80/Code/Java/J2EE/AFullStrutsApplication.htm,20060411090202
(thin),http://java2s.com:80/Code/Java/J2EE/AJMSmessagelistenercanusetheMessageTransformerutilitytoconvertJMSmessagesbacktoSOAPmessages.htm,20071013123951
(thin),http://www.java2s.com:80/Code/Java/J2EE/Amessagewillnotbeacknowledgeduntilprocessingofitiscomplete.htm,20071105233521
(thin),http://www.java2s.com:80/Code/Java/J2EE/Asimpleimplementationofarequestreplymessageexchange.htm,20071105210031
j2ee-blankstrutstemplate,http://www.java2s.com:80/Code/Java/J2EE/BlankStrutstemplate.htm,20060506000123
j2ee-changebeanproperty,http://java2s.com:80/Code/Java/J2EE/ChangeBeanProperty.htm,20071018111850
j2ee-commonstaticutilitymethodsthathelpinimplementingjsftags,http://www.java2s.com:80/Code/Java/J2EE/CommonstaticutilitymethodsthathelpinimplementingJSFtags.htm,20091030092501
(thin),http://www.java2s.com:80/Code/Java/J2EE/ContainsstaticmethodsrelatedtoJavaandJDOtypeconversions.htm,20090914071448
j2ee-convertsuiselectmanysubmittedvaluetoconvertedvalue,http://www.java2s.com:80/Code/Java/J2EE/ConvertsUISelectManysubmittedvaluetoconvertedvalue.htm,20091101181649
j2ee-createapluggablevalidatorforcrossformvalidation2,http://www.java2s.com/Code/Java/J2EE/Createapluggablevalidatorforcrossformvalidation2.htm,20060513073712
(thin),http://www.java2s.com:80/Code/Java/J2EE/CreatesandreadsmessagesinallsupportedJMSmessageformatsBytesMessageTextMessageMapMessageStreamMessageandObjectMessage.htm,20071105160842
(thin),http://www.java2s.com:80/Code/Java/J2EE/CreatesandthenreadsaStreamMessageandaBytesMessage.htm,20071105233526
(thin),http://www.java2s.com:80/Code/Java/J2EE/CreatesaProducerandaConsumerobjectsProducerandConsumerclassesaredefinedinthisfile.htm,20071105225335
(thin),http://www.java2s.com:80/Code/Java/J2EE/CreatetheHelloMBeanandQueueSamplerMXBeanregisterthemintheplatformMBeanserver.htm,20081225050023
j2ee-creatingcustomtags,http://www.java2s.com:80/Code/Java/J2EE/CreatingCustomTags.htm,20060506000105
j2ee-defineresultclass,http://www.java2s.com:80/Code/Java/J2EE/DefineResultClass.htm,20090523070159
j2ee-deletebyid,http://www.java2s.com:80/Code/Java/J2EE/DeleteByID.htm,20090528125938
(thin),http://www.java2s.com:80/Code/Java/J2EE/DemonstratesasimpleendtoendHelloWorldJMSexamplethatcanbecompiledandrunwiththeSunJavatmSystemMessageQueueproduct.htm,20071105210036
(thin),http://www.java2s.com:80/Code/Java/J2EE/Demonstratesthatmutableobjectsarecopiednotpassedbyreferencewhenyouusethemtocreatemessageobjects.htm,20071105210041
(thin),http://www.java2s.com:80/Code/Java/J2EE/DemonstratestheuseoftransactionsinaJMSapplication.htm,20071105232000
j2ee-essentialstrutsaction,http://www.java2s.com:80/Code/Java/J2EE/EssentialStrutsAction.htm,20060506000038
j2ee-exercise10usingstrutsandtiles,http://www.java2s.com:80/Code/Java/J2EE/Exercise10UsingStrutsandTiles.htm,20060506000227
j2ee-exercise1buildingyourfirststrutsapplication,http://www.java2s.com:80/Code/Java/J2EE/Exercise1BuildingyourfirstStrutsApplication.htm,20060307054227
j2ee-exercise2improvingyourfirststrutsapplication,http://www.java2s.com:80/Code/Java/J2EE/Exercise2ImprovingyourfirstStrutsApplication.htm,20060307054309
j2ee-exercise3usingjstlstrutseletc,http://www.java2s.com:80/Code/Java/J2EE/Exercise3UsingJSTLStrutsELetc.htm,20060505235932
j2ee-exercise4applyinggofandj2eepatternsdeploytoweblogicandtest,http://www.java2s.com/Code/Java/J2EE/Exercise4ApplyingGofandJ2EEPatternsDeploytoWebLogicandTest.htm,20060513073437
j2ee-exercise5searchlistactionchainingeditablelistform,http://www.java2s.com/Code/Java/J2EE/Exercise5SearchListActionChainingEditableListForm.htm,20060513073619
j2ee-exercise6paging,http://www.java2s.com:80/Code/Java/J2EE/Exercise6Paging.htm,20060423145517
j2ee-exercise7betterformandactionhandling,http://www.java2s.com:80/Code/Java/J2EE/Exercise7BetterFormandActionHandling.htm,20060506000358
j2ee-exercise8creatingstrutsmodules,http://www.java2s.com/Code/Java/J2EE/Exercise8CreatingStrutsModules.htm,20060513073507
j2ee-exercise9usingcommonsvalidatorwithstruts,http://www.java2s.com:80/Code/Java/J2EE/Exercise9UsingCommonsValidatorwithStruts.htm,20060506000424
(thin),http://www.java2s.com:80/Code/Java/J2EE/Fetchesoneormoremessagesfromaqueueusingasynchronousmessagedelivery.htm,20071105210046
(thin),http://www.java2s.com:80/Code/Java/J2EE/Fetchesoneormoremessagesfromaqueueusingsynchronousmessagedelivery.htm,20071105225340
j2ee-gathersallselectitemsfromspecifiedcomponentschildren,http://www.java2s.com:80/Code/Java/J2EE/Gathersallselectitemsfromspecifiedcomponentschildren.htm,20091101183110
j2ee-getlistofobjects,http://www.java2s.com:80/Code/Java/J2EE/GetListOfObjects.htm,20090328224403
j2ee-getobjectfromibatis,http://www.java2s.com:80/Code/Java/J2EE/GetObjectFromiBatis.htm,20090328224408
j2ee-hardcodeconstantinsql,http://java2s.com/Code/Java/J2EE/HardCodeConstantInSQL.htm,20100212030048
j2ee-helloworldjsf,http://java2s.com:80/Code/Java/J2EE/HelloWorldJSF.htm,20071018112447
j2ee-hibernateandstruts,http://www.java2s.com:80/Code/Java/J2EE/HibernateandStruts.htm,20060307045030
(thin),http://www.java2s.com:80/Code/Java/J2EE/howfailuretosupplyanappropriateauthenticationmechanismresultsinafailuretocreateaninitialcontext.htm,20081225061045
(thin),http://java2s.com:80/Code/Java/J2EE/HowtousetheMessageTransformerutilitytoconvertSOAPmessagetoJMSmessage.htm,20071013154336
(thin),http://java2s.com:80/Code/Java/J2EE/HowtousetheMessageTransformerutilitytosendSOAPmessageswithJMS.htm,20071013135148
(thin),http://www.java2s.com:80/Code/Java/J2EE/HowtowriteaGUIapplicationthatusesaJMSQueueBrowsertobrowsethecontentsofaqueue.htm,20071105160848
(thin),http://www.java2s.com:80/Code/Java/J2EE/iBatis.htm,20081219045746
(thin),https://www.java2s.com/Code/Java/J2EE/iBatis.html,20260512030614
j2ee-ibatisdevelopmentenvironmentsetup,http://www.java2s.com:80/Code/Java/J2EE/iBatisDevelopmentEnvironmentSetup.htm,20090328191500
(thin),http://www.java2s.com:80/Code/Java/J2EE/iBatisJPetStore50.htm,20090328193139
j2ee-incontainertestingwithstrutstestcaseandcactus,http://www.java2s.com:80/Code/Java/J2EE/IncontainertestingwithStrutsTestCaseandCactus.htm,20060307054347
j2ee-insertintodatabase,http://www.java2s.com:80/Code/Java/J2EE/InsertIntoDatabase.htm,20090425201735
j2ee-java-message-service-jms,http://java2s.com:80/Code/Java/J2EE/Java-Message-Service-JMS.htm,20071012141411
j2ee-java-message-service-jms-2,https://www.java2s.com/Code/Java/J2EE/Java-Message-Service-JMS.html,20260519194540
(thin),http://www.java2s.com:80/Code/Java/J2EE/JavaServer-Faces.htm,20060209041622
(thin),https://www.java2s.com/Code/Java/J2EE/JavaServer-Faces.html,20260511023957
j2ee-javaserverfaces,http://www.java2s.com:80/Code/Java/J2EE/JavaServerFaces.htm,20060307044641
(thin),http://www.java2s.com:80/Code/Java/J2EE/JDO.htm,20090914071145
(thin),https://www.java2s.com/Code/Java/J2EE/JDO.html,20260513105335
(thin),http://java2s.com/Code/Java/J2EE/Jetty.htm,20100114085918
(thin),https://www.java2s.com/Code/Java/J2EE/Jetty.html,20260520013654
(thin),http://java2s.com:80/Code/Java/J2EE/JMS-SOAP.htm,20071012123038
(thin),https://www.java2s.com/Code/Java/J2EE/JMS-SOAP.html,20260521103816
(thin),http://java2s.com:80/Code/Java/J2EE/JMX.htm,20071011231937
(thin),https://www.java2s.com/Code/Java/J2EE/JMX.html,20260514155927
(thin),http://www.java2s.com:80/Code/Java/J2EE/JMXclient.htm,20071029101416
(thin),http://www.java2s.com:80/Code/Java/J2EE/JMXclientthatinteractswiththeJMXagent.htm,20081225033710
(thin),http://www.java2s.com:80/Code/Java/J2EE/JMXJavaManagementExtensionsscandirectory.htm,20071029101411
(thin),http://www.java2s.com:80/Code/Java/J2EE/jsfjpawar.htm,20081226230854
(thin),http://www.java2s.com:80/Code/Java/J2EE/JsfUtility.htm,20091101181039
j2ee-launchjettyembedded,http://java2s.com/Code/Java/J2EE/LaunchJettyembedded.htm,20100212020849
j2ee-layoutmanagementwithtiles,http://www.java2s.com/Code/Java/J2EE/LayoutManagementwithTiles.htm,20060513070651
(thin),http://www.java2s.com:80/Code/Java/J2EE/ListJMXdestination.htm,20071029083609
j2ee-loadjettyserver,http://java2s.com/Code/Java/J2EE/LoadJettyServer.htm,20100212020820
j2ee-loggingbeanexample,http://www.java2s.com:80/Code/Java/J2EE/LoggingBeanExample.htm,20060307045037
(thin),http://www.java2s.com:80/Code/Java/J2EE/Message-Driven-Beans.htm,20071123183720
(thin),https://www.java2s.com/Code/Java/J2EE/Message-Driven-Beans.html,20260608234823
(thin),http://www.java2s.com:80/Code/Java/J2EE/MQClusterMonitor.htm,20071106044449
(thin),http://www.java2s.com:80/Code/Java/J2EE/MQlog.htm,20071029101421
(thin),http://www.java2s.com:80/Code/Java/J2EE/ReadsatextfilecreatesaBytesMessagefromitthenreadsthemessage.htm,20071105160854
j2ee-securingstrutsapplications,http://www.java2s.com:80/Code/Java/J2EE/SecuringStrutsApplications.htm,20060506000214
(thin),http://www.java2s.com:80/Code/Java/J2EE/Sendsseveralmessagestoaqueue.htm,20071105181757
j2ee-setcachemode,http://www.java2s.com:80/Code/Java/J2EE/SetCacheMode.htm,20090328193128
j2ee-simpleutilityclassforcssstyleformatting,http://java2s.com/Code/Java/J2EE/SimpleutilityclassforCSSstyleformatting.htm,20100212185235
(thin),http://www.java2s.com:80/Code/Java/J2EE/Spring-Aspect.htm,20060218210536
(thin),http://www.java2s.com:80/Code/Java/J2EE/Spring-IoC-Bean-Name.htm,20060218225647
(thin),http://www.java2s.com:80/Code/Java/J2EE/Spring-IoC-Config.htm,20060218211003
(thin),http://www.java2s.com:80/Code/Java/J2EE/Spring-IoC-Construct.htm,20060218225653
(thin),http://www.java2s.com:80/Code/Java/J2EE/Spring-IoC-Context.htm,20060218211105
(thin),http://www.java2s.com:80/Code/Java/J2EE/Spring-IoC-Factory-Beans.htm,20060307050636
(thin),http://www.java2s.com:80/Code/Java/J2EE/Spring-IoC-Init-Beans.htm,20060218225734
(thin),http://www.java2s.com:80/Code/Java/J2EE/Spring-IoC-Injection.htm,20060218225659
(thin),http://www.java2s.com:80/Code/Java/J2EE/Spring-IoC-Resource.htm,20060218211304
(thin),http://www.java2s.com:80/Code/Java/J2EE/Spring-IoC-Shutdown.htm,20060218211312
(thin),http://www.java2s.com:80/Code/Java/J2EE/Spring-IoC-Singleton.htm,20060218225706
j2ee-spring-live,http://www.java2s.com:80/Code/Java/J2EE/Spring-Live.htm,20051226041038
j2ee-spring-live-2,https://www.java2s.com/Code/Java/J2EE/Spring-Live.html,20260510152058
(thin),http://www.java2s.com:80/Code/Java/J2EE/Spring.htm,20060115032111
(thin),http://www.java2s.com:80/Code/Java/J2EE/SpringCountriessampleapplication.htm,20060903095349
(thin),http://www.java2s.com:80/Code/Java/J2EE/SpringImageDatabasesampleapplication.htm,20060905223149
(thin),http://www.java2s.com:80/Code/Java/J2EE/SpringJPetStoresampleapplication.htm,20061222173105
j2ee-springlivebookchapter10,http://www.java2s.com:80/Code/Java/J2EE/SpringLiveBookChapter10.htm,20060503213109
j2ee-springlivebookchapter10tapestrysection,http://www.java2s.com:80/Code/Java/J2EE/SpringLiveBookChapter10TapestrySection.htm,20060503213337
j2ee-springlivebookchapter10webworksection,http://www.java2s.com:80/Code/Java/J2EE/SpringLiveBookChapter10WebworkSection.htm,20060503213331
j2ee-springlivebookchapter11jsfsection,http://www.java2s.com:80/Code/Java/J2EE/SpringLiveBookChapter11JSFsection.htm,20060503213307
j2ee-springlivebookchapter12securitysection,http://www.java2s.com:80/Code/Java/J2EE/SpringLiveBookChapter12SecuritySection.htm,20060503213345
j2ee-springlivebookchapter13,http://www.java2s.com:80/Code/Java/J2EE/SpringLiveBookChapter13.htm,20060503213117
j2ee-springlivebookchapter2anapplicationusinghibernatespringandstruts,http://www.java2s.com:80/Code/Java/J2EE/SpringLiveBookChapter2anapplicationusingHibernateSpringandStruts.htm,20051226034445
j2ee-springlivebookchapter4developthesameapplicationasyoudoinchapter2butwithspri,http://www.java2s.com:80/Code/Java/J2EE/SpringLiveBookChapter4developthesameapplicationasyoudoinChapter2butwithSpringinsteadofStruts.htm,20060503213606
j2ee-springlivebookchapter5templatingvalidationfileuploadandemailisimplemented,http://www.java2s.com:80/Code/Java/J2EE/SpringLiveBookChapter5templatingvalidationfileuploadandemailisimplemented.htm,20060503213554
j2ee-springlivebookchapter65useireporttocreateajasperreportandthenintegratejaspe,http://www.java2s.com:80/Code/Java/J2EE/SpringLiveBookChapter65useiReporttocreateaJasperReportandthenintegrateJasperReportswithSpringMVC.htm,20060307055221
j2ee-springlivebookchapter6implementthedifferentviewtechnologiesthatspringmvcsup,http://www.java2s.com:80/Code/Java/J2EE/SpringLiveBookChapter6implementthedifferentviewtechnologiesthatSpringMVCsupportsJSPJSTLVelocityFreeMarkerXSLTExcelandPDF.htm,20060307055227
j2ee-springlivebookchapter7ibatisjpoxjdoojb,http://www.java2s.com:80/Code/Java/J2EE/SpringLiveBookChapter7iBATISJPOXJDOOJB.htm,20060503213352
j2ee-springlivebookchapter8dbunitjmockcactuswebtesteasymockjwebunitandhttpunital,http://www.java2s.com:80/Code/Java/J2EE/SpringLiveBookChapter8DbUnitjMockCactusWebTestEasyMockjWebUnitandHttpUnitalreadyincluded.htm,20060503213601
j2ee-springlivebookchapter9,http://www.java2s.com:80/Code/Java/J2EE/SpringLiveBookChapter9.htm,20060503213103
(thin),http://www.java2s.com:80/Code/Java/EJB3/Annotation.htm,20081201073604
(thin),https://www.java2s.com/Code/Java/EJB3/Annotation.html,20260513062134
(thin),http://www.java2s.com:80/Code/Java/EJB3/annotationoverrideinterceptor.htm,20090202195319
(thin),http://www.java2s.com:80/Code/Java/EJB3/AroundInvoke.htm,20081202073910
(thin),https://www.java2s.com/Code/Java/EJB3/AroundInvoke.html,20260517215206
ejb3-aroundinvokemethod,http://www.java2s.com:80/Code/Java/EJB3/AroundInvokeMethod.htm,20090204180036
(thin),http://www.java2s.com:80/Code/Java/EJB3/Asynchronous.htm,20081219061248
(thin),https://www.java2s.com/Code/Java/EJB3/Asynchronous.html,20260514225803
(thin),http://www.java2s.com:80/Code/Java/EJB3/Cluster.htm,20081219045503
(thin),https://www.java2s.com/Code/Java/EJB3/Cluster.html,20260512041600
(thin),http://www.java2s.com:80/Code/Java/EJB3/componentinterfacesOpenEJB.htm,20090205012409
ejb3-containermanagedtransaction,http://www.java2s.com:80/Code/Java/EJB3/ContainerManagedTransaction.htm,20090503054932
ejb3-containermanagedtransactionrequired,http://java2s.com/Code/Java/EJB3/ContainerManagedTransactionRequired.htm,20100212193130
ejb3-containermanagedtransactiontransactionattributetypesupports,http://www.java2s.com:80/Code/Java/EJB3/ContainerManagedTransactionTransactionAttributeTypeSUPPORTS.htm,20090504172407
(thin),http://www.java2s.com:80/Code/Java/EJB3/Context.htm,20081219041052
(thin),https://www.java2s.com/Code/Java/EJB3/Context.html,20260516205339
ejb3-contextinjection,http://www.java2s.com:80/Code/Java/EJB3/ContextInjection.htm,20090421175427
(thin),http://www.java2s.com:80/Code/Java/EJB3/custominjectionOpenEJB.htm,20090205012045
(thin),http://www.java2s.com:80/Code/Java/EJB3/DataSource.htm,20081219083551
(thin),https://www.java2s.com/Code/Java/EJB3/DataSource.html,20260510233104
ejb3-deleteentitywithejb,http://java2s.com:80/Code/Java/EJB3/DeleteEntityWithEjb.htm,20090119071857
ejb3-discriminatorvalueinentityhierarchy,http://www.java2s.com:80/Code/Java/EJB3/DiscriminatorValueinentityhierarchy.htm,20081201073609
(thin),http://www.java2s.com:80/Code/Java/EJB3/Ear-File.htm,20081219041057
(thin),https://www.java2s.com/Code/Java/EJB3/Ear-File.html,20260710135703
(thin),http://www.java2s.com:80/Code/Java/EJB3/Earfileandwarfile.htm,20081211124845
(thin),http://www.java2s.com:80/Code/Java/EJB3/EJB-Servlet.htm,20081219092419
(thin),https://www.java2s.com/Code/Java/EJB3/EJB-Servlet.html,20260516082748
ejb3-ejbbasedwebservices,http://www.java2s.com:80/Code/Java/EJB3/EJBBasedWebServices.htm,20090225211829
ejb3-ejblocalandremoteinterfaces,http://www.java2s.com:80/Code/Java/EJB3/EjbLocalAndRemoteInterfaces.htm,20081229030734
ejb3-ejbmethodwithinterceptors,http://www.java2s.com:80/Code/Java/EJB3/EJBMethodWithInterceptors.htm,20090517212340
(thin),http://www.java2s.com:80/Code/Java/EJB3/EJBsecuritytesting.htm,20090205012404
ejb3-ejbtutorialfromjbossantscriptforejbpackaging,http://www.java2s.com:80/Code/Java/EJB3/EJBTutorialfromJBossantscriptforEJBpackaging.htm,20081212204900
ejb3-ejbtutorialfromjbossasynchronouscall,http://www.java2s.com:80/Code/Java/EJB3/EJBtutorialfromJBossAsynchronouscall.htm,20090420064834
ejb3-ejbtutorialfromjbosscallbacklistener,http://www.java2s.com:80/Code/Java/EJB3/EJBTutorialfromJBossCallbackListener.htm,20090202195314
ejb3-ejbtutorialfromjbossclusteredentity,http://www.java2s.com:80/Code/Java/EJB3/EJBTutorialfromJBossClusteredEntity.htm,20090328122154
ejb3-ejbtutorialfromjbossclustering,http://www.java2s.com:80/Code/Java/EJB3/EJBTutorialfromJBossclustering.htm,20090430131629
ejb3-ejbtutorialfromjbossconsumerproducer,http://www.java2s.com:80/Code/Java/EJB3/EJBTutorialfromJBossConsumerproducer.htm,20081202025818
ejb3-ejbtutorialfromjbosscreateearfile,http://www.java2s.com:80/Code/Java/EJB3/EJBTutorialfromJBosscreateearfile.htm,20081212204905
ejb3-ejbtutorialfromjbossdemoformessagedrivenbean,http://www.java2s.com:80/Code/Java/EJB3/EJBTutorialfromJBossdemoformessagedrivenbean.htm,20081201071636
ejb3-ejbtutorialfromjbossdeploymentdescriptor,http://www.java2s.com:80/Code/Java/EJB3/EJBTutorialfromJBossDeploymentdescriptor.htm,20090203095507
ejb3-ejbtutorialfromjbossejbsecurity,http://www.java2s.com:80/Code/Java/EJB3/EJBTutorialfromJBossejbsecurity.htm,20090126210752
ejb3-ejbtutorialfromjbossentityrelationship,http://www.java2s.com:80/Code/Java/EJB3/EJBTutorialfromJBossEntityrelationship.htm,20090420041727
ejb3-ejbtutorialfromjbossentitysecurity,http://www.java2s.com:80/Code/Java/EJB3/EJBTutorialfromJBossentitysecurity.htm,20090126210758
ejb3-ejbtutorialfromjbossentitywithblobdata,http://www.java2s.com:80/Code/Java/EJB3/EJBTutorialfromJBossEntitywithBlobdata.htm,20081223093710
ejb3-ejbtutorialfromjbossinjection,http://www.java2s.com:80/Code/Java/EJB3/EJBTutorialfromJBossInjection.htm,20090201063114
ejb3-ejbtutorialfromjbossinterceptor,http://www.java2s.com:80/Code/Java/EJB3/EJBTutorialfromJBossInterceptor.htm,20090202200403
ejb3-ejbtutorialfromjbossjbossdeploymentdescriptor,http://www.java2s.com:80/Code/Java/EJB3/EJBTutorialfromJBossJBossdeploymentdescriptor.htm,20090203095512
(thin),http://java2s.com/Code/Java/EJB3/EJBTutorialfromJBossjca.htm,20100211202526
ejb3-ejbtutorialfromjbossjndibinding,http://www.java2s.com:80/Code/Java/EJB3/EJBTutorialfromJBossJNDIbinding.htm,20081201103206
ejb3-ejbtutorialfromjbossjoininheritance,http://www.java2s.com:80/Code/Java/EJB3/EJBTutorialfromJBossjoininheritance.htm,20090721062420
ejb3-ejbtutorialfromjbossmanagementbean,http://www.java2s.com:80/Code/Java/EJB3/EJBTutorialfromJBossmanagementbean.htm,20090201184126
ejb3-ejbtutorialfromjbossmergeentityback,http://www.java2s.com:80/Code/Java/EJB3/EJBTutorialfromJBossmergeentityback.htm,20090801104303
ejb3-ejbtutorialfromjbossmessagedrivenbean,http://www.java2s.com:80/Code/Java/EJB3/EJBTutorialfromJBossMessagedrivenbean.htm,20081201082206
ejb3-ejbtutorialfromjbossmessagedrivenbeandeploymentdescriptor,http://www.java2s.com:80/Code/Java/EJB3/EJBTutorialfromJBossmessagedrivenbeandeploymentdescriptor.htm,20081202015812
ejb3-ejbtutorialfromjbossprimarykeycomposition,http://www.java2s.com:80/Code/Java/EJB3/EJBTutorialfromJBossPrimaryKeyComposition.htm,20100401121636
ejb3-ejbtutorialfromjbossresourcereference,http://www.java2s.com:80/Code/Java/EJB3/EJBTutorialfromJBossresourcereference.htm,20081223110433
ejb3-ejbtutorialfromjbosssecondarytable,http://www.java2s.com:80/Code/Java/EJB3/EJBTutorialfromJBosssecondarytable.htm,20100210072032
ejb3-ejbtutorialfromjbossservicedeploymentdescriptor,http://www.java2s.com:80/Code/Java/EJB3/EJBTutorialfromJBossservicedeploymentdescriptor.htm,20090203095517
ejb3-ejbtutorialfromjbosssimpleshoppingcart,http://java2s.com:80/Code/Java/EJB3/EJBTutorialfromJBosssimpleshoppingcart.htm,20090127035620
ejb3-ejbtutorialfromjbosssingleinheritance,http://www.java2s.com:80/Code/Java/EJB3/EJBTutorialfromJBosssingleinheritance.htm,20090721060740
ejb3-ejbtutorialfromjbosssslservice,http://java2s.com:80/Code/Java/EJB3/EJBTutorialfromJBosssslservice.htm,20090123140703
ejb3-ejbtutorialfromjbossstatefulsessionbean,http://java2s.com:80/Code/Java/EJB3/EJBTutorialfromJBossstatefulsessionbean.htm,20090125020940
ejb3-ejbtutorialfromjbossstatefulsessionbeandeploymentdescriptor,http://www.java2s.com:80/Code/Java/EJB3/EJBTutorialfromJBossstatefulsessionbeandeploymentdescriptor.htm,20090129104613
ejb3-ejbtutorialfromjbossstatelesssessionbean,http://www.java2s.com:80/Code/Java/EJB3/EJBTutorialfromJBossstatelesssessionbean.htm,20090602122514
ejb3-ejbtutorialfromjbossstatelesssessionbeandeploymentdescriptor,http://www.java2s.com:80/Code/Java/EJB3/EJBTutorialfromJBossstatelesssessionbeandeploymentdescriptor.htm,20090503180143
ejb3-ejbtutorialfromjbosstimer,http://www.java2s.com:80/Code/Java/EJB3/EJBTutorialfromJBosstimer.htm,20090205011720
ejb3-ejbtutorialfromjbossturnejbtowebservice,http://www.java2s.com:80/Code/Java/EJB3/EJBTutorialfromJBossturnEJBtowebservice.htm,20090309180437
ejb3-ejbwithgenericmethod,http://www.java2s.com:80/Code/Java/EJB3/EjbWithGenericMethod.htm,20090129105626
ejb3-ejbwithwebmethod,http://www.java2s.com:80/Code/Java/EJB3/EJBWithWebMethod.htm,20090225212611
ejb3-embeddableentity,http://www.java2s.com:80/Code/Java/EJB3/EmbeddableEntity.htm,20090204180843
(thin),http://www.java2s.com:80/Code/Java/EJB3/Entity-Blob.htm,20081219061253
(thin),https://www.java2s.com/Code/Java/EJB3/Entity-Blob.html,20260521042016
(thin),http://www.java2s.com:80/Code/Java/EJB3/Entity-Embeddable.htm,20081219061258
(thin),https://www.java2s.com/Code/Java/EJB3/Entity-Embeddable.html,20260520013517
(thin),http://www.java2s.com:80/Code/Java/EJB3/Entity-Inheritance.htm,20081219045508
(thin),https://www.java2s.com/Code/Java/EJB3/Entity-Inheritance.html,20260512025051
(thin),http://www.java2s.com:80/Code/Java/EJB3/Entity-Lifecycle.htm,20081219045513
(thin),https://www.java2s.com/Code/Java/EJB3/Entity-Lifecycle.html,20260515044845
(thin),http://www.java2s.com:80/Code/Java/EJB3/Entity-Listener.htm,20081210105346
(thin),https://www.java2s.com/Code/Java/EJB3/Entity-Listener.html,20260711115745
(thin),http://www.java2s.com:80/Code/Java/EJB3/Entity-Manager.htm,20081219045518
(thin),https://www.java2s.com/Code/Java/EJB3/Entity-Manager.html,20260517205714
(thin),http://www.java2s.com:80/Code/Java/EJB3/Entity-Merge.htm,20081219083556
(thin),https://www.java2s.com/Code/Java/EJB3/Entity-Merge.html,20260516135426
(thin),http://www.java2s.com:80/Code/Java/EJB3/Entity-Persist.htm,20081219204228
(thin),https://www.java2s.com/Code/Java/EJB3/Entity-Persist.html,20260516235201
(thin),http://www.java2s.com:80/Code/Java/EJB3/Entity-Primary-Key.htm,20081219033130
(thin),https://www.java2s.com/Code/Java/EJB3/Entity-Primary-Key.html,20260514065732
(thin),http://www.java2s.com:80/Code/Java/EJB3/Entity-Relationship.htm,20081219092429
(thin),https://www.java2s.com/Code/Java/EJB3/Entity-Relationship.html,20260509162042
(thin),http://www.java2s.com:80/Code/Java/EJB3/Entity-SecondaryTable.htm,20081219045523
(thin),https://www.java2s.com/Code/Java/EJB3/Entity-SecondaryTable.html,20260521165028
(thin),http://www.java2s.com:80/Code/Java/EJB3/Entity-Update.htm,20081219083601
(thin),https://www.java2s.com/Code/Java/EJB3/Entity-Update.html,20260514110616
(thin),http://www.java2s.com:80/Code/Java/EJB3/Entity.htm,20081219041103
(thin),https://www.java2s.com/Code/Java/EJB3/Entity.html,20260520190322
ejb3-entitybeanlifecyclepostload,http://www.java2s.com:80/Code/Java/EJB3/EntitybeanlifecyclePostLoad.htm,20090504220131
ejb3-entitybeanlifecyclepostpersist,http://www.java2s.com:80/Code/Java/EJB3/EntitybeanlifecyclePostPersist.htm,20090921025138
ejb3-entitybeanlifecyclepostremove,http://www.java2s.com:80/Code/Java/EJB3/EntitybeanlifecyclePostRemove.htm,20090504220136
ejb3-entitybeanlifecyclepostupdate,http://www.java2s.com:80/Code/Java/EJB3/EntitybeanlifecyclePostUpdate.htm,20090510032254
ejb3-entitybeanlifecycleprepersist,http://www.java2s.com:80/Code/Java/EJB3/EntitybeanlifecyclePrePersist.htm,20090503040715
ejb3-entitybeanlifecyclepreremove,http://www.java2s.com:80/Code/Java/EJB3/EntitybeanlifecyclePreRemove.htm,20090522135437
ejb3-entitybeanlifecyclepreupdate,http://www.java2s.com:80/Code/Java/EJB3/EntitybeanlifecyclePreUpdate.htm,20090524035157
(thin),http://www.java2s.com:80/Code/Java/JSTL/Application.htm,20060218210121
(thin),http://www.java2s.com:80/Code/Java/JSTL/Browser.htm,20060218205419
(thin),https://www.java2s.com/Code/Java/JSTL/Browser.html,20260509172026
(thin),http://www.java2s.com:80/Code/Java/JSTL/Calculation.htm,20060218210135
(thin),https://www.java2s.com/Code/Java/JSTL/Calculation.html,20260515101438
jstl-catchanexception,http://www.java2s.com/Code/Java/JSTL/CatchanException.htm,20061026215134
jstl-catchanexceptioninjstl,http://www.java2s.com/Code/Java/JSTL/CatchanExceptioninJSTL.htm,20061026215124
(thin),http://www.java2s.com:80/Code/Java/JSTL/Collections.htm,20060218210146
(thin),https://www.java2s.com/Code/Java/JSTL/Collections.html,20260511115346
(thin),http://www.java2s.com:80/Code/Java/JSTL/Condition.htm,20060218224121
(thin),https://www.java2s.com/Code/Java/JSTL/Condition.html,20260520033401
jstl-countto10exampletrackingevenandodd,http://www.java2s.com:80/Code/Java/JSTL/Countto10Exampletrackingevenandodd.htm,20060503161835
jstl-countto10exampleusingjstl,http://www.java2s.com:80/Code/Java/JSTL/Countto10ExampleusingJSTL.htm,20060423085709
(thin),http://www.java2s.com:80/Code/Java/JSTL/Database.htm,20060218205552
(thin),https://www.java2s.com/Code/Java/JSTL/Database.html,20260511032310
(thin),http://www.java2s.com/Code/Java/JSTL/Date.htm,20060513063303
(thin),https://www.java2s.com/Code/Java/JSTL/Date.html,20260517220116
jstl-dateformatinginjstl,http://www.java2s.com:80/Code/Java/JSTL/DateFormatinginJSTL.htm,20060717053431
(thin),http://www.java2s.com:80/Code/Java/JSTL/Exceptions.htm,20060218205910
(thin),https://www.java2s.com/Code/Java/JSTL/Exceptions.html,20260516075037
-,http://www.java2s.com:80/Code/Java/JSTL/Form-Parameter.htm,20060218210717
(thin),https://www.java2s.com/Code/Java/JSTL/Form-Parameter.html,20260514013511
(thin),http://www.java2s.com:80/Code/Java/JSTL/Form-Select.htm,20060218210154
(thin),https://www.java2s.com/Code/Java/JSTL/Form-Select.html,20260521110330
(thin),http://www.java2s.com:80/Code/Java/JSTL/Form-TextField.htm,20060218210725
(thin),https://www.java2s.com/Code/Java/JSTL/Form-TextField.html,20260518003310
jstl-formatlocaledateinjsp,http://www.java2s.com:80/Code/Java/JSTL/FormatLocaledateinJSP.htm,20060717054052
(thin),http://www.java2s.com:80/Code/Java/JSTL/HTML-Output.htm,20060218224533
(thin),http://www.java2s.com/Code/Java/JSTL/HTML.htm,20060513061211
(thin),https://www.java2s.com/Code/Java/JSTL/HTML.html,20260514192140
(thin),http://www.java2s.com:80/Code/Java/JSTL/If.htm,20060218204912
(thin),https://www.java2s.com/Code/Java/JSTL/If.html,20260510095606
jstl-ifwithbody,http://www.java2s.com:80/Code/Java/JSTL/IfwithBody.htm,20060423084332
(thin),http://www.java2s.com:80/Code/Java/JSTL/Import.htm,20060218205332
(thin),https://www.java2s.com/Code/Java/JSTL/Import.html,20260512032659
jstl-jstlanotherforeachandstatus,http://www.java2s.com:80/Code/Java/JSTL/JSTLanotherforeachandstatus.htm,20060503162037
jstl-jstlcatchexception,http://www.java2s.com/Code/Java/JSTL/JSTLcatchException.htm,20061026215147
jstl-jstlcatchwithif,http://www.java2s.com/Code/Java/JSTL/JSTLCatchwithif.htm,20061026215140
jstl-jstlconditionalsupportsimpleconditionalexecutionexample,http://www.java2s.com:80/Code/Java/JSTL/JSTLConditionalSupportSimpleConditionalExecutionExample.htm,20060503162223
jstl-jstlconstructingurls,http://www.java2s.com:80/Code/Java/JSTL/JSTLConstructingURLs.htm,20070706225639
jstl-jstlcookiebasedchatroom,http://www.java2s.com:80/Code/Java/JSTL/JSTLCookiebasedChatRoom.htm,20060715205909
jstl-jstlcoretagif,http://www.java2s.com:80/Code/Java/JSTL/JSTLcoretagif.htm,20060423084206
jstl-jstlexceptionuncaughtexception,http://www.java2s.com/Code/Java/JSTL/JSTLExceptionUnCaughtException.htm,20061026215152
jstl-jstlflashinajsp,http://www.java2s.com:80/Code/Java/JSTL/JSTLFlashinaJSP.htm,20070430043506
jstl-jstlforeach,http://www.java2s.com:80/Code/Java/JSTL/JSTLforeach.htm,20060503161859
jstl-jstlforeachandscopedvariable,http://www.java2s.com:80/Code/Java/JSTL/JSTLforeachandscopedvariable.htm,20060503161945
-,http://www.java2s.com:80/Code/Java/JSTL/JSTLforeachandstatus.htm,20060503161853
jstl-jstlforeachloop,http://www.java2s.com:80/Code/Java/JSTL/JSTLforeachloop.htm,20060503161958
jstl-jstlformactionandpassingparameter,http://www.java2s.com/Code/Java/JSTL/JSTLFormActionAndPassingParameter.htm,20060513090332
jstl-jstlformactiongettextfieldvalue,http://www.java2s.com/Code/Java/JSTL/JSTLFormActionGetTextFieldValue.htm,20061027011440
jstl-jstlformatdate,http://www.java2s.com:80/Code/Java/JSTL/JSTLFormatDate.htm,20060702055654
jstl-jstlformatnumber,http://www.java2s.com:80/Code/Java/JSTL/JSTLformatnumber.htm,20060411085442
jstl-jstlformatpercent,http://www.java2s.com:80/Code/Java/JSTL/JSTLFormatPercent.htm,20060505114346
jstl-jstlformselect,http://www.java2s.com:80/Code/Java/JSTL/JSTLFormSelect.htm,20060926091545
jstl-jstlformusingtextfield,http://www.java2s.com/Code/Java/JSTL/JSTLFormUsingTextField.htm,20061027011444
jstl-jstlformvalueandforeachloop,http://www.java2s.com:80/Code/Java/JSTL/JSTLFormValueandForEachLoop.htm,20060503161918
jstl-jstlfortokens,http://www.java2s.com:80/Code/Java/JSTL/JSTLfortokens.htm,20060423084559
jstl-jstlgenerateurladdparameterstourlanddisplaytheparameters,http://www.java2s.com:80/Code/Java/JSTL/JSTLgenerateURLaddparameterstourlanddisplaytheparameters.htm,20070706234123
jstl-jstlhttpheader,http://www.java2s.com/Code/Java/JSTL/JSTLHTTPheader.htm,20061018194026
jstl-jstlifelse,http://www.java2s.com:80/Code/Java/JSTL/JSTLIfElse.htm,20060423084528
jstl-jstlifnobody,http://www.java2s.com:80/Code/Java/JSTL/JSTLIfNoBody.htm,20060502044642
jstl-jstliftag,http://www.java2s.com:80/Code/Java/JSTL/JSTLiftag.htm,20060423084519
jstl-jstlimportapage,http://www.java2s.com/Code/Java/JSTL/JSTLImportaPage.htm,20060513085155
jstl-jstliterationovertokens,http://www.java2s.com/Code/Java/JSTL/JSTLIterationovertokens.htm,20060513070942
(thin),http://www.java2s.com/Code/Java/JSTL/JSTLLogin.htm,20060513085750
jstl-jstlmodifyacollection,http://www.java2s.com/Code/Java/JSTL/JSTLModifyacollection.htm,20060513070933
jstl-jstlparsedate,http://www.java2s.com:80/Code/Java/JSTL/JSTLParseDate.htm,20060717051120
jstl-jstlparsenumber,http://www.java2s.com:80/Code/Java/JSTL/JSTLParseNumber.htm,20060411085111
jstl-jstlparsexmldocument,http://www.java2s.com:80/Code/Java/JSTL/JSTLparseXMLdocument.htm,20060307045706
jstl-jstlprintpagecontext,http://www.java2s.com:80/Code/Java/JSTL/JSTLPrintPageContext.htm,20060527155922
jstl-jstlremoveparameters,http://www.java2s.com/Code/Java/JSTL/JSTLRemoveParameters.htm,20061018125325
jstl-jstlremovetheattributes,http://www.java2s.com/Code/Java/JSTL/JSTLRemovetheattributes.htm,20061027000052
jstl-jstlrequesturlandpassingparameters,http://www.java2s.com/Code/Java/JSTL/JSTLRequestURLAndPassingParameters.htm,20061018125403
jstl-jstlrtgetbrowserinfo,http://www.java2s.com:80/Code/Java/JSTL/JSTLRTGetBrowserInfo.htm,20060307045659
jstl-jstlrtif,http://www.java2s.com:80/Code/Java/JSTL/JSTLRTIf.htm,20060423084306
jstl-jstlsetattributes,http://www.java2s.com/Code/Java/JSTL/JSTLsetattributes.htm,20061027000045
jstl-jstlsetpageparameters,http://www.java2s.com/Code/Java/JSTL/JSTLSetpageparameters.htm,20061018125339
jstl-jstlsetparameters,http://www.java2s.com/Code/Java/JSTL/JSTLSetParameters.htm,20061018125357
jstl-jstlsetvariablesscope,http://www.java2s.com/Code/Java/JSTL/JSTLSetVariablesScope.htm,20060513071552
jstl-jstlsimplecalculation,http://www.java2s.com/Code/Java/JSTL/JSTLSimpleCalculation.htm,20061018192723
jstl-jstlsqlquery,http://www.java2s.com:80/Code/Java/JSTL/JSTLSQLQuery.htm,20060307044326
jstl-jstlsqlupdate,http://www.java2s.com/Code/Java/JSTL/JSTLSQLUpdate.htm,20060513084526
jstl-jstlsubmitformtextfieldaction,http://www.java2s.com/Code/Java/JSTL/JSTLSubmitFormTextFieldAction.htm,20061027011451
jstl-jstltagcollaborationwithafixedloop,http://www.java2s.com:80/Code/Java/JSTL/JSTLTagcollaborationwithafixedloop.htm,20060503161810
jstl-jstlthrowanexception,http://www.java2s.com/Code/Java/JSTL/JSTLThrowanException.htm,20061026215129
ant-acustomlistener,http://www.java2s.com/Code/Java/Ant/Acustomlistener.htm,20061027010207
ant-acustomlogger,http://www.java2s.com/Code/Java/Ant/Acustomlogger.htm,20061026214806
ant-addattributetojarfilemanifest,http://java2s.com/Code/Java/Ant/Addattributetojarfilemanifest.htm,20100213130420
ant-antbuildinproperties,http://www.java2s.com/Code/Java/Ant/Antbuildinproperties.htm,20061026220107
ant-antbuildscript,http://www.java2s.com:80/Code/Java/Ant/Antbuildscript.htm,20100814115007
ant-antcallanotherantscript,http://java2s.com/Code/Java/Ant/Antcallanotherantscript.htm,20100212032454
ant-antcompilefromsrcfoldertobuildfoldersettheclasspathandjavafilesinclude,http://www.java2s.com:80/Code/Java/Ant/Antcompilefromsrcfoldertobuildfoldersettheclasspathandjavafilesinclude.htm,20100810021948
ant-antcopyfile,http://www.java2s.com:80/Code/Java/Ant/Antcopyfile.htm,20100203135506
ant-antcopyfolder,http://www.java2s.com:80/Code/Java/Ant/Antcopyfolder.htm,20100203134030
ant-antjarfilesettingthemainclass,http://java2s.com/Code/Java/Ant/AntjarfilesettingtheMainClass.htm,20100213130334
ant-antjavacincludes,http://www.java2s.com:80/Code/Java/Ant/Antjavacincludes.htm,20100709054147
(thin),http://java2s.com/Code/Java/Ant/AntJavacsetting.htm,20100201143436
ant-antjavadocsetting,http://java2s.com/Code/Java/Ant/AntJavadocsetting.htm,20100210140153
ant-antpath,http://www.java2s.com:80/Code/Java/Ant/Antpath.htm,20070831235332
ant-antpropertysetup,http://www.java2s.com/Code/Java/Ant/Antpropertysetup.htm,20061016080634
ant-antremoveallgeneratedfiles,http://www.java2s.com:80/Code/Java/Ant/AntRemoveallgeneratedfiles.htm,20070523093810
ant-antrunnoforkandfailonerror,http://www.java2s.com/Code/Java/Ant/Antrunnoforkandfailonerror.htm,20061027010829
ant-antscriptcallsanotherantscript,http://java2s.com/Code/Java/Ant/Antscriptcallsanotherantscript.htm,20100212032502
ant-antscriptforxmlgraphicscommons,http://www.java2s.com:80/Code/Java/Ant/Antscriptforxmlgraphicscommons.htm,20100814093442
ant-anttargetclean,http://www.java2s.com:80/Code/Java/Ant/Anttargetclean.htm,20070523084611
ant-anttargetcompile,http://www.java2s.com:80/Code/Java/Ant/Anttargetcompile.htm,20070523100850
ant-anttargetdependsonothertargets,http://www.java2s.com:80/Code/Java/Ant/Anttargetdependsonothertargets.htm,20091106091539
ant-anttaskcopyfile,http://java2s.com/Code/Java/Ant/Anttaskcopyfile.htm,20100212031342
ant-anttaskdeletetree,http://www.java2s.com:80/Code/Java/Ant/Anttaskdeletetree.htm,20100203133452
ant-anttaskjar,http://www.java2s.com/Code/Java/Ant/Anttaskjar.htm,20061018180504
ant-anttaskmakedir,http://java2s.com:80/Code/Java/Ant/Anttaskmakedir.htm,20071012154145
ant-anttstamp,http://java2s.com/Code/Java/Ant/Anttstamp.htm,20100211103054
(thin),http://www.java2s.com/Code/Java/Ant/AntWithLog.htm,20061026214758
ant-antwriteourowntask,http://www.java2s.com:80/Code/Java/Ant/AntWriteOurOwnTask.htm,20071130200714
ant-apachelenyabuildsystem,http://www.java2s.com:80/Code/Java/Ant/ApacheLenyaBuildSystem.htm,20101207185055
ant-apachelog4jsitebuildxml,http://www.java2s.com:80/Code/Java/Ant/apachelog4jsitebuildxml.htm,20100814054245
ant-apachepivotantbuildscript,http://www.java2s.com:80/Code/Java/Ant/Apachepivotantbuildscript.htm,20100814195814
ant-apacherollersrc401,http://www.java2s.com:80/Code/Java/Ant/apacherollersrc401.htm,20100814052009
ant-apachesolrantscript,http://www.java2s.com:80/Code/Java/Ant/apachesolrantscript.htm,20100904015008
ant-applyexecutable,http://www.java2s.com:80/Code/Java/Ant/Applyexecutable.htm,20091018053950
ant-assemblethedocumentation,http://www.java2s.com/Code/Java/Ant/Assemblethedocumentation.htm,20061026234651
ant-big-project-ant-script,http://www.java2s.com:80/Code/Java/Ant/Big-Project-Ant-Script.htm,20100814081403
ant-big-project-ant-script-2,https://www.java2s.com/Code/Java/Ant/Big-Project-Ant-Script.html,20260508140728
(thin),http://www.java2s.com:80/Code/Java/Ant/Build.htm,20060822140900
(thin),https://www.java2s.com/Code/Java/Ant/Build.html,20260513132526
ant-buildfiletofetchmaven2tasksextractedfromantsfetchxml,http://www.java2s.com:80/Code/Java/Ant/Buildfiletofetchmaven2tasksextractedfromAntsfetchxml.htm,20100723171616
ant-buildfiletofetchoptionallibrariesforapacheant,http://www.java2s.com:80/Code/Java/Ant/BuildfiletofetchoptionallibrariesforApacheAnt.htm,20100813144045
ant-buildpathunix,http://java2s.com:80/Code/Java/Ant/Buildpathunix.htm,20071012045432
(thin),http://java2s.com/Code/Java/Ant/buildpropertiesandbuildxml.htm,20100211193107
ant-buildscriptforapachecassandra051src,http://www.java2s.com:80/Code/Java/Ant/Buildscriptforapachecassandra051src.htm,20100813173931
ant-buildscriptfromapachedbutils,http://www.java2s.com:80/Code/Java/Ant/Buildscriptfromapachedbutils.htm,20100814060519
ant-buildthejstlfromsource,http://www.java2s.com:80/Code/Java/Ant/BuildtheJSTLfromsource.htm,20070310200806
ant-calljunituitestwithforktrue,http://java2s.com/Code/Java/Ant/Calljunituitestwithforktrue.htm,20100131220649
ant-checkingthatthedocumentationisuptodate,http://www.java2s.com/Code/Java/Ant/Checkingthatthedocumentationisuptodate.htm,20061026234627
ant-checkoutfromcvs,http://www.java2s.com/Code/Java/Ant/CheckoutfromCVS.htm,20061026221428
ant-checkoutsourcecodefromcvs,http://www.java2s.com/Code/Java/Ant/Checkoutsourcecodefromcvs.htm,20061026221446
ant-checkproperties,http://www.java2s.com/Code/Java/Ant/CheckProperties.htm,20061016080750
ant-checkthecodingconventions,http://www.java2s.com:80/Code/Java/Ant/Checkthecodingconventions.htm,20071029101220
(thin),http://www.java2s.com/Code/Java/Ant/Code-Convention.htm,20061016053835
(thin),https://www.java2s.com/Code/Java/Ant/Code-Convention.html,20260519001226
(thin),http://www.java2s.com/Code/Java/Ant/Compile.htm,20061016062823
(thin),https://www.java2s.com/Code/Java/Ant/Compile.html,20260513002942
ant-compilethestandaloneapplication,http://www.java2s.com:80/Code/Java/Ant/Compilethestandaloneapplication.htm,20070523085343
ant-compilethewebapplication,http://www.java2s.com:80/Code/Java/Ant/Compilethewebapplication.htm,20070523085140
(thin),http://www.java2s.com/Code/Java/Ant/Condition.htm,20061016051208
(thin),https://www.java2s.com/Code/Java/Ant/Condition.html,20260511153158
ant-conditionforfilechange,http://www.java2s.com/Code/Java/Ant/Conditionforfilechange.htm,20061027015614
(thin),http://java2s.com/Code/Java/Ant/Convertpathformatfromoneostoanother.htm,20100214101325
ant-copytodirfilesetincludeexclude,http://www.java2s.com:80/Code/Java/Ant/copytodirfilesetincludeexclude.htm,20100202001924
ant-createfolder,http://www.java2s.com:80/Code/Java/Ant/Createfolder.htm,20100202001919
ant-createstheoutputdirectories,http://www.java2s.com/Code/Java/Ant/Createstheoutputdirectories.htm,20061016080740
(thin),http://java2s.com/Code/Java/Ant/Createtarfile.htm,20100209201523
ant-createtimestamp,http://java2s.com/Code/Java/Ant/CreateTimestamp.htm,20100211103101
gwt-absolutetable,http://www.java2s.com:80/Code/Java/GWT/AbsoluteTable.htm,20081204100429
(thin),http://www.java2s.com:80/Code/Java/GWT/Accordion-Panel.htm,20100707115438
(thin),https://www.java2s.com/Code/Java/GWT/Accordion-Panel.html,20260513005218
gwt-accordionlayoutexampleextgwt,http://www.java2s.com:80/Code/Java/GWT/AccordionLayoutExampleExtGWT.htm,20100618041203
gwt-accordionpanelbysectionstacksmartgwt,http://www.java2s.com:80/Code/Java/GWT/AccordionPanelbySectionStackSmartGWT.htm,20100705152734
gwt-acomboboxwithstyledentriessmartgwt,http://www.java2s.com:80/Code/Java/GWT/AcomboboxwithstyledentriesSmartGWT.htm,20100421083506
gwt-acustomformcontrolimplementedasapickersmartgwt,http://www.java2s.com:80/Code/Java/GWT/AcustomformcontrolimplementedasapickerSmartGWT.htm,20100704051023
gwt-adaptivefiltersamplesmartgwt,http://www.java2s.com:80/Code/Java/GWT/AdaptiveFilterSampleSmartGWT.htm,20100417105728
gwt-addatabremoveatabsmartgwt,http://www.java2s.com:80/Code/Java/GWT/AddatabremoveatabSmartGWT.htm,20100422205935
gwt-addbuttonstocanvassmartgwt,http://www.java2s.com:80/Code/Java/GWT/AddbuttonstoCanvasSmartGWT.htm,20100503043427
gwt-addbuttonstohorizontallayouthlayoutsmartgwt,http://www.java2s.com:80/Code/Java/GWT/AddbuttonstoHorizontalLayoutHLayoutSmartGWT.htm,20100419013505
gwt-addbuttonstotoolstriptoolbarsmartgwt,http://www.java2s.com:80/Code/Java/GWT/AddbuttonstoToolStripToolBarSmartGWT.htm,20100914170651
gwt-addbuttontotablecolumnextgwt,http://www.java2s.com:80/Code/Java/GWT/AddbuttontotablecolumnExtGWT.htm,20100415063410
gwt-addchangelistenertoradiobuttonssmartgwt,http://java2s.com/Code/Java/GWT/AddchangelistenertoRadiobuttonsSmartGWT.htm,20111124233228
gwt-addcheckboxtotablecelltodotheeditingextgwt,http://www.java2s.com:80/Code/Java/GWT/AddCheckBoxtotablecelltodotheeditingExtGWT.htm,20100423110928
gwt-addclickhandlerformenuitemsmartgwt,http://www.java2s.com:80/Code/Java/GWT/AddclickhandlerforMenuitemSmartGWT.htm,20100427005918
gwt-addclickhandlertobuttonsmartgwt,http://www.java2s.com:80/Code/Java/GWT/AddclickhandlertobuttonSmartGWT.htm,20100419013257
gwt-addcontrolstotabpagesmartgwt,http://www.java2s.com:80/Code/Java/GWT/AddcontrolstoTabpageSmartGWT.htm,20100807023003
gwt-addfieldstoaformwithsetfieldssmartgwt,http://www.java2s.com:80/Code/Java/GWT/AddfieldstoaformwithsetFieldsSmartGWT.htm,20100710214515
gwt-addfootertoawindowsmartgwt,http://www.java2s.com:80/Code/Java/GWT/AddFootertoawindowSmartGWT.htm,20100523193501
gwt-addimagetocanvassmartgwt,http://www.java2s.com:80/Code/Java/GWT/AddImagetoCanvasSmartGWT.htm,20100411202823
gwt-addingaccordionpaneltoawindowextgwt,http://www.java2s.com:80/Code/Java/GWT/AddingaccordionpaneltoawindowExtGWT.htm,20100523193809
gwt-addingautoloadajaxcontenttotabpanelextgwt,http://www.java2s.com:80/Code/Java/GWT/AddingAutoloadajaxcontenttotabpanelExtGWT.htm,20100422211000
gwt-addingborderlinetoaformsmartgwt,http://www.java2s.com:80/Code/Java/GWT/AddingborderlinetoaformSmartGWT.htm,20100511205923
gwt-addingcallbacklistenertomessageboxextgwt,http://www.java2s.com:80/Code/Java/GWT/AddingcallbacklistenertoMessageBoxExtGWT.htm,20100523193814
gwt-addingcheckmenuitemtotoolbarextgwt,http://www.java2s.com:80/Code/Java/GWT/AddingCheckMenuItemtoToolBarExtGWT.htm,20100427005712
gwt-addingcomboboxtotoolbarextgwt,http://www.java2s.com:80/Code/Java/GWT/AddingComboBoxtoToolBarExtGWT.htm,20100623042714
gwt-addingcontextmenutotreeextgwt,http://www.java2s.com:80/Code/Java/GWT/AddingContextMenutoTreeExtGWT.htm,20100821202549
gwt-addingcontrolstowindowheadersmartgwt,http://www.java2s.com:80/Code/Java/GWT/AddingcontrolstowindowheaderSmartGWT.htm,20100721155952
gwt-addinghtmlcontenttoatabpanelextgwt,http://www.java2s.com:80/Code/Java/GWT/AddingHTMLcontenttoatabpanelExtGWT.htm,20100422211003
gwt-addingicontotabbarextgwt,http://www.java2s.com:80/Code/Java/GWT/AddingicontotabbarExtGWT.htm,20100422211009
gwt-addingimagetodropdownsmartgwt,http://www.java2s.com:80/Code/Java/GWT/AddingimagetodropdownSmartGWT.htm,20100421083511
gwt-addingimagetotablecellsmartgwt,http://www.java2s.com:80/Code/Java/GWT/AddingimagetotablecellSmartGWT.htm,20100623085424
gwt-addingkeylistenertotextareaextgwt,http://www.java2s.com:80/Code/Java/GWT/AddingkeylistenertoTextAreaExtGWT.htm,20100615082857
gwt-addingmenubartocontentpanelextgwt,http://www.java2s.com:80/Code/Java/GWT/AddingmenubartoContentPanelExtGWT.htm,20100630150946
gwt-addingnewtabdynamicallyextgwt,http://www.java2s.com:80/Code/Java/GWT/AddingnewtabdynamicallyExtGWT.htm,20100422211013
gwt-addingrownumbertotreegridextgwt,http://www.java2s.com:80/Code/Java/GWT/AddingrownumbertoTreeGridExtGWT.htm,20100617210033
gwt-addingselectionlistenertolistgridsmartgwt,http://www.java2s.com:80/Code/Java/GWT/AddingSelectionlistenertoListGridSmartGWT.htm,20100529232609
gwt-addingshadowtoalabelsmartgwt,http://www.java2s.com:80/Code/Java/GWT/AddingshadowtoaLabelSmartGWT.htm,20100628173220
gwt-addingstatustotoolbarextgwt,http://www.java2s.com:80/Code/Java/GWT/AddingStatustoToolBarExtGWT.htm,20100811082006
gwt-addingtexttotabpanelextgwt,http://www.java2s.com:80/Code/Java/GWT/AddingtexttotabpanelExtGWT.htm,20100422211019
gwt-addingtoolbartocontentpanelextgwt,http://www.java2s.com:80/Code/Java/GWT/AddingToolBartoContentPanelExtGWT.htm,20100705113242
gwt-addingtooltipbasedhelpinformationnexttoafieldsmartgwt,http://www.java2s.com:80/Code/Java/GWT/AddingtooltipbasedhelpinformationnexttoafieldSmartGWT.htm,20100925015934
gwt-addingtooltipforbuttonsmartgwt,http://www.java2s.com:80/Code/Java/GWT/AddingtooltipforButtonSmartGWT.htm,20101207174139
gwt-addingtooltipforimgsmartgwt,http://www.java2s.com:80/Code/Java/GWT/AddingtooltipforImgSmartGWT.htm,20100914140110
gwt-addingtooltipsforbuttonextgwt,http://www.java2s.com:80/Code/Java/GWT/AddingtooltipsforButtonExtGWT.htm,20101207174144
gwt-additemtolistbox,http://www.java2s.com:80/Code/Java/GWT/AdditemtoListBox.htm,20081208042345
gwt-addlabeltoawindowsmartgwt,http://www.java2s.com:80/Code/Java/GWT/AddlabeltoawindowSmartGWT.htm,20100523193819
gwt-addpagingsupportforalocalcollectionofmodelsextgwt,http://www.java2s.com:80/Code/Java/GWT/AddpagingsupportforalocalcollectionofmodelsExtGWT.htm,20100529234214
gwt-addrowexpanderextgwt,http://www.java2s.com:80/Code/Java/GWT/AddrowexpanderExtGWT.htm,20100417045057
gwt-addshadowbordertolabelsmartgwt,http://www.java2s.com:80/Code/Java/GWT/AddshadowbordertolabelSmartGWT.htm,20100615030620
gwt-addtoclearlistgridsmartgwt,http://www.java2s.com:80/Code/Java/GWT/AddtoclearListGridSmartGWT.htm,20100529233049
gwt-addtoolbartothebottomofaformpanelextgwt,http://www.java2s.com:80/Code/Java/GWT/AddToolBartothebottomofaFormPanelExtGWT.htm,20100712064106
gwt-addtwocontrolstorootpanel,http://www.java2s.com:80/Code/Java/GWT/AddtwocontrolstoRootPanel.htm,20091010112400
gwt-aggregationrowextgwt,http://www.java2s.com:80/Code/Java/GWT/AggregationrowExtGWT.htm,20100415063415
gwt-alertmessageboxextgwt,http://www.java2s.com:80/Code/Java/GWT/AlertMessageBoxExtGWT.htm,20100730020522
(thin),http://www.java2s.com:80/Code/Java/GWT/Animation.htm,20081219045624
gwt-animationduringdraganddropsmartgwt,http://www.java2s.com:80/Code/Java/GWT/AnimationduringdraganddropSmartGWT.htm,20100921012303
(thin),http://java2s.com:80/Code/Java/PDF-RTF/Add-Page.htm,20071012141649
(thin),https://www.java2s.com/Code/Java/PDF-RTF/Add-Page.html,20260514201519
pdf-rtf-addextrapagetoexistingpdf,http://www.java2s.com:80/Code/Java/PDF-RTF/AddExtraPageToExistingPDF.htm,20071104040911
pdf-rtf-addinganewlinetopdfdocument,http://java2s.com:80/Code/Java/PDF-RTF/AddingaNewLinetoPDFdocument.htm,20090216142901
pdf-rtf-addingawtimagetopdf,http://www.java2s.com:80/Code/Java/PDF-RTF/AddingAWTImagetoPDF.htm,20070410191429
pdf-rtf-addingawtimagetopdfwithcolor,http://www.java2s.com:80/Code/Java/PDF-RTF/AddingAWTImagetoPDFwithColor.htm,20070503171724
pdf-rtf-addingbmpimagestopdfdocument,http://www.java2s.com:80/Code/Java/PDF-RTF/AddingBMPimagestoPdfdocument.htm,20080102042331
pdf-rtf-addingbookmarksforpdfdocument,http://www.java2s.com:80/Code/Java/PDF-RTF/AddingBookmarksforPDFdocument.htm,20070505041602
pdf-rtf-addingbookmarkswithoutlineforpdfdocument,http://www.java2s.com:80/Code/Java/PDF-RTF/AddingBookmarkswithoutlineforPDFdocument.htm,20071202121005
pdf-rtf-addingchunkandphrasetoparagraph,http://java2s.com/Code/Java/PDF-RTF/AddingChunkandPhrasetoParagraph.htm,20100212120825
pdf-rtf-addingchunktoaphrase,http://java2s.com/Code/Java/PDF-RTF/AddingChunktoaPhrase.htm,20100213224453
pdf-rtf-addingchunktoparagraph,http://java2s.com/Code/Java/PDF-RTF/AddingChunktoParagraph.htm,20100212120840
pdf-rtf-addinggifimagetopdfdocument,http://www.java2s.com:80/Code/Java/PDF-RTF/AddingGifimagetoPdfdocument.htm,20071106044640
pdf-rtf-addinghyperlinkanchortoapdfdocument,http://www.java2s.com:80/Code/Java/PDF-RTF/AddingHyperlinkanchortoaPDFDocument.htm,20070328231143
pdf-rtf-addingimagetoatablecell,http://www.java2s.com:80/Code/Java/PDF-RTF/AddingImagetoaTableCell.htm,20090414062717
pdf-rtf-addingjpgimagetopdfdocument,http://www.java2s.com:80/Code/Java/PDF-RTF/AddingJPGimagetoPdfdocument.htm,20080102042336
pdf-rtf-addinglisttoparagraph,http://www.java2s.com:80/Code/Java/PDF-RTF/AddingListtoParagraph.htm,20071104040916
pdf-rtf-addinglisttopdfdocument,http://www.java2s.com:80/Code/Java/PDF-RTF/AddinglisttoPdfdocument.htm,20080121105238
pdf-rtf-addingmorethanonechunktopdfdocument,http://www.java2s.com:80/Code/Java/PDF-RTF/AddingMorethanOneChunktoPDFdocument.htm,20071230035222
pdf-rtf-addingnewpagechunknextpage,http://www.java2s.com:80/Code/Java/PDF-RTF/AddingNewPageChunkNEXTPAGE.htm,20080808093802
pdf-rtf-addingpagefooter,http://www.java2s.com:80/Code/Java/PDF-RTF/AddingPageFooter.htm,20091011114137
pdf-rtf-addingpageheader,http://www.java2s.com:80/Code/Java/PDF-RTF/AddingPageHeader.htm,20091010110609
pdf-rtf-addingparagraphtoapage,http://java2s.com/Code/Java/PDF-RTF/AddingParagraphtoaPage.htm,20100212120752
pdf-rtf-addingpngimagetodocument,http://java2s.com/Code/Java/PDF-RTF/AddingPNGimagetodocument.htm,20100212132401
pdf-rtf-addingpngimagetopdfdocument,http://www.java2s.com:80/Code/Java/PDF-RTF/AddingPNGimagetoPdfdocument.htm,20090227122709
pdf-rtf-addingpngtotablecell,http://www.java2s.com:80/Code/Java/PDF-RTF/AddingPNGtotablecell.htm,20090422124811
pdf-rtf-addingrectangletoacolumn,http://www.java2s.com/Code/Java/PDF-RTF/AddingRectangletoaColumn.htm,20080829120746
pdf-rtf-addingspecialsymboltopdfdocument,http://java2s.com:80/Code/Java/PDF-RTF/AddingSpecialSymboltoPdfdocument.htm,20071020034557
pdf-rtf-addingtifimagetopdfdocument,http://java2s.com:80/Code/Java/PDF-RTF/AddingTifimagetoPdfDocument.htm,20071018071930
pdf-rtf-addingvariouspagelabels,http://www.java2s.com:80/Code/Java/PDF-RTF/AddingvariousPagelabels.htm,20080102040815
pdf-rtf-addingwmfimagefiletopdfdocument,http://www.java2s.com:80/Code/Java/PDF-RTF/AddingWMFimagefiletoPdfdocument.htm,20071104162545
pdf-rtf-addpagenumberstoexistingpdfdocument,http://www.java2s.com:80/Code/Java/PDF-RTF/AddPageNumberstoExistingPDFdocument.htm,20070831234951
pdf-rtf-addwatermarkimagetoanexistingpdffile,http://www.java2s.com:80/Code/Java/PDF-RTF/AddWatermarkImagetoanExistingPDFFile.htm,20071106044635
pdf-rtf-affinetransformationinpdf,http://www.java2s.com:80/Code/Java/PDF-RTF/AffineTransformationinPDF.htm,20080131104444
(thin),http://java2s.com:80/Code/Java/PDF-RTF/Anchor-Hyperlink.htm,20071012192718
(thin),https://www.java2s.com/Code/Java/PDF-RTF/Anchor-Hyperlink.html,20260515140823
(thin),http://www.java2s.com:80/Code/Java/PDF-RTF/Anchor.htm,20070421183502
(thin),https://www.java2s.com/Code/Java/PDF-RTF/Anchor.html,20260510231158
pdf-rtf-anexampleusingmulticolumntextwithirregularcolumns,http://www.java2s.com:80/Code/Java/PDF-RTF/AnexampleusingMultiColumnTextwithirregularcolumns.htm,20071029211837
pdf-rtf-annotatedimagehyperlink,http://java2s.com/Code/Java/PDF-RTF/AnnotatedImageHyperLink.htm,20100212194419
pdf-rtf-annotatedimageinpdf,http://java2s.com/Code/Java/PDF-RTF/AnnotatedImageinPDF.htm,20100212194406
(thin),http://java2s.com:80/Code/Java/PDF-RTF/Annotations.htm,20071012192723
(thin),https://www.java2s.com/Code/Java/PDF-RTF/Annotations.html,20260521112559
pdf-rtf-arabictextinpdf,http://java2s.com:80/Code/Java/PDF-RTF/ArabicTextinPDF.htm,20071020032246
(thin),http://java2s.com:80/Code/Java/PDF-RTF/Arc.htm,20071012192728
(thin),http://www.java2s.com:80/Code/Java/PDF-RTF/AWT-Image.htm,20070406200915
(thin),https://www.java2s.com/Code/Java/PDF-RTF/AWT-Image.html,20260514035140
(thin),http://java2s.com:80/Code/Java/PDF-RTF/Barcode.htm,20071011232202
pdf-rtf-barcode128,http://www.java2s.com:80/Code/Java/PDF-RTF/Barcode128.htm,20071130181805
pdf-rtf-barcodeeansupp5,http://www.java2s.com:80/Code/Java/PDF-RTF/BarcodeEANSUPP5.htm,20071201173844
pdf-rtf-barcodepostnet,http://www.java2s.com:80/Code/Java/PDF-RTF/BarcodePostnet.htm,20071201174637
pdf-rtf-barcodes1282,http://www.java2s.com:80/Code/Java/PDF-RTF/Barcodes1282.htm,20071201174642
pdf-rtf-barcodes39,http://www.java2s.com:80/Code/Java/PDF-RTF/Barcodes39.htm,20071201174303
pdf-rtf-barcodes39ext,http://www.java2s.com:80/Code/Java/PDF-RTF/Barcodes39Ext.htm,20071201174647
pdf-rtf-barcodesean13,http://www.java2s.com:80/Code/Java/PDF-RTF/BarcodesEAN13.htm,20071201173849
pdf-rtf-barcodeseansupp,http://www.java2s.com:80/Code/Java/PDF-RTF/BarcodesEANSUPP.htm,20071201173857
pdf-rtf-barcodesinter25,http://www.java2s.com:80/Code/Java/PDF-RTF/BarcodesInter25.htm,20071201173906
pdf-rtf-barcodespostnet2,http://www.java2s.com:80/Code/Java/PDF-RTF/BarcodesPostnet2.htm,20071201173908
pdf-rtf-bigtablewithheaderrows,http://www.java2s.com:80/Code/Java/PDF-RTF/BigTableWithHeaderRows.htm,20071130085318
(thin),http://java2s.com:80/Code/Java/PDF-RTF/BMP.htm,20071011232157
(thin),https://www.java2s.com/Code/Java/PDF-RTF/BMP.html,20260513002835
(thin),http://www.java2s.com:80/Code/Java/PDF-RTF/Bookmarks.htm,20070505041543
(thin),https://www.java2s.com/Code/Java/PDF-RTF/Bookmarks.html,20260520102023
pdf-rtf-cellalignmentbaseline,http://www.java2s.com:80/Code/Java/PDF-RTF/CellAlignmentBaseline.htm,20070901093706
pdf-rtf-cellalignmentcenter,http://www.java2s.com:80/Code/Java/PDF-RTF/CellAlignmentCenter.htm,20080611232848
pdf-rtf-cellalignmentjustified,http://www.java2s.com:80/Code/Java/PDF-RTF/CellAlignmentJustified.htm,20080612153657
pdf-rtf-cellalignmentmiddle,http://www.java2s.com:80/Code/Java/PDF-RTF/CellAlignmentMiddle.htm,20080611232853
pdf-rtf-cellbordercolors,http://www.java2s.com:80/Code/Java/PDF-RTF/CellBorderColors.htm,20070117154808
pdf-rtf-cellbordercolorswithbackground,http://www.java2s.com:80/Code/Java/PDF-RTF/CellBorderColorsWithBackground.htm,20070117161621
pdf-rtf-celleventscelllayout,http://www.java2s.com:80/Code/Java/PDF-RTF/CellEventscellLayout.htm,20080829203441
pdf-rtf-cellfixedheight,http://java2s.com:80/Code/Java/PDF-RTF/CellFixedHeight.htm,20071020033729
apache-common-basicauthenticationexecutejspmethod,http://www.java2s.com/Code/Java/Apache-Common/BasicAuthenticationExecuteJSPMethod.htm,20061026233605
apache-common-basicauthenticationforjsppage,http://www.java2s.com/Code/Java/Apache-Common/BasicAuthenticationForJSPPage.htm,20061026233643
apache-common-basicauthenticationgetjspmethodreturncode,http://www.java2s.com/Code/Java/Apache-Common/BasicAuthenticationGetJSPMethodReturnCode.htm,20061026233613
apache-common-basicdatasourceexample,http://www.java2s.com/Code/Java/Apache-Common/BasicDataSourceExample.htm,20061026235120
(thin),http://www.java2s.com/Code/Java/Apache-Common/Bean-Utils.htm,20061016052138
(thin),https://www.java2s.com/Code/Java/Apache-Common/Bean-Utils.html,20260521194955
apache-common-beancomparatorsortingbasedonpropertiesofclass,http://www.java2s.com:80/Code/Java/Apache-Common/BeanComparatorSortingbasedonPropertiesofclass.htm,20091208131033
apache-common-beanpredicatewithequalpredicate,http://java2s.com/Code/Java/Apache-Common/BeanPredicatewithEqualPredicate.htm,20100212033357
apache-common-beanutilarrayutilsexample,http://www.java2s.com:80/Code/Java/Apache-Common/BeanUtilArrayUtilsExample.htm,20070119101608
apache-common-beanutilscollections2,http://www.java2s.com:80/Code/Java/Apache-Common/BeanUtilsCollections2.htm,20070116152829
apache-common-beanutilsdateutils,http://www.java2s.com:80/Code/Java/Apache-Common/BeanUtilsDateUtils.htm,20070116152035
apache-common-beanutilsdealwithcollections,http://www.java2s.com:80/Code/Java/Apache-Common/BeanUtilsdealwithcollections.htm,20070119101737
apache-common-beanutilsgetpropertyfromdynamicbeans,http://www.java2s.com:80/Code/Java/Apache-Common/BeanUtilsgetPropertyfromDynamicBeans.htm,20070116160757
(thin),http://www.java2s.com/Code/Java/Apache-Common/CharSet.htm,20061016060331
(thin),https://www.java2s.com/Code/Java/Apache-Common/CharSet.html,20260510053451
apache-common-charsetexample,http://www.java2s.com:80/Code/Java/Apache-Common/CharSetExample.htm,20080128152702
(thin),http://www.java2s.com:80/Code/Java/Apache-Common/Class-Helper.htm,20090627235814
(thin),https://www.java2s.com/Code/Java/Apache-Common/Class-Helper.html,20260514160319
apache-common-cloneobject,http://www.java2s.com:80/Code/Java/Apache-Common/CloneObject.htm,20070110030518
(thin),http://www.java2s.com/Code/Java/Apache-Common/Code.htm,20061016042435
(thin),https://www.java2s.com/Code/Java/Apache-Common/Code.html,20260517214838
apache-common-codecdigest,http://www.java2s.com/Code/Java/Apache-Common/CodecDigest.htm,20061016100624
apache-common-codeclanguage,http://www.java2s.com/Code/Java/Apache-Common/CodecLanguage.htm,20061016100618
apache-common-codecneturlencodeanddecode,http://www.java2s.com/Code/Java/Apache-Common/CodecNetURLencodeanddecode.htm,20061016100615
(thin),http://www.java2s.com/Code/Java/Apache-Common/Collection.htm,20061016043732
(thin),https://www.java2s.com/Code/Java/Apache-Common/Collection.html,20260520201655
apache-common-collectionbag,http://www.java2s.com/Code/Java/Apache-Common/CollectionBag.htm,20061018181015
apache-common-collectionbidimap,http://www.java2s.com/Code/Java/Apache-Common/CollectionBidiMap.htm,20061018181032
apache-common-collectionbuffer,http://www.java2s.com/Code/Java/Apache-Common/CollectionBuffer.htm,20061018181027
apache-common-collectionclosure,http://www.java2s.com/Code/Java/Apache-Common/CollectionClosure.htm,20061018180952
apache-common-comparatorexampleforbuildindatatype,http://www.java2s.com/Code/Java/Apache-Common/ComparatorExampleForBuildInDataType.htm,20061018181009
apache-common-comparatorexampleforuserdefinedclass,http://www.java2s.com/Code/Java/Apache-Common/ComparatorExampleForUserDefinedClass.htm,20061018181023
(thin),http://www.java2s.com/Code/Java/Apache-Common/Connection-Pool.htm,20061016050510
(thin),https://www.java2s.com/Code/Java/Apache-Common/Connection-Pool.html,20260516014352
apache-common-connectionpoolbasics,http://www.java2s.com/Code/Java/Apache-Common/ConnectionPoolBasics.htm,20061026235132
apache-common-connectmethodexampleforproxyclient,http://www.java2s.com/Code/Java/Apache-Common/ConnectMethodExampleForProxyClient.htm,20061026233617
(thin),http://www.java2s.com/Code/Java/Apache-Common/Converter-Utils.htm,20061016053116
apache-common-convertutilsdemo,http://www.java2s.com:80/Code/Java/Apache-Common/ConvertUtilsDemo.htm,20070403123432
apache-common-cookiebag2,http://www.java2s.com/Code/Java/Apache-Common/CookieBag2.htm,20061018180948
apache-common-custompredicate,http://java2s.com/Code/Java/Apache-Common/CustomPredicate.htm,20100212033353
(thin),http://www.java2s.com/Code/Java/Apache-Common/Database-Utils.htm,20061016062600
(thin),https://www.java2s.com/Code/Java/Apache-Common/Database-Utils.html,20260516045042
apache-common-databaseconnectionpooldemo,http://www.java2s.com/Code/Java/Apache-Common/Databaseconnectionpooldemo.htm,20061026235124
(thin),http://www.java2s.com/Code/Java/Apache-Common/Exception.htm,20061016050924
(thin),https://www.java2s.com/Code/Java/Apache-Common/Exception.html,20260511023234
apache-common-exceptionutilities,http://www.java2s.com/Code/Java/Apache-Common/ExceptionUtilities.htm,20061027010112
apache-common-executehttpmethodpostget,http://www.java2s.com/Code/Java/Apache-Common/ExecuteHttpmethodpostget.htm,20061026233639
apache-common-exercisesthevariousprotocolsavailableinthecommonsnetpackage,http://www.java2s.com/Code/Java/Apache-Common/ExercisesthevariousprotocolsavailableintheCommonsNetPackage.htm,20061026233248
apache-common-factoryexample1,http://www.java2s.com/Code/Java/Apache-Common/FactoryExample1.htm,20061018180945
apache-common-fractionfordecimal,http://www.java2s.com/Code/Java/Apache-Common/Fractionfordecimal.htm,20061018210414
apache-common-getallowedhttpmethods,http://www.java2s.com/Code/Java/Apache-Common/Getallowedhttpmethods.htm,20061026233622
apache-common-getcookievalueandsetcookievalue,http://www.java2s.com/Code/Java/Apache-Common/GetCookievalueandsetcookievalue.htm,20061026233630
apache-common-getdifferencebetweentwostrings,http://www.java2s.com:80/Code/Java/Apache-Common/Getdifferencebetweentwostrings.htm,20070224145412
apache-common-gethttpclientparameters,http://www.java2s.com/Code/Java/Apache-Common/GetHttpclientparameters.htm,20061026233648
apache-common-gethttpmethods,http://www.java2s.com/Code/Java/Apache-Common/GetHttpmethods.htm,20061026233652
apache-common-getmappedproperty,http://www.java2s.com:80/Code/Java/Apache-Common/GetMappedProperty.htm,20070115004209
apache-common-hashmapexample1,http://www.java2s.com/Code/Java/Apache-Common/HashMapExample1.htm,20061018180931
(thin),http://www.java2s.com:80/Code/Java/Apache-Common/HasListExample1.htm,20061127180326
(thin),http://www.java2s.com/Code/Java/Apache-Common/Http-Client.htm,20061016050316
apache-common-httpclientsimpledemo,http://www.java2s.com/Code/Java/Apache-Common/HttpClientSimpleDemo.htm,20061026233635
apache-common-httppostmethodexample,http://www.java2s.com:80/Code/Java/Apache-Common/HttppostmethodExample.htm,20060822142759
apache-common-implementequalsmethodusingcommonslang,http://java2s.com/Code/Java/Apache-Common/Implementequalsmethodusingcommonslang.htm,20100213232647
apache-common-implementhashcodeusingcommonslang,http://java2s.com/Code/Java/Apache-Common/ImplementhashCodeusingcommonslang.htm,20100213232448
apache-common-jakartacommonstostringbuilder,http://www.java2s.com:80/Code/Java/Apache-Common/JakartaCommonstoStringBuilder.htm,20090629063905
apache-common-keyedobjectpool,http://www.java2s.com/Code/Java/Apache-Common/KeyedObjectPool.htm,20061016093642
apache-common-listexample1,http://www.java2s.com/Code/Java/Apache-Common/ListExample1.htm,20061018181044
(thin),http://www.java2s.com/Code/Java/Apache-Common/Locale-Bean-Utils.htm,20061016061758
(thin),https://www.java2s.com/Code/Java/Apache-Common/Locale-Bean-Utils.html,20260519001300
apache-common-localebeanutilsdemo,http://www.java2s.com/Code/Java/Apache-Common/LocaleBeanUtilsDemo.htm,20080908044842
apache-common-mapheaven1,http://www.java2s.com/Code/Java/Apache-Common/MapHeaven1.htm,20061018180935
apache-common-mapresultsettoobject,http://www.java2s.com:80/Code/Java/Apache-Common/MapResultSettoObject.htm,20070110223035
(thin),http://www.java2s.com/Code/Java/Apache-Common/Math.htm,20061016044508
(thin),https://www.java2s.com/Code/Java/Apache-Common/Math.html,20260512010427
apache-common-multikeyexample1,http://www.java2s.com/Code/Java/Apache-Common/MultiKeyExample1.htm,20061018180941
apache-common-multikeyexample2,http://www.java2s.com/Code/Java/Apache-Common/MultiKeyExample2.htm,20061018181040
(thin),http://www.java2s.com/Code/Java/Apache-Common/Net.htm,20061016050228
(thin),https://www.java2s.com/Code/Java/Apache-Common/Net.html,20260514045059
(thin),http://www.java2s.com/Code/Java/Apache-Common/Object-Pool.htm,20061016042238
(thin),https://www.java2s.com/Code/Java/Apache-Common/Object-Pool.html,20260514075743
(thin),http://www.java2s.com:80/Code/Java/Apache-Common/Predicate.htm,20090830052954
apache-common-predicatechainchainingoftwoormorepredicates,http://java2s.com/Code/Java/Apache-Common/PredicateChainChainingoftwoormorepredicates.htm,20100212033408
apache-common-setexample1,http://www.java2s.com/Code/Java/Apache-Common/SetExample1.htm,20061018181036
apache-common-setexample2,http://www.java2s.com/Code/Java/Apache-Common/SetExample2.htm,20061018181000
apache-common-softreferenceobjectpooldemo,http://www.java2s.com/Code/Java/Apache-Common/SoftReferenceObjectPoolDemo.htm,20061016093607
(thin),http://www.java2s.com/Code/Java/Apache-Common/String-Utils.htm,20061016055654
(thin),https://www.java2s.com/Code/Java/Apache-Common/String-Utils.html,20260508081639
apache-common-stringabbreviate,http://www.java2s.com:80/Code/Java/Apache-Common/Stringabbreviate.htm,20071025002324
apache-common-stringcapitalize,http://www.java2s.com:80/Code/Java/Apache-Common/Stringcapitalize.htm,20061023193802
apache-common-stringcenter,http://www.java2s.com:80/Code/Java/Apache-Common/Stringcenter.htm,20071025002334
apache-common-stringchop,http://www.java2s.com:80/Code/Java/Apache-Common/Stringchop.htm,20070228140542
apache-common-stringchopby,http://www.java2s.com:80/Code/Java/Apache-Common/Stringchopby.htm,20071025002344
apache-common-stringcontains,http://www.java2s.com:80/Code/Java/Apache-Common/Stringcontains.htm,20071025002349
apache-common-stringcontainsnone,http://www.java2s.com:80/Code/Java/Apache-Common/Stringcontainsnone.htm,20071025002354
apache-common-stringcontainsonly,http://www.java2s.com:80/Code/Java/Apache-Common/Stringcontainsonly.htm,20071025002359
apache-common-stringcountmatches,http://www.java2s.com:80/Code/Java/Apache-Common/Stringcountmatches.htm,20071025002405
apache-common-stringdeletewhitespace,http://www.java2s.com:80/Code/Java/Apache-Common/Stringdeletewhitespace.htm,20070403140900
apache-common-stringdifference,http://www.java2s.com:80/Code/Java/Apache-Common/Stringdifference.htm,20071024123231
apache-common-stringescapeutils,http://www.java2s.com:80/Code/Java/Apache-Common/StringEscapeUtils.htm,20071025002319
apache-common-testobjectpool,http://www.java2s.com/Code/Java/Apache-Common/TestObjectPool.htm,20061016093854
apache-common-testredundantobjectpool,http://www.java2s.com/Code/Java/Apache-Common/TestRedundantObjectPool.htm,20061016093540
apache-common-transformerexample,http://www.java2s.com/Code/Java/Apache-Common/TransformerExample.htm,20061018180926
apache-common-usebeanutilstogetpropertyvaluefromobject,http://www.java2s.com:80/Code/Java/Apache-Common/UseBeanUtilstogetpropertyvaluefromobject.htm,20070116161454
apache-common-usecomparetobuilderclasstocreatecomparetomethodforyourownclass,http://java2s.com/Code/Java/Apache-Common/UseCompareToBuilderclasstocreatecompareTomethodforyourownclass.htm,20100213232503
apache-common-usemappedobjectafterdatabaseconnectionclose,http://www.java2s.com:80/Code/Java/Apache-Common/UseMappedObjectafterdatabaseConnectionclose.htm,20070129024640
apache-common-usereflectiontobuildtostringmethod,http://www.java2s.com:80/Code/Java/Apache-Common/UseReflectionTobuildtoStringmethod.htm,20090629171552
apache-common-usinghttpclientinsidethread,http://www.java2s.com/Code/Java/Apache-Common/UsingHttpClientInsideThread.htm,20061026233609
(thin),http://www.java2s.com/Code/Java/Apache-Common/Validate.htm,20061016060828
(thin),https://www.java2s.com/Code/Java/Apache-Common/Validate.html,20260511214129
apache-common-validateistruenotemptynonullelement,http://www.java2s.com:80/Code/Java/Apache-Common/Validateistruenotemptynonullelement.htm,20071105011704
(thin),http://www.java2s.com:80/Code/Java/Chart/Abasicperformancetestforacoupleofcommonoperations.htm,20051211102319
(thin),http://www.java2s.com:80/Code/Java/Chart/Abasicperformancetestforacoupleofcommonoperations2.htm,20051211103507
(thin),http://www.java2s.com/Code/Java/Chart/AchartshowingverticalbarsbasedondatainanIntervalXYDataset.htm,20061018193434
(thin),http://www.java2s.com/Code/Java/Chart/AdemoshowinghowtocreateanHTMLimagemapfora3Dbarchart.htm,20060513082425
(thin),http://www.java2s.com/Code/Java/Chart/AdemoshowinghowtocreateanHTMLimagemapforabarchart.htm,20060513082406
(thin),http://www.java2s.com/Code/Java/Chart/AdemoshowinghowtocreateanHTMLimagemapforapiechart.htm,20060513082417
(thin),http://www.java2s.com/Code/Java/Chart/AdemoshowinghowtocreateanHTMLimagemapforascatterplot.htm,20060513082429
(thin),http://www.java2s.com/Code/Java/Chart/AdemoshowingtheconstructionofHTMLimagemapsforatimeserieschart.htm,20060513082412
(thin),http://www.java2s.com/Code/Java/Chart/Anotchdownwafermapchartwithrandomdata.htm,20060513081127
(thin),http://www.java2s.com:80/Code/Java/Chart/Apiechartcomparing2Datasetgreenincreasereddecrease.htm,20070110041108
(thin),http://www.java2s.com:80/Code/Java/Chart/Apiechartshowingonesectionexploded.htm,20070117161811
(thin),http://www.java2s.com/Code/Java/Chart/Apiechartshowingpercentagesonthecategorylabels.htm,20060513084442
(thin),http://www.java2s.com:80/Code/Java/Chart/Area-Chart.htm,20060218205959
(thin),https://www.java2s.com/Code/Java/Chart/Area-Chart.html,20260511123201
(thin),http://www.java2s.com:80/Code/Java/Chart/Area-Stacked-Chart.htm,20060218211134
chart-atimeserieschartrepresentingdatafromanxydatasettheverticalaxishasalogarith,http://www.java2s.com:80/Code/Java/Chart/AtimeserieschartrepresentingdatafromanXYDatasettheverticalaxishasalogarithmicscale.htm,20060510140251
chart-atimeserieschartrepresentingdatafromanxydatasetuseofmultiplecharttitles,http://www.java2s.com:80/Code/Java/Chart/AtimeserieschartrepresentingdatafromanXYDatasetuseofmultiplecharttitles.htm,20060510140219
chart-atimeserieschartwithamovingaverage,http://www.java2s.com:80/Code/Java/Chart/Atimeserieschartwithamovingaverage.htm,20060510133448
(thin),http://www.java2s.com:80/Code/Java/Chart/Axis.htm,20060307043741
(thin),https://www.java2s.com/Code/Java/Chart/Axis.html,20260512010019
(thin),http://www.java2s.com/Code/Java/Chart/Bar-Chart-3D-Horizontal.htm,20060513060525
(thin),https://www.java2s.com/Code/Java/Chart/Bar-Chart-3D-Horizontal.html,20260520132731
(thin),http://www.java2s.com:80/Code/Java/Chart/Bar-Chart-3D-Vertical.htm,20060218225741
(thin),https://www.java2s.com/Code/Java/Chart/Bar-Chart-3D-Vertical.html,20260513071139
(thin),http://www.java2s.com:80/Code/Java/Chart/Bar-Chart-3D.htm,20060218210456
(thin),https://www.java2s.com/Code/Java/Chart/Bar-Chart-3D.html,20260516180920
(thin),http://www.java2s.com:80/Code/Java/Chart/Bar-Chart-Horizontal.htm,20060218225718
(thin),https://www.java2s.com/Code/Java/Chart/Bar-Chart-Horizontal.html,20260710113440
(thin),http://www.java2s.com:80/Code/Java/Chart/Bar-Chart-Vertical.htm,20060218211140
(thin),https://www.java2s.com/Code/Java/Chart/Bar-Chart-Vertical.html,20260516060420
(thin),http://www.java2s.com:80/Code/Java/Chart/Bar-Chart.htm,20060218224141
(thin),https://www.java2s.com/Code/Java/Chart/Bar-Chart.html,20260510052426
(thin),http://www.java2s.com:80/Code/Java/Chart/Bar-Stacked-Chart-3D.htm,20060218225724
(thin),http://www.java2s.com:80/Code/Java/Chart/Bar-Stacked-Chart.htm,20060218211032
(thin),https://www.java2s.com/Code/Java/Chart/Bar-Stacked-Chart.html,20260520165848
(thin),http://www.java2s.com:80/Code/Java/Chart/Box-and-Whisker-Chart.htm,20060218225749
(thin),https://www.java2s.com/Code/Java/Chart/Box-and-Whisker-Chart.html,20260508155649
(thin),http://www.java2s.com:80/Code/Java/Chart/Bubble-Chart.htm,20060218210506
(thin),http://www.java2s.com:80/Code/Java/Chart/Candlestick-Chart.htm,20060218211038
(thin),https://www.java2s.com/Code/Java/Chart/Candlestick-Chart.html,20260513222400
(thin),http://www.java2s.com:80/Code/Java/Chart/Category-Plot-Chart.htm,20060218225628
(thin),https://www.java2s.com/Code/Java/Chart/Category-Plot-Chart.html,20260510085640
(thin),http://www.java2s.com:80/Code/Java/Chart/Category-Step-Chart.htm,20060218225634
(thin),https://www.java2s.com/Code/Java/Chart/Category-Step-Chart.html,20260514203021
(thin),http://www.java2s.com/Code/Java/Chart/Chart-in-Internal-Frame.htm,20060513061732
(thin),https://www.java2s.com/Code/Java/Chart/Chart-in-Internal-Frame.html,20260509135025
(thin),http://www.java2s.com:80/Code/Java/Chart/Chart-Serialization.htm,20060218225640
(thin),https://www.java2s.com/Code/Java/Chart/Chart-Serialization.html,20260520140002
(thin),http://www.java2s.com:80/Code/Java/Chart/Chart2DBarChart.htm,20060902181928
(thin),http://www.java2s.com/Code/Java/Chart/Chart2DBarChartWithCatColor.htm,20061026221921
(thin),http://www.java2s.com:80/Code/Java/Chart/Chart2DBarChartWithRegions.htm,20061023192931
(thin),http://www.java2s.com/Code/Java/Chart/Chart2DBarChartWithStack.htm,20061018195058
(thin),http://www.java2s.com:80/Code/Java/Chart/Chart2DBarChartWithTrendLine.htm,20061023192750
(thin),http://www.java2s.com:80/Code/Java/Chart/Chart2DHorizontalLineChartWithBarChartOverLay.htm,20060702073828
(thin),http://www.java2s.com:80/Code/Java/Chart/Chart2DHorizontalLineChartWithFilledStack.htm,20060717064708
(thin),http://www.java2s.com:80/Code/Java/Chart/Chart2DHorizontalLineChartWithLargeDataSet.htm,20061025135558
(thin),http://www.java2s.com:80/Code/Java/Chart/Chart2DHorizontalLineChartWithLineAndDot.htm,20060717064439
(thin),http://www.java2s.com:80/Code/Java/Chart/Chart2DHorizontalLineChartWithScatterandDot.htm,20060717065218
chart-chart2dlinechart,http://www.java2s.com/Code/Java/Chart/Chart2DLineChart.htm,20060513072152
chart-chart2dlinechartandbarchartoverlay,http://www.java2s.com/Code/Java/Chart/Chart2DLineChartandBarChartOverlay.htm,20060513072045
chart-chart2dlinechartwithfilledstack,http://www.java2s.com/Code/Java/Chart/Chart2DLineChartWithFilledStack.htm,20060513072203
chart-chart2dlinechartwithlargedataset,http://www.java2s.com/Code/Java/Chart/Chart2DLineChartWithLargeDataSet.htm,20060513072144
chart-chart2dlinechartwithregions,http://www.java2s.com/Code/Java/Chart/Chart2DLineChartWithRegions.htm,20060513072148
chart-chart2dlinechartwithscatteranddot,http://www.java2s.com/Code/Java/Chart/Chart2DLineChartWithScatterandDot.htm,20060513072140
chart-chart2dlinechartwithscatteranddotontheline,http://www.java2s.com/Code/Java/Chart/Chart2DLineChartWithScatterandDotontheLine.htm,20060513072110
(thin),http://www.java2s.com:80/Code/Java/Chart/Chart2DPieChart.htm,20070116145006
(thin),http://java2s.com:80/Code/Java/Chart/Chart2DVericalBarChart.htm,20071012191716
(thin),http://java2s.com:80/Code/Java/Chart/Chart2DVericalBarChartWithCatColor.htm,20071012113726
(thin),http://java2s.com:80/Code/Java/Chart/Chart2DVericalBarChartWithRegions.htm,20071012113731
(thin),http://java2s.com:80/Code/Java/Chart/Chart2DVericalBarChartWithStack.htm,20071012215639
(thin),http://java2s.com:80/Code/Java/Chart/Chart2DVericalBarChartWithTrendLine.htm,20071012215644
(thin),http://java2s.com/Code/Java/Chart/Chart2DVerticalBarChart.htm,20100212161229
(thin),http://java2s.com/Code/Java/Chart/Chart2DVerticalBarChartWithCatColor.htm,20100212161318
(thin),http://www.java2s.com:80/Code/Java/Chart/Chart2DVerticalBarChartWithRegions.htm,20090830215736
(thin),http://www.java2s.com:80/Code/Java/Chart/Chart2DVerticalBarChartWithStack.htm,20090830215318
(thin),http://www.java2s.com:80/Code/Java/Chart/Chart2DVerticalBarChartWithTrendLine.htm,20090830215323
(thin),http://www.java2s.com/Code/Java/Chart/Chart2DVerticalLineChart.htm,20060513084345
(thin),http://www.java2s.com/Code/Java/Chart/Chart2DVerticalLineChartWithRegions.htm,20060513084459
(thin),http://www.java2s.com:80/Code/Java/Chart/ChartAxis.htm,20060307043919
(thin),http://www.java2s.com:80/Code/Java/Chart/ChartBarChart.htm,20060903164345
(thin),http://www.java2s.com/Code/Java/Chart/ChartDynamicChart.htm,20061018210457
chart-chartlinechart,http://www.java2s.com/Code/Java/Chart/ChartLineChart.htm,20060513072114
chart-chartmanualbar,http://www.java2s.com/Code/Java/Chart/ChartManualbar.htm,20060513072212
chart-chartnegline,http://www.java2s.com/Code/Java/Chart/ChartNegLine.htm,20060513072208
(thin),http://www.java2s.com:80/Code/Java/Chart/ChartObjectBarChart.htm,20060905034927
(thin),http://www.java2s.com:80/Code/Java/Chart/ChartPlotChart.htm,20060902083039
(thin),http://www.java2s.com:80/Code/Java/Chart/ChartPlotChart2.htm,20060902042402
(thin),http://www.java2s.com:80/Code/Java/Chart/ChartSimpleBarChart.htm,20060905083835
chart-chartsimplelinechart,http://www.java2s.com/Code/Java/Chart/ChartSimpleLineChart.htm,20060513072122
(thin),http://www.java2s.com/Code/Java/Chart/ChartSimplePieChart.htm,20060513084455
(thin),http://www.java2s.com/Code/Java/Chart/ChartStackBarChart.htm,20061018195051
(thin),http://www.java2s.com:80/Code/Java/Chart/ChartTim4.htm,20061123180625
(thin),http://www.java2s.com:80/Code/Java/Chart/ChartTiming1.h3.htm,20060926092111
(thin),http://www.java2s.com:80/Code/Java/Chart/ChartTiming1.htm,20051211122342
(thin),http://www.java2s.com:80/Code/Java/Chart/ChartTiming3.htm,20060903210602
(thin),http://www.java2s.com/Code/Java/Chart/ChartTiming4.htm,20061016075845
(thin),http://www.java2s.com:80/Code/Java/Chart/Combined-Category-Plot-Chart.htm,20060218211712
(thin),https://www.java2s.com/Code/Java/Chart/Combined-Category-Plot-Chart.html,20260514100149
(thin),http://www.java2s.com:80/Code/Java/Chart/Combined-Chart.htm,20060218210736
(thin),http://www.java2s.com:80/Code/Java/Chart/Combined-XY-Plot.htm,20060218210945
(thin),https://www.java2s.com/Code/Java/Chart/Combined-XY-Plot.html,20260513100150
(thin),http://www.java2s.com:80/Code/Java/Chart/Compass-Chart.htm,20051221044358
(thin),http://www.java2s.com:80/Code/Java/Chart/Contour-Plot-Chart.htm,20060218211153
(thin),https://www.java2s.com/Code/Java/Chart/Contour-Plot-Chart.html,20260515022419
(thin),http://www.java2s.com:80/Code/Java/Chart/Create-HTML-Image-Map.htm,20060218225755
(thin),https://www.java2s.com/Code/Java/Chart/Create-HTML-Image-Map.html,20260516174944
(thin),http://www.java2s.com/Code/Java/Chart/CreatesanHTMLimagemapforamultiplepiechart.htm,20060513082421
(thin),http://www.java2s.com/Code/Java/Chart/CreatesanHTMLimagemapforanareachart.htm,20060513082433
(thin),http://www.java2s.com:80/Code/Java/Chart/Dataset.htm,20060218205451
(thin),https://www.java2s.com/Code/Java/Chart/Dataset.html,20260513014244
(thin),http://www.java2s.com:80/Code/Java/Chart/Difference-Chart.htm,20060218210950
(thin),https://www.java2s.com/Code/Java/Chart/Difference-Chart.html,20260519163425
(thin),http://www.java2s.com/Code/Java/Chart/Displaysanotchdownwafermapchartwithrandomdata.htm,20060513081132
(thin),http://www.java2s.com/Code/Java/Chart/Displaysaspeedochartwithapieending.htm,20061027010849
(thin),http://www.java2s.com:80/Code/Java/Chart/Dual-Axis-Chart.htm,20060218210828
(thin),https://www.java2s.com/Code/Java/Chart/Dual-Axis-Chart.html,20260521104137
(thin),http://www.java2s.com:80/Code/Java/Chart/Dynamic-Data-Chart.htm,20060218211205
(thin),https://www.java2s.com/Code/Java/Chart/Dynamic-Data-Chart.html,20260521200559
(thin),http://www.java2s.com:80/Code/Java/Chart/Gantt-Chart.htm,20060218224606
(thin),http://www.java2s.com:80/Code/Java/Chart/High-Low-Chart.htm,20060218210742
(thin),https://www.java2s.com/Code/Java/Chart/High-Low-Chart.html,20260513132754
(thin),http://www.java2s.com:80/Code/Java/Chart/HorizontalbarsrepresentingdatafromaCategoryDataset.htm,20060704200249
(thin),http://www.java2s.com/Code/Java/Chart/HorizontalstackedbarsrepresentingdatafromaCategoryDataset.htm,20061018130644
(thin),http://www.java2s.com:80/Code/Java/Chart/Interval-Bar-Chart.htm,20060218211216
(thin),https://www.java2s.com/Code/Java/Chart/Interval-Bar-Chart.html,20260515104331
(thin),http://www.java2s.com/Code/Java/Chart/JCCKitAnimatedChart.htm,20061018210451
(thin),http://www.java2s.com/Code/Java/Chart/JChart2DDynamicChart.htm,20061018210511
chart-jchart2dstaticchart,http://www.java2s.com/Code/Java/Chart/JChart2dStaticChart.htm,20060513072216
(thin),http://www.java2s.com/Code/Java/Chart/JChartsAreaChart.htm,20061027000436
(thin),http://www.java2s.com/Code/Java/Chart/JChartsClustererBarChart.htm,20061026221946
chart-jchartslinechart,http://www.java2s.com/Code/Java/Chart/JChartsLineChart.htm,20060513072105
chart-jchartslinechart0,http://www.java2s.com/Code/Java/Chart/JChartsLineChart0.htm,20060513072220
chart-jchartslinechart1,http://www.java2s.com/Code/Java/Chart/JChartsLineChart1.htm,20060513072131
chart-jchartslinechart2,http://www.java2s.com/Code/Java/Chart/JChartsLineChart2.htm,20060513072049
chart-jchartslinechart3,http://www.java2s.com/Code/Java/Chart/JChartsLineChart3.htm,20060513072032
chart-jchartslinechart4,http://www.java2s.com/Code/Java/Chart/JChartsLineChart4.htm,20060513072118
chart-jchartslinechart5,http://www.java2s.com/Code/Java/Chart/JChartsLineChart5.htm,20060513072036
chart-jchartslinechart6,http://www.java2s.com/Code/Java/Chart/JChartsLineChart6.htm,20060513072224
chart-jchartslinechart7,http://www.java2s.com/Code/Java/Chart/JChartsLineChart7.htm,20060513072228
chart-jchartslinechart8,http://www.java2s.com/Code/Java/Chart/JChartsLineChart8.htm,20060513072041
chart-jchartslinechart9,http://www.java2s.com/Code/Java/Chart/JChartsLineChart9.htm,20060513072136
(thin),http://www.java2s.com:80/Code/Java/Chart/JChartsPieChart.htm,20070110025228
(thin),http://www.java2s.com:80/Code/Java/Chart/JChartsPointChart.htm,20060715233543
(thin),http://java2s.com:80/Code/Java/Chart/JChartsScatterChart0.htm,20071015150234
(thin),http://java2s.com:80/Code/Java/Chart/JChartsScatterChart1.htm,20071015141626
(thin),http://java2s.com:80/Code/Java/Chart/JChartsScatterChart2.htm,20071015170957
(thin),http://java2s.com:80/Code/Java/Chart/JChartsScatterChart3.htm,20071015171002
(thin),http://java2s.com:80/Code/Java/Chart/JChartsScatterChart4.htm,20071015202550
(thin),http://www.java2s.com:80/Code/Java/Chart/JChartsScatterChart5.htm,20071015041612
(thin),http://java2s.com:80/Code/Java/Chart/JChartsScatterChart6.htm,20071015151141
(thin),http://java2s.com:80/Code/Java/Chart/JChartsScatterChart7.htm,20071015150732
(thin),http://www.java2s.com:80/Code/Java/Chart/JChartsScatterChart8.htm,20071015041617
(thin),http://java2s.com:80/Code/Java/Chart/JChartsScatterChart9.htm,20071015202558
(thin),http://www.java2s.com/Code/Java/Chart/JChartsScatterPlot.htm,20060513073113
(thin),http://www.java2s.com/Code/Java/Chart/JChartsStackedBarChart.htm,20061018195046
(thin),http://www.java2s.com:80/Code/Java/Chart/JFreeChart-Performance.htm,20051211123223
(thin),http://www.java2s.com/Code/Java/Chart/JFreeChartAreaChartDemo.htm,20061027000426
(thin),http://www.java2s.com/Code/Java/Chart/JFreeChartBarChart3DDemo3withitemlabelsdisplayed.htm,20060513081933
(thin),http://www.java2s.com:80/Code/Java/Chart/JFreeChartBarChartDemo.htm,20060307050348
(thin),http://www.java2s.com/Code/Java/Chart/JFreeChartBarChartDemo1.htm,20061026221849
(thin),http://www.java2s.com:80/Code/Java/Chart/JFreeChartBarChartDemo3differentcolorswithinaseries.htm,20061023192646
(thin),http://www.java2s.com/Code/Java/Chart/JFreeChartBarChartDemo4withonlytwobars.htm,20061026221912
(thin),http://www.java2s.com:80/Code/Java/Chart/JFreeChartBarChartDemo6Anotherhorizontal.htm,20060704195813
(thin),http://www.java2s.com:80/Code/Java/Chart/JFreeChartBarChartDemo7withacustomitemlabelgenerator.htm,20060307054815
(thin),http://www.java2s.com/Code/Java/Chart/JFreeChartBarChartDemo8.htm,20061026221916
(thin),http://www.java2s.com/Code/Java/Chart/JFreeChartBoxAndWhiskerDemo.htm,20061026220159
(thin),http://www.java2s.com:80/Code/Java/Chart/JFreeChartBubblyBubblesDemo.htm,20070106140212
(thin),http://www.java2s.com:80/Code/Java/Chart/JFreeChartBubblyBubblesDemo2.htm,20070107122845
(thin),http://www.java2s.com/Code/Java/Chart/JFreeChartCandlestickChartSample.htm,20060513093758
(thin),http://www.java2s.com/Code/Java/Chart/JFreeChartCandlestickDemo.htm,20060513093804
(thin),http://www.java2s.com:80/Code/Java/Chart/JFreeChartCategoryStepChartDemo.htm,20070503191617
(thin),http://www.java2s.com/Code/Java/Chart/JFreeChartChartPanelSerialization.htm,20061018150254
(thin),http://www.java2s.com:80/Code/Java/Chart/JFreeChartCombinedandOverlayedChart.htm,20070113161920
(thin),http://www.java2s.com:80/Code/Java/Chart/JFreeChartCombinedCategoryPlotDemo1.htm,20070110160023
(thin),http://www.java2s.com:80/Code/Java/Chart/JFreeChartCombinedCategoryPlotDemo2barchartontheleftandalinechartontheright.htm,20070110162713
(thin),http://www.java2s.com:80/Code/Java/Chart/JFreeChartCombinedXYPlotDemo1.htm,20070829230602
(thin),http://www.java2s.com:80/Code/Java/Chart/JFreeChartCombinedXYPlotDemo3.htm,20071015041659
(thin),http://www.java2s.com:80/Code/Java/Chart/JFreeChartCombinedXYPlotDemo4.htm,20070504042814
(thin),http://www.java2s.com:80/Code/Java/Chart/JFreeChartCombinedXYPlotDemo5.htm,20070829154733
(thin),http://www.java2s.com:80/Code/Java/Chart/JFreeChartCompassChartSample.htm,20070113155451
(thin),http://www.java2s.com:80/Code/Java/Chart/JFreeChartCompassDemo.htm,20051221052450
(thin),http://www.java2s.com:80/Code/Java/Chart/JFreeChartCompassDemo2.htm,20061104062812
(thin),http://www.java2s.com:80/Code/Java/Chart/JFreeChartCompassFormatDemo.htm,20070116224734
(thin),http://www.java2s.com/Code/Java/Chart/JFreeChartContourPlotDemo.htm,20060513070239
(thin),http://www.java2s.com:80/Code/Java/Chart/JFreeChartContourPlotDemo2.htm,20070108231953
(thin),http://www.java2s.com:80/Code/Java/Chart/JFreeChartDifferenceChartDemo2.htm,20070116153115
(thin),http://www.java2s.com/Code/Java/Chart/JFreeChartDualAxisDemo.htm,20060513070252
(thin),http://www.java2s.com/Code/Java/Chart/JFreeChartDualAxisDemo2.htm,20060513070322
(thin),http://www.java2s.com/Code/Java/Chart/JFreeChartDualAxisDemo3.htm,20060513070328
(thin),http://www.java2s.com/Code/Java/Chart/JFreeChartDualAxisDemo4.htm,20060513070243
(thin),http://www.java2s.com/Code/Java/Chart/JFreeChartDualAxisDemo5.htm,20060513070318
(thin),http://www.java2s.com/Code/Java/Chart/JFreeChartDynamicDataDemo.htm,20061018210440
(thin),http://www.java2s.com/Code/Java/Chart/JFreeChartDynamicDataDemo2.htm,20061018210444
(thin),http://www.java2s.com:80/Code/Java/Chart/JFreeChartDynamicDataDemo3.htm,20060715235834
chart-jfreecharteventfrequencydemo,http://www.java2s.com:80/Code/Java/Chart/JFreeChartEventFrequencyDemo.htm,20060510132631
(thin),http://www.java2s.com/Code/Java/Chart/JFreeChartFastScatterPlotDemo.htm,20060513073108
(thin),http://www.java2s.com:80/Code/Java/Chart/JFreeChartGanttChartSample.htm,20060427225221
(thin),http://www.java2s.com:80/Code/Java/Chart/JFreeChartGanttDemo1.htm,20060505114513
(thin),http://www.java2s.com:80/Code/Java/Chart/JFreeChartGanttDemo2withmultiplebarspertask.htm,20060423091225
(thin),http://www.java2s.com/Code/Java/Chart/JFreeChartHighLowChartDemo.htm,20060513100838
(thin),http://www.java2s.com/Code/Java/Chart/JFreeChartHighLowChartDemo2withamovingaverageoverlaidontop.htm,20060513100852
(thin),http://www.java2s.com/Code/Java/Chart/JFreeChartHighLowOpenCloseChart.htm,20060513100846
(thin),http://www.java2s.com/Code/Java/Chart/JFreeChartHighLowOpenCloseWithMovingAverageChart.htm,20060513100901
(thin),http://www.java2s.com/Code/Java/Chart/JFreeChartHorizontalBarChart3DDemo2.htm,20061018192727
(thin),http://www.java2s.com:80/Code/Java/Chart/JFreeChartHorizontalBarChartDemo2.htm,20060712134627
(thin),http://www.java2s.com:80/Code/Java/Chart/JFreeChartHorizontalBarChartDemo5.htm,20060704200045
(thin),http://www.java2s.com:80/Code/Java/Chart/JFreeChartInternalFrameDemo.htm,20061023192309
(thin),http://www.java2s.com/Code/Java/Chart/JFreeChartIntervalBarChartDemo1.htm,20061027010845
(thin),http://www.java2s.com/Code/Java/Chart/JFreeChartLayeredBarChart.htm,20060513080017
(thin),http://www.java2s.com/Code/Java/Chart/JFreeChartLayeredBarChartDemo2asuperimposedverticalbarchart.htm,20060513080022
chart-jfreechartlinechartdemo1,http://www.java2s.com/Code/Java/Chart/JFreeChartLineChartDemo1.htm,20060513072056
chart-jfreechartlinechartdemo5showingtheuseofacustomdrawingsupplier,http://www.java2s.com/Code/Java/Chart/JFreeChartLineChartDemo5showingtheuseofacustomdrawingsupplier.htm,20060513072157
chart-jfreechartlinechartdemo6,http://www.java2s.com/Code/Java/Chart/JFreeChartLineChartDemo6.htm,20060513072101
(thin),http://www.java2s.com/Code/Java/Chart/JFreeChartLinePlotChart.htm,20060513084340
chart-jfreechartmarkerdemo1,http://www.java2s.com:80/Code/Java/Chart/JFreeChartMarkerDemo1.htm,20060510130610
(thin),http://www.java2s.com:80/Code/Java/Chart/JFreeChartMinMaxCategoryPlotDemo.htm,20070121085009
(thin),http://www.java2s.com:80/Code/Java/Chart/JFreeChartMovingAverageDemo.htm,20070117023933
(thin),http://www.java2s.com:80/Code/Java/Chart/JFreeChartMultipleDatasetDemo1.htm,20060705183734
(thin),http://www.java2s.com/Code/Java/Chart/JFreeChartMultiplePieChartDemo1.htm,20060513080012
(thin),http://www.java2s.com/Code/Java/Chart/JFreeChartMultiplePieChartDemo2.htm,20060513080005
(thin),http://www.java2s.com/Code/Java/Chart/JFreeChartMultiplePieChartDemo3.htm,20060513075954
(thin),http://www.java2s.com/Code/Java/Chart/JFreeChartMultiplePieChartDemo4.htm,20060513080000
(thin),http://www.java2s.com/Code/Java/Chart/JFreeChartMultiShapesXYDemo.htm,20060513082827
chart-jfreechartnormaldistributiondemo,http://www.java2s.com/Code/Java/Chart/JFreeChartNormalDistributionDemo.htm,20060513072127
(thin),http://www.java2s.com:80/Code/Java/Chart/JFreeChartOverlaidBarChartDemo.htm,20070630081224
(thin),http://www.java2s.com:80/Code/Java/Chart/JFreeChartOverlaidBarChartDemo2.htm,20070707055537
(thin),http://www.java2s.com:80/Code/Java/Chart/JFreeChartOverlaidXYPlotDemo.htm,20070630023154
(thin),http://www.java2s.com:80/Code/Java/Chart/JFreeChartOverlaidXYPlotDemo2.htm,20070630080450
(thin),http://www.java2s.com:80/Code/Java/Chart/JFreeChartParetoChartDemo.htm,20070109094146
(thin),http://www.java2s.com/Code/Java/Chart/JFreeChartPieChart3DDemo1.htm,20060513074521
(thin),http://www.java2s.com/Code/Java/Chart/JFreeChartPieChart3DDemo2withRotation.htm,20060513074526
(thin),http://www.java2s.com/Code/Java/Chart/JFreeChartPieChart3DDemo3withnolabels.htm,20060513074530
(thin),http://www.java2s.com/Code/Java/Chart/JFreeChartPieChart3DDemo4withacustomlabelgenerator.htm,20060513074535
(thin),http://www.java2s.com:80/Code/Java/Chart/JFreeChartPieChartDemo.htm,20061128144139
(thin),http://www.java2s.com:80/Code/Java/Chart/JFreeChartPieChartDemo1.htm,20061207235829
(thin),http://www.java2s.com:80/Code/Java/Chart/JFreeChartPieChartDemo2.htm,20070108231101
(thin),http://www.java2s.com:80/Code/Java/Chart/JFreeChartPieChartDemo4.htm,20070117160137
(thin),http://www.java2s.com:80/Code/Java/Chart/JFreeChartPieChartDemo5.htm,20070108231120
(thin),http://www.java2s.com:80/Code/Java/Chart/JFreeChartPieChartDemo6.htm,20070110222428
(thin),http://www.java2s.com:80/Code/Java/Chart/JFreeChartPieChartDemo7.htm,20061207235700
(thin),http://www.java2s.com:80/Code/Java/Chart/JFreeChartPlotOrientationDemo.htm,20070108232858
(thin),http://www.java2s.com:80/Code/Java/Chart/JFreeChartPlotOrientationDemo2.htm,20060822143037
(thin),http://www.java2s.com/Code/Java/Chart/JFreeChartPolarChartDemo.htm,20061018175913
(thin),http://www.java2s.com:80/Code/Java/Chart/JFreeChartSecondaryDatasetDemo2.htm,20060705183646
(thin),http://www.java2s.com/Code/Java/Chart/JFreeChartSegmentedHighLowChartDemo.htm,20061026221950
(thin),http://www.java2s.com/Code/Java/Chart/JFreeChartSmallNumberDemo.htm,20060513085149
(thin),http://www.java2s.com:80/Code/Java/Chart/JFreeChartStackedAreaChartDemo.htm,20070521051253
(thin),http://www.java2s.com/Code/Java/Chart/JFreeChartStackedBarChart3DDemo.htm,20060513090553
(thin),http://www.java2s.com/Code/Java/Chart/JFreeChartStackedBarChartDemo1.htm,20061018195105
(thin),http://www.java2s.com/Code/Java/Chart/JFreeChartStackedBarChartDemo2.htm,20061018195102
(thin),http://www.java2s.com/Code/Java/Chart/JFreeChartStackedBarChartDemo3.htm,20061018195054
(thin),http://www.java2s.com/Code/Java/Chart/JFreeChartStackedBarChartDemo4.htm,20061018195110
(thin),http://www.java2s.com/Code/Java/Chart/JFreeChartStatisticalBarChartDemo.htm,20061026204602
(thin),http://www.java2s.com/Code/Java/Chart/JFreeChartThermometerChart.htm,20061026235319
(thin),http://www.java2s.com/Code/Java/Chart/JFreeChartThermometerDemo.htm,20061026235335
(thin),http://www.java2s.com/Code/Java/Chart/JFreeChartThermometerDemo2.htm,20061026235343
(thin),http://www.java2s.com:80/Code/Java/Chart/JFreeChartTimePeriodValuesDemo.htm,20070317051814
(thin),http://java2s.com:80/Code/Java/Chart/JFreeChartTimePeriodValuesDemo2.htm,20071015150310
(thin),http://www.java2s.com:80/Code/Java/Chart/JFreeChartTimePeriodValuesDemo3.htm,20061023193620
(thin),http://www.java2s.com:80/Code/Java/Chart/JFreeChartTimeSeriesandXYBarChart.htm,20070116225640
chart-jfreecharttimeserieschartdemo1therendererismodifiedtoshowfilledshapes,http://www.java2s.com:80/Code/Java/Chart/JFreeChartTimeSeriesChartDemo1therendererismodifiedtoshowfilledshapes.htm,20060510140154
(thin),http://www.java2s.com:80/Code/Java/Chart/JFreeChartTimeSeriesD7.htm,20061123184832
(thin),http://www.java2s.com:80/Code/Java/Chart/JFreeChartTimeSeriesD8.htm,20061123215801
(thin),http://www.java2s.com:80/Code/Java/Chart/JFreeChartTimeSeriesDemo.htm,20061026183814
chart-jfreecharttimeseriesdemo10withperminutedata,http://www.java2s.com:80/Code/Java/Chart/JFreeChartTimeSeriesDemo10withperminutedata.htm,20060510134045
chart-jfreecharttimeseriesdemo12,http://www.java2s.com:80/Code/Java/Chart/JFreeChartTimeSeriesDemo12.htm,20060510132311
chart-jfreecharttimeseriesdemo13twochartsthatuseweeklydata,http://www.java2s.com:80/Code/Java/Chart/JFreeChartTimeSeriesDemo13twochartsthatuseweeklydata.htm,20060510134349
chart-jfreecharttimeseriesdemo2withquarterlydata,http://www.java2s.com:80/Code/Java/Chart/JFreeChartTimeSeriesDemo2withquarterlydata.htm,20060510133955
chart-jfreecharttimeseriesdemo4usinghourlydataandincludinganullvalue,http://www.java2s.com:80/Code/Java/Chart/JFreeChartTimeSeriesDemo4usinghourlydataandincludinganullvalue.htm,20060510140022
chart-jfreecharttimeseriesdemo5with4000datapoints,http://www.java2s.com:80/Code/Java/Chart/JFreeChartTimeSeriesDemo5with4000datapoints.htm,20060510134102
chart-jfreecharttimeseriesdemo6withallzerodata,http://www.java2s.com:80/Code/Java/Chart/JFreeChartTimeSeriesDemo6withallzerodata.htm,20060510133905
chart-jfreecharttimeseriesdemo7,http://www.java2s.com:80/Code/Java/Chart/JFreeChartTimeSeriesDemo7.htm,20060510131706
chart-jfreecharttimeseriesdemo8,http://www.java2s.com:80/Code/Java/Chart/JFreeChartTimeSeriesDemo8.htm,20060411191152
chart-jfreecharttimeseriesdemo9,http://www.java2s.com:80/Code/Java/Chart/JFreeChartTimeSeriesDemo9.htm,20060510131718
(thin),http://www.java2s.com/Code/Java/Chart/JFreeChartVerticalBarChart3DDemo1.htm,20060513071742
(thin),http://www.java2s.com:80/Code/Java/Chart/JFreeChartVerticalCombineChart.htm,20070113114713
(thin),http://www.java2s.com/Code/Java/Chart/JFreeChartWaferMapChartDemo.htm,20060513081123
(thin),http://www.java2s.com:80/Code/Java/Chart/JFreeChartWaterfallChartDemo.htm,20060717060808
(thin),http://www.java2s.com:80/Code/Java/Chart/JFreeChartWaterfallChartDemo2.htm,20060717061114
(thin),http://www.java2s.com/Code/Java/Chart/JFreeChartWaterTemperatureDemo.htm,20061018122801
(thin),http://www.java2s.com:80/Code/Java/Chart/JFreeChartWindChartDemo.htm,20070517052632
(thin),http://www.java2s.com/Code/Java/Chart/JFreeChartWindPlotChartSample.htm,20061026225436
(thin),http://www.java2s.com/Code/Java/Chart/JFreeChartXMLBarChartDemo.htm,20061018180910
(thin),http://www.java2s.com:80/Code/Java/Chart/JFreeChartXMLPieChartDemo.htm,20060413171623
(thin),http://www.java2s.com/Code/Java/Chart/JFreeChartXYAreaChartDemo.htm,20060513073116
(thin),http://www.java2s.com/Code/Java/Chart/JFreeChartXYAreaChartDemo2.htm,20060513073126
(thin),http://www.java2s.com/Code/Java/Chart/JFreeChartXYAreaChartTest.htm,20060513073122
(thin),http://www.java2s.com:80/Code/Java/Chart/JFreeChartXYBarChartDemo.htm,20070109220402
(thin),http://www.java2s.com/Code/Java/Chart/JFreeChartXYLineAndShapeRendererDemo.htm,20061018122809
(thin),http://www.java2s.com/Code/Java/Chart/JFreeChartXYLogAxesDemo.htm,20061018122830
(thin),http://www.java2s.com/Code/Java/Chart/JFreeChartXYSeriesDemo.htm,20061018122841
(thin),http://www.java2s.com/Code/Java/Chart/JFreeChartXYSeriesDemo2.htm,20061018122748
(thin),http://www.java2s.com/Code/Java/Chart/JFreeChartXYSeriesDemo3.htm,20061018122847
(thin),http://www.java2s.com/Code/Java/Chart/JFreeChartXYStepAreaChartDemo.htm,20060513085618
(thin),http://www.java2s.com/Code/Java/Chart/JFreeChartXYStepChartDemo.htm,20060513085613
(thin),http://www.java2s.com:80/Code/Java/Chart/Layered-Bar-Chart.htm,20060218211045
(thin),https://www.java2s.com/Code/Java/Chart/Layered-Bar-Chart.html,20260515194848
(thin),http://www.java2s.com:80/Code/Java/Chart/Line-Chart-Vertical-Horizontal-Chart.htm,20060218211731
(thin),https://www.java2s.com/Code/Java/Chart/Line-Chart-Vertical-Horizontal-Chart.html,20260521021049
(thin),http://www.java2s.com:80/Code/Java/Chart/Line-Chart.htm,20060218210006
(thin),http://www.java2s.com:80/Code/Java/Chart/Line-Plot-Chart.htm,20060218210836
(thin),https://www.java2s.com/Code/Java/Chart/Line-Plot-Chart.html,20260517054551
(thin),http://www.java2s.com:80/Code/Java/Chart/Multiple-Pie-Chart.htm,20060218211227
(thin),https://www.java2s.com/Code/Java/Chart/Multiple-Pie-Chart.html,20260513073341
(thin),http://www.java2s.com/Code/Java/Chart/Multiple-Shapes-XY-Chart.htm,20060513053754
(thin),https://www.java2s.com/Code/Java/Chart/Multiple-Shapes-XY-Chart.html,20260514191612
(thin),http://www.java2s.com:80/Code/Java/Chart/Overlaid-Bar-Chart.htm,20060218211239
(thin),http://www.java2s.com/Code/Java/Chart/Overlaid-XY-Plot-Chart.htm,20060513061344
(thin),http://www.java2s.com:80/Code/Java/Chart/Pare-to-Chart.htm,20060218210646
(thin),https://www.java2s.com/Code/Java/Chart/Pare-to-Chart.html,20260520101405
(thin),http://www.java2s.com:80/Code/Java/Chart/Pie-Chart-3D.htm,20060218210519
(thin),http://www.java2s.com:80/Code/Java/Chart/Pie-Chart.htm,20060218224148
(thin),https://www.java2s.com/Code/Java/Chart/Pie-Chart.html,20260515010919
(thin),http://www.java2s.com:80/Code/Java/Chart/Plot-Chart.htm,20060218210015
(thin),https://www.java2s.com/Code/Java/Chart/Plot-Chart.html,20260515105019
(thin),http://www.java2s.com:80/Code/Java/Chart/Plot-Orientation.htm,20060218210957
(thin),https://www.java2s.com/Code/Java/Chart/Plot-Orientation.html,20260510174437
(thin),http://www.java2s.com:80/Code/Java/Chart/Point-Chart.htm,20060218224613
(thin),https://www.java2s.com/Code/Java/Chart/Point-Chart.html,20260520034118
(thin),http://www.java2s.com:80/Code/Java/Chart/Polar-Chart.htm,20060218224619
(thin),https://www.java2s.com/Code/Java/Chart/Polar-Chart.html,20260511091924
(thin),http://www.java2s.com:80/Code/Java/Chart/Scatter-Chart.htm,20060218210653
(thin),https://www.java2s.com/Code/Java/Chart/Scatter-Chart.html,20260513035443
(thin),http://www.java2s.com:80/Code/Java/Chart/Scatter-Plot-Chart.htm,20060218211249
(thin),https://www.java2s.com/Code/Java/Chart/Scatter-Plot-Chart.html,20260510020247
(thin),http://www.java2s.com:80/Code/Java/Chart/Segmented-High-Low-Chart.htm,20060218225911
(thin),https://www.java2s.com/Code/Java/Chart/Segmented-High-Low-Chart.html,20260517203208
(thin),http://www.java2s.com:80/Code/Java/Chart/Shade.htm,20060220140452
(thin),http://www.java2s.com:80/Code/Java/Chart/Small-Number-Chart.htm,20060218211258
(thin),https://www.java2s.com/Code/Java/Chart/Small-Number-Chart.html,20260510015947
(thin),http://www.java2s.com:80/Code/Java/Chart/Speedo-Chart.htm,20060218210526
(thin),https://www.java2s.com/Code/Java/Chart/Speedo-Chart.html,20260511151337
(thin),http://www.java2s.com:80/Code/Java/Chart/Stacked-3D-Bar-Vertical-Chart.htm,20060218211725
(thin),https://www.java2s.com/Code/Java/Chart/Stacked-3D-Bar-Vertical-Chart.html,20260517215606
(thin),http://www.java2s.com:80/Code/Java/Chart/Stacked-Bar-Horizontal-Chart.htm,20060218211718
(thin),https://www.java2s.com/Code/Java/Chart/Stacked-Bar-Horizontal-Chart.html,20260512032225
(thin),http://www.java2s.com:80/Code/Java/Chart/Stacked-Bar-Verical-Chart.htm,20060218211704
(thin),https://www.java2s.com/Code/Java/Chart/Stacked-Bar-Verical-Chart.html,20260521022353
(thin),http://www.java2s.com:80/Code/Java/Chart/Statistical-Bar-Chart.htm,20060218225801
(thin),https://www.java2s.com/Code/Java/Chart/Statistical-Bar-Chart.html,20260513042830
(thin),http://www.java2s.com:80/Code/Java/Chart/Thermometer-Chart.htm,20060218211052
(thin),https://www.java2s.com/Code/Java/Chart/Thermometer-Chart.html,20260518060837
(thin),http://www.java2s.com:80/Code/Java/Chart/ThisprogramdemonstratestheabsenceofautomaticshadowinginJava3D.htm,20060306232244
(thin),http://www.java2s.com:80/Code/Java/Chart/Time-Period-Values-Chart.htm,20060218225919
(thin),https://www.java2s.com/Code/Java/Chart/Time-Period-Values-Chart.html,20260511031003
chart-time-series-chart,http://www.java2s.com:80/Code/Java/Chart/Time-Series-Chart.htm,20060218211058
(thin),https://www.java2s.com/Code/Java/Chart/Time-Series-Chart.html,20260520072623
(thin),http://java2s.com:80/Code/Java/Chart/VerticalbarsrepresentingdatafromaCategoryDataset.htm,20071012191806
(thin),http://www.java2s.com/Code/Java/Chart/Verticalbarswitha3DeffectrepresentingdatafromaCategoryDataset.htm,20060513071736
(thin),http://www.java2s.com:80/Code/Java/Chart/VerticalstackedbarsrepresentingdatafromaCategoryDataset.htm,20070109103217
(thin),http://www.java2s.com:80/Code/Java/Chart/Verticalstackedbarswitha3DeffectrepresentingdatafromaCategoryDataset.htm,20070503082426
(thin),http://www.java2s.com:80/Code/Java/Chart/Wafer-Map-Chart.htm,20060218210842
(thin),https://www.java2s.com/Code/Java/Chart/Wafer-Map-Chart.html,20260518122303
(thin),http://www.java2s.com:80/Code/Java/Chart/Waterfall-Chart.htm,20060218210854
(thin),https://www.java2s.com/Code/Java/Chart/Waterfall-Chart.html,20260514165505
(thin),http://www.java2s.com:80/Code/Java/Chart/Wind-Chart.htm,20060218210021
(thin),https://www.java2s.com/Code/Java/Chart/Wind-Chart.html,20260519013058
(thin),http://www.java2s.com:80/Code/Java/Chart/Wind-Plot-Chart.htm,20060218210859
(thin),https://www.java2s.com/Code/Java/Chart/Wind-Plot-Chart.html,20260517124941
(thin),http://www.java2s.com:80/Code/Java/Chart/XML-Chart.htm,20060218224154
(thin),https://www.java2s.com/Code/Java/Chart/XML-Chart.html,20260513062412
(thin),http://www.java2s.com:80/Code/Java/Chart/XY-Area-Chart.htm,20060218224956
(thin),https://www.java2s.com/Code/Java/Chart/XY-Area-Chart.html,20260521052951
(thin),http://www.java2s.com:80/Code/Java/Chart/XY-Bar-Chart-Vertical.htm,20060218225808
(thin),https://www.java2s.com/Code/Java/Chart/XY-Bar-Chart-Vertical.html,20260513184506
(thin),http://www.java2s.com:80/Code/Java/Chart/XY-Bar-Chart.htm,20060218224831
(thin),https://www.java2s.com/Code/Java/Chart/XY-Bar-Chart.html,20260514042852
(thin),http://www.java2s.com:80/Code/Java/Chart/XY-Series-Chart.htm,20060218225201
(thin),https://www.java2s.com/Code/Java/Chart/XY-Series-Chart.html,20260516023828
(thin),http://www.java2s.com:80/Code/Java/Chart/XY-Step-Area-Chart.htm,20060218225550
(thin),https://www.java2s.com/Code/Java/Chart/XY-Step-Area-Chart.html,20260518220951
(thin),http://www.java2s.com:80/Code/Java/Class/abstract-class.htm,20081014093533
(thin),https://www.java2s.com/Code/Java/Class/abstract-class.html,20260519103848
(thin),http://www.java2s.com:80/Code/Java/Class/Access-Control.htm,20081219032929
class-accessingitsenclosinginstancefromaninnerclass,http://www.java2s.com:80/Code/Java/Class/Accessingitsenclosinginstancefromaninnerclass.htm,20090531215648
class-accessingouterclassvariables,http://www.java2s.com:80/Code/Java/Class/AccessingOuterClassVariables.htm,20090530113559
class-accessinnerclassfromoutside,http://www.java2s.com:80/Code/Java/Class/Accessinnerclassfromoutside.htm,20090531214942
class-achangeablewrapperclass,http://www.java2s.com:80/Code/Java/Class/Achangeablewrapperclass.htm,20090504072712
class-acloningexample,http://www.java2s.com:80/Code/Java/Class/ACloningExample.htm,20081009024409
class-acollectionofutilitiestoworkaroundlimitationsofjavacloneframework,http://java2s.com/Code/Java/Class/AcollectionofutilitiestoworkaroundlimitationsofJavacloneframework.htm,20100212194927
class-acompanionclasstomodifyimmutableobjects,http://www.java2s.com:80/Code/Java/Class/Acompanionclasstomodifyimmutableobjects.htm,20090504072113
class-aconstructorforcopyinganobjectofthesame,http://www.java2s.com:80/Code/Java/Class/Aconstructorforcopyinganobjectofthesame.htm,20081006161213
class-anamedinnerclassisusedto,http://www.java2s.com:80/Code/Java/Class/Anamedinnerclassisusedto.htm,20090106051326
class-anexampleofasimpleanonymousclass,http://www.java2s.com:80/Code/Java/Class/anexampleofasimpleanonymousclass.htm,20090530094024
class-aninnerclasscannotbeoverridenlikeamethod,http://www.java2s.com:80/Code/Java/Class/Aninnerclasscannotbeoverridenlikeamethod.htm,20090106053452
(thin),http://www.java2s.com:80/Code/Java/Class/Anonymous-class.htm,20081219032934
(thin),https://www.java2s.com/Code/Java/Class/Anonymous-class.html,20260515233721
class-anonymousinnerclass,http://www.java2s.com:80/Code/Java/Class/Anonymousinnerclass.htm,20090531211831
class-arraysareautomaticallycloneable,http://www.java2s.com:80/Code/Java/Class/Arraysareautomaticallycloneable.htm,20090531214947
class-arraytostring,http://www.java2s.com:80/Code/Java/Class/ArrayToString.htm,20091030211153
class-blankfinalfields,http://www.java2s.com:80/Code/Java/Class/Blankfinalfields.htm,20090602122454
class-callingconstructorswiththis,http://www.java2s.com:80/Code/Java/Class/Callingconstructorswiththis.htm,20090903024258
(thin),http://www.java2s.com:80/Code/Java/Class/Canyoucallastaticmethodofanabstractclass.htm,20090106092735
class-checkingtoseeifareferencecanbecloned,http://www.java2s.com:80/Code/Java/Class/Checkingtoseeifareferencecanbecloned.htm,20081009143436
(thin),http://www.java2s.com:80/Code/Java/Class/class-cast.htm,20081004031839
(thin),https://www.java2s.com/Code/Java/Class/class-cast.html,20260514010732
(thin),http://www.java2s.com:80/Code/Java/Class/class-object.htm,20081219092122
(thin),https://www.java2s.com/Code/Java/Class/class-object.html,20260514012722
(thin),http://www.java2s.com:80/Code/Java/Class/ClassCastingDemo.htm,20081004030026
class-classisdeclaredtobecloneable,http://www.java2s.com:80/Code/Java/Class/Classisdeclaredtobecloneable.htm,20090531214952
(thin),http://www.java2s.com:80/Code/Java/Class/Classpath.htm,20090530113427
(thin),https://www.java2s.com/Code/Java/Class/Classpath.html,20260513121651
class-cleanupandinheritance,http://www.java2s.com:80/Code/Java/Class/Cleanupandinheritance.htm,20081230140531
(thin),http://www.java2s.com:80/Code/Java/Class/Clone.htm,20081009024415
class-clone,https://www.java2s.com/Code/Java/Class/Clone.html,20260519155214
class-cloneanobjectwithclonemethodfromparent,http://www.java2s.com:80/Code/Java/Class/Cloneanobjectwithclonemethodfromparent.htm,20090531215653
(thin),http://www.java2s.com:80/Code/Java/Class/Clonedemo.htm,20081009150820
class-cloneobjects,http://www.java2s.com:80/Code/Java/Class/Cloneobjects.htm,20090531211836
class-cloneviaserialization,http://java2s.com/Code/Java/Class/CloneViaSerialization.htm,20100212195215
class-cloningacomposedobject,http://www.java2s.com:80/Code/Java/Class/Cloningacomposedobject.htm,20081009143441
class-combiningcompositionandinheritance,http://www.java2s.com:80/Code/Java/Class/Combiningcompositionandinheritance.htm,20081230140536
class-comparestwoobjectsforequalitywhereeitheroneorbothobjectsmaybenull,http://www.java2s.com:80/Code/Java/Class/Comparestwoobjectsforequalitywhereeitheroneorbothobjectsmaybenull.htm,20091120142400
class-comparingobjectvaluesusinghashcodes,http://java2s.com/Code/Java/Class/ComparingObjectValuesUsingHashCodes.htm,20100206154041
(thin),http://www.java2s.com:80/Code/Java/Class/CompilerwillgenerateasyntheticconstructorsinceSyntheticConstructorisprivate.htm,20081229045609
class-compositionforcodereuse,http://www.java2s.com:80/Code/Java/Class/Compositionforcodereuse.htm,20081230140541
class-compositionwithpublicobjects,http://www.java2s.com:80/Code/Java/Class/Compositionwithpublicobjects.htm,20090412153925
(thin),http://www.java2s.com:80/Code/Java/Class/Constructor.htm,20081014093508
(thin),https://www.java2s.com/Code/Java/Class/Constructor.html,20260516081347
class-constructorcallsduringinheritance,http://www.java2s.com:80/Code/Java/Class/Constructorcallsduringinheritance.htm,20081006161218
class-constructorinitializationwithcomposition,http://www.java2s.com:80/Code/Java/Class/Constructorinitializationwithcomposition.htm,20081006161223
class-constructorsandpolymorphismdontproducewhatyoumightexpect,http://www.java2s.com:80/Code/Java/Class/Constructorsandpolymorphismdontproducewhatyoumightexpect.htm,20081006161229
class-constructorscanhavearguments,http://www.java2s.com:80/Code/Java/Class/Constructorscanhavearguments.htm,20081006161234
(thin),http://www.java2s.com:80/Code/Java/Class/Constructsprettystringrepresentationofobjectvalue.htm,20091030212831
class-createanewinstanceofaclassbycallingaconstructorwitharguments,http://java2s.com/Code/Java/Class/Createanewinstanceofaclassbycallingaconstructorwitharguments.htm,20100206183330
class-createasingletonobject,http://www.java2s.com:80/Code/Java/Class/CreateaSingletonObject.htm,20090530095635
(thin),http://www.java2s.com:80/Code/Java/Class/CreateObjectDemo.htm,20090602102357
class-creatingaconstructorforananonymousinnerclass,http://www.java2s.com:80/Code/Java/Class/Creatingaconstructorforananonymousinnerclass.htm,20090106045121
class-creatingadeepcopy,http://www.java2s.com:80/Code/Java/Class/CreatingaDeepCopy.htm,20081009150825
class-creatinginnerclasses,http://www.java2s.com:80/Code/Java/Class/Creatinginnerclasses.htm,20090106230535
class-creatinginstancesofinnerclasses,http://www.java2s.com:80/Code/Java/Class/Creatinginstancesofinnerclasses.htm,20090106213214
class-creatinglocalcopieswithclone,http://www.java2s.com:80/Code/Java/Class/Creatinglocalcopieswithclone.htm,20081009143446
class-declaringvariables,http://www.java2s.com:80/Code/Java/Class/DeclaringVariables.htm,20090530095922
class-deepcloneobject,http://java2s.com/Code/Java/Class/DeepcloneObject.htm,20100208014149
class-deepcloneserializingdeserializngclone,http://java2s.com/Code/Java/Class/DeepcloneserializingdeserializngClone.htm,20100212195257
class-deepcopiesthevaluesfromoneobjecttotheother,http://www.java2s.com:80/Code/Java/Class/Deepcopiesthevaluesfromoneobjecttotheother.htm,20111014030733
class-deepcopytest,http://www.java2s.com:80/Code/Java/Class/DeepCopyTest.htm,20081009143451
(thin),http://www.java2s.com:80/Code/Java/Class/DemonstrateanInnerChildclass.htm,20090106100108
class-demonstratesimpleinnerclass,http://www.java2s.com:80/Code/Java/Class/Demonstratesimpleinnerclass.htm,20090106044341
class-demonstratesreferenceobjects,http://www.java2s.com:80/Code/Java/Class/DemonstratesReferenceobjects.htm,20090503021238
class-demonstratesthetransientkeyword,http://www.java2s.com:80/Code/Java/Class/Demonstratesthetransientkeyword.htm,20090530054753
(thin),http://java2s.com:80/Code/Java/Class/DemonstratetoStringwithoutanoverride.htm,20090125214615
class-demonstrationofasimpleconstructor,http://www.java2s.com:80/Code/Java/Class/Demonstrationofasimpleconstructor.htm,20081006161240
class-demonstrationofbothconstructorandordinarymethodoverloading,http://www.java2s.com:80/Code/Java/Class/Demonstrationofbothconstructorandordinarymethodoverloading.htm,20090531122122
(thin),http://www.java2s.com:80/Code/Java/Class/Demonstrationofcloning.htm,20081009150830
(thin),http://www.java2s.com:80/Code/Java/Class/Demonstrationofoverridingfields.htm,20090531122127
class-demotionofprimitivesandoverloading,http://www.java2s.com:80/Code/Java/Class/Demotionofprimitivesandoverloading.htm,20090531215003
class-downcastingandruntimetypeidentificationrtti,http://www.java2s.com:80/Code/Java/Class/DowncastingandRunTimeTypeIdentificationRTTI.htm,20081004144411
(thin),http://www.java2s.com:80/Code/Java/Class/Equals.htm,20081219032939
(thin),https://www.java2s.com/Code/Java/Class/Equals.html,20260508152137
class-equalsequalmethod,http://www.java2s.com:80/Code/Java/Class/EqualsEqualMethod.htm,20090530094149
class-equalsmethod,http://www.java2s.com:80/Code/Java/Class/EqualsMethod.htm,20090531101446
class-equivalence,http://www.java2s.com:80/Code/Java/Class/Equivalence.htm,20090530100136
class-equivalenceclassset,http://www.java2s.com:80/Code/Java/Class/EquivalenceClassSet.htm,20091120143017
class-examinationofthewaytheclassloaderworks,http://www.java2s.com:80/Code/Java/Class/Examinationofthewaytheclassloaderworks.htm,20090504072510
(thin),http://www.java2s.com:80/Code/Java/Class/Experimentwithfinalargstofunctions.htm,20090531211314
class-explicitstaticinitializationwiththestaticclause,http://www.java2s.com:80/Code/Java/Class/Explicitstaticinitializationwiththestaticclause.htm,20090602110626
class-extendinganinterfacewithinheritance,http://www.java2s.com:80/Code/Java/Class/Extendinganinterfacewithinheritance.htm,20081230150644
(thin),http://www.java2s.com:80/Code/Java/Class/Fields.htm,20081219083355
(thin),https://www.java2s.com/Code/Java/Class/Fields.html,20260512030435
(thin),http://www.java2s.com:80/Code/Java/Class/Final.htm,20081014093513
(thin),https://www.java2s.com/Code/Java/Class/Final.html,20260519090824
class-getclasspathusingsystemclass,http://www.java2s.com:80/Code/Java/Class/GetclasspathusingSystemclass.htm,20090602123343
class-getsthetostringofanobjectreturninganemptystringifnullinput,http://www.java2s.com:80/Code/Java/Class/GetsthetoStringofanObjectreturninganemptystringifnullinput.htm,20091030210731
class-getsthetostringthatwouldbeproducedbyobjectifaclassdidnotoverridetostringit,http://www.java2s.com:80/Code/Java/Class/GetsthetoStringthatwouldbeproducedbyObjectifaclassdidnotoverridetoStringitself.htm,20091030195321
class-gettheidentityhashcodes,http://java2s.com/Code/Java/Class/Gettheidentityhashcodes.htm,20100206154115
class-gothroughafewgyrationstoaddcloningtoyourownclass,http://www.java2s.com:80/Code/Java/Class/Gothroughafewgyrationstoaddcloningtoyourownclass.htm,20081009143456
(thin),http://www.java2s.com:80/Code/Java/Class/hashCode.htm,20090628004126
(thin),https://www.java2s.com/Code/Java/Class/hashCode.html,20260510030830
class-holdsasequenceofobjects,http://www.java2s.com:80/Code/Java/Class/HoldsasequenceofObjects.htm,20090106041542
class-ifthegivenobjectsareequal,http://www.java2s.com:80/Code/Java/Class/Ifthegivenobjectsareequal.htm,20091118092245
class-implementsapoolofinternalizedobjects,http://java2s.com/Code/Java/Class/Implementsapoolofinternalizedobjects.htm,20100212194755
(thin),http://www.java2s.com:80/Code/Java/Class/Inheritance-Composition.htm,20081014093518
(thin),https://www.java2s.com/Code/Java/Class/Inheritance-Composition.html,20260518001601
class-inheritanceconstructorsandarguments,http://www.java2s.com:80/Code/Java/Class/Inheritanceconstructorsandarguments.htm,20081230140546
class-inheritancesyntaxandproperties,http://www.java2s.com:80/Code/Java/Class/Inheritancesyntaxandproperties.htm,20081230020947
class-inheritinganinnerclass,http://www.java2s.com:80/Code/Java/Class/Inheritinganinnerclass.htm,20081230145233
(thin),http://www.java2s.com:80/Code/Java/Class/Initialization-block.htm,20081219193221
class-initializationblockdemo,http://java2s.com/Code/Java/Class/InitializationblockDemo.htm,20100213071231
class-initializationorder,http://java2s.com/Code/Java/Class/Initializationorder.htm,20100213071200
class-inner-class,http://www.java2s.com:80/Code/Java/Class/Inner-Class.htm,20081014093523
class-inner-class-2,https://www.java2s.com/Code/Java/Class/Inner-Class.html,20260521045858
class-itonlylookslikeyoucanoverrideaprivateorprivatefinalmethod,http://www.java2s.com:80/Code/Java/Class/Itonlylookslikeyoucanoverrideaprivateorprivatefinalmethod.htm,20081201072023
class-javafinalvariableoncecreatedandinitializeditsvaluecannotbechanged,http://www.java2s.com:80/Code/Java/Class/JavaFinalvariableOncecreatedandinitializeditsvaluecannotbechanged.htm,20090602122459
class-javainstanceinitialization,http://java2s.com/Code/Java/Class/JavaInstanceInitialization.htm,20100213071107
class-javastaticmembervariableexample,http://www.java2s.com:80/Code/Java/Class/Javastaticmembervariableexample.htm,20090602102402
class-javastaticmethod,http://www.java2s.com:80/Code/Java/Class/Javastaticmethod.htm,20090602121547
class-justtoshowthatthereisnosuchthingasinnermethodsinjava,http://www.java2s.com:80/Code/Java/Class/JusttoshowthatthereisnosuchthingasinnermethodsinJava.htm,20090106043637
class-lookupclasspathfiles,http://java2s.com/Code/Java/Class/LookupClasspathFiles.htm,20111125091412
(thin),http://www.java2s.com:80/Code/Java/Class/main.htm,20081014075608
(thin),https://www.java2s.com/Code/Java/Class/main.html,20260516024659
(thin),http://www.java2s.com:80/Code/Java/Class/Mainmethod.htm,20081014080413
class-makinganentireclassfinal,http://www.java2s.com:80/Code/Java/Class/Makinganentireclassfinal.htm,20090602102407
class-manipulatepropertiesaftercloneoperation,http://java2s.com/Code/Java/Class/Manipulatepropertiesaftercloneoperation.htm,20100212194957
(thin),http://www.java2s.com:80/Code/Java/Class/Methodoverridedemo.htm,20081201071625
class-methodpointer,http://www.java2s.com:80/Code/Java/Class/MethodPointer.htm,20081206192244
(thin),http://www.java2s.com:80/Code/Java/Class/Methods.htm,20081219092117
(thin),https://www.java2s.com/Code/Java/Class/Methods.html,20260518162148
class-nestedclassescanaccessallmembersofalllevelsoftheclassestheyarenestedwithin,http://www.java2s.com:80/Code/Java/Class/Nestedclassescanaccessallmembersofalllevelsoftheclassestheyarenestedwithin.htm,20090106160637
class-nestedclassstatic,http://www.java2s.com:80/Code/Java/Class/NestedClassStatic.htm,20090107020359
class-nestingaclasswithinascope,http://www.java2s.com:80/Code/Java/Class/Nestingaclasswithinascope.htm,20090106041547
class-nullsafetostring,http://www.java2s.com:80/Code/Java/Class/NullSafeToString.htm,20091030211159
class-objectdeepcopy,http://www.java2s.com:80/Code/Java/Class/ObjectDeepcopy.htm,20111014011125
class-objectsthatcannotbemodifiedareimmunetoaliasing,http://www.java2s.com:80/Code/Java/Class/Objectsthatcannotbemodifiedareimmunetoaliasing.htm,20090504071927
class-orderofconstructorcalls,http://www.java2s.com:80/Code/Java/Class/Orderofconstructorcalls.htm,20081006161245
class-overloadedconstructor,http://www.java2s.com:80/Code/Java/Class/Overloadedconstructor.htm,20090530094200
class-overloadedmethod,http://www.java2s.com:80/Code/Java/Class/Overloadedmethod.htm,20090531123156
(thin),http://www.java2s.com:80/Code/Java/Class/Overloading.htm,20081219060349
(thin),https://www.java2s.com/Code/Java/Class/Overloading.html,20260510105513
class-overloadingabaseclassmethodnameinaderivedclassdoesnothidethebaseclassversi,http://www.java2s.com:80/Code/Java/Class/Overloadingabaseclassmethodnameinaderivedclassdoesnothidethebaseclassversions.htm,20090327130642
class-overloadingbasedontheorderofthearguments,http://www.java2s.com:80/Code/Java/Class/Overloadingbasedontheorderofthearguments.htm,20090531123200
(thin),http://www.java2s.com:80/Code/Java/Class/Override-Polymorphism.htm,20081201072028
(thin),https://www.java2s.com/Code/Java/Class/Override-Polymorphism.html,20260513184004
class-overrideshape,http://www.java2s.com:80/Code/Java/Class/OverrideShape.htm,20081201073549
class-passingobjectstomethodsmaynotbewhatyoureusedto,http://www.java2s.com:80/Code/Java/Class/Passingobjectstomethodsmaynotbewhatyoureusedto.htm,20090504072516
class-payingattentiontoexceptionsinconstructors,http://www.java2s.com:80/Code/Java/Class/Payingattentiontoexceptionsinconstructors.htm,20081006032356
class-polymorphisminjava,http://www.java2s.com:80/Code/Java/Class/PolymorphisminJava.htm,20081201082155
class-promotionofprimitivesandoverloading,http://www.java2s.com:80/Code/Java/Class/Promotionofprimitivesandoverloading.htm,20090531123205
class-properinheritanceofaninnerclass,http://www.java2s.com:80/Code/Java/Class/Properinheritanceofaninnerclass.htm,20081230140552
class-puttingtestcodeinanestedclass,http://www.java2s.com:80/Code/Java/Class/Puttingtestcodeinanestedclass.htm,20090106075801
class-reflectionbasedtostringutilities,http://www.java2s.com:80/Code/Java/Class/ReflectionbasedtoStringutilities.htm,20090531211841
class-returningareferencetoaninnerclass,http://www.java2s.com:80/Code/Java/Class/Returningareferencetoaninnerclass.htm,20090106013349
class-returnsacopyoftheobjectornulliftheobjectcannotbeserialized,http://www.java2s.com:80/Code/Java/Class/Returnsacopyoftheobjectornulliftheobjectcannotbeserialized.htm,20111013063840
(thin),http://www.java2s.com:80/Code/Java/Class/Returnsareferencetoafilewiththespecifiednamethatislocatedsomewhereontheclasspath.htm,20091124095810
class-serializableandclone,http://www.java2s.com:80/Code/Java/Class/Serializableandclone.htm,20081009143501
class-serializableclone,http://java2s.com/Code/Java/Class/SerializableClone.htm,20100212194924
class-shallowcopytest,http://www.java2s.com:80/Code/Java/Class/ShallowCopyTest.htm,20081009143506
class-sharedarray,http://java2s.com/Code/Java/Class/Sharedarray.htm,20100213071226
(thin),http://www.java2s.com:80/Code/Java/Class/Showaclassthathasamethodandafieldwiththesamename.htm,20081206194658
(thin),http://www.java2s.com:80/Code/Java/Class/ShowConstructorsconflicting.htm,20081006164352
(thin),http://www.java2s.com:80/Code/Java/Class/Showthatifyourclasshasnoconstructorsyoursuperclassconstructorsstillgetcalled.htm,20081006161250
(thin),http://java2s.com/Code/Java/Class/Showthatyoucanthavestaticvariablesinamethod.htm,20100212211328
(thin),http://www.java2s.com:80/Code/Java/Class/Showthatyoudoinheritstaticfields.htm,20090531211846
(thin),http://www.java2s.com:80/Code/Java/Class/ShowToStringdemoprogramtoshowdefaulttoStringmethods.htm,20090531123215
(thin),http://www.java2s.com:80/Code/Java/Class/SimpledemoofavoidingsideeffectsbyusingObjectclone.htm,20081009143511
class-simpleuseofthethiskeyword,http://www.java2s.com:80/Code/Java/Class/Simpleuseofthethiskeyword.htm,20090530095650
class-specifyinginitialvaluesinaclassdefinition,http://www.java2s.com:80/Code/Java/Class/Specifyinginitialvaluesinaclassdefinition.htm,20090530094010
(thin),http://www.java2s.com:80/Code/Java/Class/Static.htm,20081219040851
(thin),https://www.java2s.com/Code/Java/Class/Static.html,20260516234604
class-staticfieldconstructorandexception,http://www.java2s.com:80/Code/Java/Class/Staticfieldconstructorandexception.htm,20090602111630
(thin),http://www.java2s.com:80/Code/Java/Class/StaticInitDemo.htm,20090602121553
class-staticinitializationblock,http://java2s.com/Code/Java/Class/staticInitializationblock.htm,20100213071119
class-staticinnerclass,http://www.java2s.com:80/Code/Java/Class/StaticInnerClass.htm,20090106043645
(thin),http://www.java2s.com:80/Code/Java/Class/Sub-Class.htm,20081014093528
(thin),https://www.java2s.com/Code/Java/Class/Sub-Class.html,20260513130737
class-subclassdefinition,http://www.java2s.com:80/Code/Java/Class/Subclassdefinition.htm,20081026080013
class-testscloningtoseeifdestinationofreferencesarealsocloned,http://www.java2s.com:80/Code/Java/Class/Testscloningtoseeifdestinationofreferencesarealsocloned.htm,20081009143516
class-testtheequalityoftwoobjectarrays,http://www.java2s.com:80/Code/Java/Class/Testtheequalityoftwoobjectarrays.htm,20091120144733
class-thecloneoperationworksforonlyafewitemsinthestandardjavalibrary,http://www.java2s.com:80/Code/Java/Class/ThecloneoperationworksforonlyafewitemsinthestandardJavalibrary.htm,20081009143521
class-theeffectoffinalonfields,http://www.java2s.com:80/Code/Java/Class/Theeffectoffinalonfields.htm,20090531211320
class-thefullprocessofinitialization,http://www.java2s.com:80/Code/Java/Class/Thefullprocessofinitialization.htm,20090531085254
class-theprotectedkeyword,http://www.java2s.com:80/Code/Java/Class/Theprotectedkeyword.htm,20090411121732
(thin),http://www.java2s.com:80/Code/Java/Class/This.htm,20081219040856
(thin),https://www.java2s.com/Code/Java/Class/This.html,20260511030919
(thin),http://www.java2s.com:80/Code/Java/Class/Thisfileistoshowwhathappensifyoutrytoaccessaninnerclasscreatedinanotherclass.htm,20090107004739
class-thisprogramdemonstratesabstractclasses,http://java2s.com:80/Code/Java/Class/Thisprogramdemonstratesabstractclasses.htm,20111010001304
class-thisprogramdemonstratesanonymousinnerclasses,http://www.java2s.com:80/Code/Java/Class/Thisprogramdemonstratesanonymousinnerclasses.htm,20111001034821
class-thisprogramdemonstratescloning,http://www.java2s.com:80/Code/Java/Class/Thisprogramdemonstratescloning.htm,20111014030743
class-thisprogramdemonstratesinheritance,http://java2s.com/Code/Java/Class/Thisprogramdemonstratesinheritance.htm,20111124232313
class-thisprogramdemonstratesobjectconstruction,http://www.java2s.com:80/Code/Java/Class/Thisprogramdemonstratesobjectconstruction.htm,20111023065227
class-thisprogramdemonstratesparameterpassinginjava,http://java2s.com/Code/Java/Class/ThisprogramdemonstratesparameterpassinginJava.htm,20111125103302
class-thisprogramdemonstratesstaticmethods,http://java2s.com/Code/Java/Class/Thisprogramdemonstratesstaticmethods.htm,20111125063925
class-thisprogramdemonstratestheequalsmethod,http://java2s.com/Code/Java/Class/Thisprogramdemonstratestheequalsmethod.htm,20111124201222
class-thisprogramdemonstratestheuseofinnerclasses,http://www.java2s.com:80/Code/Java/Class/Thisprogramdemonstratestheuseofinnerclasses.htm,20111102081958
class-thisprogramdemonstratestheuseoflocalinnerclasses,http://www.java2s.com:80/Code/Java/Class/Thisprogramdemonstratestheuseoflocalinnerclasses.htm,20111102043617
class-thisprogramdemonstratestheuseofstaticinnerclasses,http://www.java2s.com:80/Code/Java/Class/Thisprogramdemonstratestheuseofstaticinnerclasses.htm,20111102044837
class-thisprogramteststheemployeeclass,http://www.java2s.com:80/Code/Java/Class/ThisprogramteststheEmployeeclass.htm,20111023000025
(thin),http://www.java2s.com:80/Code/Java/Class/Thisshowsofftheusesofthis.htm,20090531211324
class-ticktockwithananonymousclass,http://www.java2s.com:80/Code/Java/Class/TickTockwithanAnonymousClass.htm,20090531215018
(thin),http://java2s.com/Code/Java/Class/Toshowthatcertainthingsreallymustbeinitialized.htm,20100213071134
(thin),http://www.java2s.com:80/Code/Java/Class/toString.htm,20081219032949
(thin),https://www.java2s.com/Code/Java/Class/toString.html,20260518162325
(thin),http://www.java2s.com:80/Code/Java/Class/ToStringDemo.htm,20090530104051
(thin),http://www.java2s.com:80/Code/Java/Class/ToStringdemoprogramtoshowatoStringmethod.htm,20090531211851
class-tostringobjectarray,http://www.java2s.com:80/Code/Java/Class/toStringObjectarray.htm,20091030212836
(thin),http://www.java2s.com:80/Code/Java/Class/Transient.htm,20081219032944
(thin),https://www.java2s.com/Code/Java/Class/Transient.html,20260517031141
class-useagenerictostring,http://www.java2s.com:80/Code/Java/Class/UseagenerictoString.htm,20090531211331
class-usesserializationtoperformdeepcopycloning,http://www.java2s.com:80/Code/Java/Class/Usesserializationtoperformdeepcopycloning.htm,20090531211856
class-usingfinalwithmethodarguments,http://www.java2s.com:80/Code/Java/Class/Usingfinalwithmethodarguments.htm,20090602121557
class-usinginnerclassesforcallbacks,http://www.java2s.com:80/Code/Java/Class/Usinginnerclassesforcallbacks.htm,20090106050630
class-usingstaticvariables,http://www.java2s.com:80/Code/Java/Class/UsingStaticVariables.htm,20090531211334
class-utilityforobjectcloning,http://java2s.com/Code/Java/Class/Utilityforobjectcloning.htm,20100212194911
(thin),http://www.java2s.com:80/Code/Java/Class/Visibility.htm,20090412153930
class-withconcreteorabstractclassesinnerclassesaretheonlywaytoproducetheeffect,http://www.java2s.com:80/Code/Java/Class/Withconcreteorabstractclassesinnerclassesaretheonlywaytoproducetheeffect.htm,20090106012414
class-youcaninsertcloneabilityatanylevelofinheritance,http://www.java2s.com:80/Code/Java/Class/YoucaninsertCloneabilityatanylevelofinheritance.htm,20081009150835
data-type-abbreviatesastringusingellipses,http://java2s.com/Code/Java/Data-Type/AbbreviatesaStringusingellipses.htm,20100214082950
data-type-abbreviatesastringusingellipsesinbothsides,http://java2s.com/Code/Java/Data-Type/AbbreviatesaStringusingellipsesinbothsides.htm,20100214083837
data-type-abbreviatestring,http://java2s.com/Code/Java/Data-Type/Abbreviatestring.htm,20100214083638
data-type-aclasstorepresentcomplexnumbers,http://www.java2s.com:80/Code/Java/Data-Type/AclasstorepresentComplexNumbers.htm,20090426054811
(thin),http://www.java2s.com:80/Code/Java/Data-Type/Acustomnumberformatterthatformatsnumbersashexadecimalstrings.htm,20091129091524
data-type-addampmtotimeusingsimpledateformat,http://www.java2s.com:80/Code/Java/Data-Type/AddAMPMtotimeusingSimpleDateFormat.htm,20090516003608
data-type-adddelimiterstoastring,http://java2s.com/Code/Java/Data-Type/Adddelimiterstoastring.htm,20111125121433
data-type-addleadingzeroestoanumber,http://www.java2s.com:80/Code/Java/Data-Type/Addleadingzeroestoanumber.htm,20091129091529
data-type-addsanumberofdaystoadatereturninganewobject,http://www.java2s.com:80/Code/Java/Data-Type/Addsanumberofdaystoadatereturninganewobject.htm,20091030214224
data-type-addsanumberofhourstoadatereturninganewobject,http://www.java2s.com:80/Code/Java/Data-Type/Addsanumberofhourstoadatereturninganewobject.htm,20091030210751
data-type-addsanumberofmillisecondstoadatereturninganewobject,http://www.java2s.com:80/Code/Java/Data-Type/Addsanumberofmillisecondstoadatereturninganewobject.htm,20091030211208
data-type-addsanumberofminutestoadatereturninganewobject,http://www.java2s.com:80/Code/Java/Data-Type/Addsanumberofminutestoadatereturninganewobject.htm,20091030212354
data-type-addsanumberofmonthstoadatereturninganewobject,http://www.java2s.com:80/Code/Java/Data-Type/Addsanumberofmonthstoadatereturninganewobject.htm,20091030212132
data-type-addsanumberofsecondstoadatereturninganewobject,http://www.java2s.com:80/Code/Java/Data-Type/Addsanumberofsecondstoadatereturninganewobject.htm,20091030211624
data-type-addsanumberofweekstoadatereturninganewobject,http://www.java2s.com:80/Code/Java/Data-Type/Addsanumberofweekstoadatereturninganewobject.htm,20091030195331
data-type-addsanumberofyearstoadatereturninganewobject,http://www.java2s.com:80/Code/Java/Data-Type/Addsanumberofyearstoadatereturninganewobject.htm,20091030212359
data-type-addsspacesinsuitablelocationsoftheinputstring,http://java2s.com/Code/Java/Data-Type/Addsspacesinsuitablelocationsoftheinputstring.htm,20100214083500
data-type-addszerostothebeginningofavaluesothatthetotallengthmatchesthegivenprec,http://java2s.com/Code/Java/Data-Type/Addszerostothebeginningofavaluesothatthetotallengthmatchesthegivenprecisionotherwisetrimstherightdigits.htm,20100214082541
data-type-addtwointegerscheckingforoverflow,http://www.java2s.com:80/Code/Java/Data-Type/Addtwointegerscheckingforoverflow.htm,20091107101831
data-type-addtwolongintegerscheckingforoverflow,http://www.java2s.com:80/Code/Java/Data-Type/Addtwolongintegerscheckingforoverflow.htm,20090904105500
data-type-advancednavigationovertheunderlyingstring,http://www.java2s.com:80/Code/Java/Data-Type/Advancednavigationovertheunderlyingstring.htm,20111031023227
data-type-afastwaytoconvertcharacterarraysintostrings,http://www.java2s.com:80/Code/Java/Data-Type/AfastwaytoconvertcharacterarraysintoStrings.htm,20111031021110
(thin),http://www.java2s.com:80/Code/Java/Data-Type/Aformatterthatformatsdatestoshowtheelapsedtimerelativetosomebasedate.htm,20090917154351
data-type-allowtextcontainingmostlyasciicharacterstobedecipherableonanasciitermi,http://www.java2s.com:80/Code/Java/Data-Type/AllowtextcontainingmostlyASCIIcharacterstobedecipherableonanASCIIterminalwithoutdecoding.htm,20091221014805
data-type-allstaticinformationaboutacharacter,http://www.java2s.com:80/Code/Java/Data-Type/Allstaticinformationaboutacharacter.htm,20090124230322
data-type-amethodtogetthecurrentdateasanarrayofcomponents0year1month2day,http://java2s.com/Code/Java/Data-Type/Amethodtogetthecurrentdateasanarrayofcomponents0year1month2day.htm,20111125120615
data-type-amethodtogetthelastdayofamonth,http://www.java2s.com:80/Code/Java/Data-Type/Amethodtogetthelastdayofamonth.htm,20110722180212
data-type-amethodusedtobuildadatefordisplayinlinewithexistingformattingrules,http://java2s.com/Code/Java/Data-Type/Amethodusedtobuildadatefordisplayinlinewithexistingformattingrules.htm,20111125122740
data-type-amethodusedtobuildadateforusemarkerxmlandkmldata,http://java2s.com/Code/Java/Data-Type/AmethodusedtobuildadateforuseMarkerXMLandKMLdata.htm,20111125123828
data-type-amutablebooleanwrapper,http://www.java2s.com:80/Code/Java/Data-Type/Amutablebooleanwrapper.htm,20091215162327
data-type-amutablebytewrapper,http://www.java2s.com:80/Code/Java/Data-Type/Amutablebytewrapper.htm,20091215162545
data-type-amutabledoublewrapper,http://www.java2s.com:80/Code/Java/Data-Type/Amutabledoublewrapper.htm,20091215162550
data-type-amutablefloatwrapper,http://www.java2s.com:80/Code/Java/Data-Type/Amutablefloatwrapper.htm,20091215161737
data-type-amutableintwrapper,http://www.java2s.com:80/Code/Java/Data-Type/Amutableintwrapper.htm,20091215162332
data-type-amutablelongwrapper,http://www.java2s.com:80/Code/Java/Data-Type/Amutablelongwrapper.htm,20091215162555
data-type-amutableshortwrapper,http://www.java2s.com:80/Code/Java/Data-Type/Amutableshortwrapper.htm,20091215164634
data-type-analternatewaytogetweekdayssymbols,http://www.java2s.com:80/Code/Java/Data-Type/Analternatewaytogetweekdayssymbols.htm,20090515191403
data-type-andoperationonbiginteger,http://www.java2s.com:80/Code/Java/Data-Type/andoperationonBigInteger.htm,20090618013139
data-type-anerrorproducedbymanualunboxing,http://www.java2s.com:80/Code/Java/Data-Type/Anerrorproducedbymanualunboxing.htm,20090531101456
data-type-antnotoperationonbiginteger,http://www.java2s.com:80/Code/Java/Data-Type/antNotoperationonBigInteger.htm,20090618013144
(thin),http://www.java2s.com:80/Code/Java/Data-Type/AnumberformatterforlogarithmicvaluesThisformatterdoesnotsupportparsing.htm,20091129093234
data-type-anywhereignorecaseregularexpressions,http://www.java2s.com:80/Code/Java/Data-Type/Anywhereignorecaseregularexpressions.htm,20090531123225
data-type-appendhexdigit,http://www.java2s.com:80/Code/Java/Data-Type/appendhexdigit.htm,20091113022326
data-type-appendsawhitespacenormalizedformofthespecifiedcharactersequenceintothe,http://www.java2s.com:80/Code/Java/Data-Type/Appendsawhitespacenormalizedformofthespecifiedcharactersequenceintothespecifiedstringbuffer.htm,20111031020808
data-type-aprogramthatusesthemathematicalmethodsofthemathclass,http://www.java2s.com:80/Code/Java/Data-Type/AProgramThatUsestheMathematicalMethodsoftheMathClass.htm,20081019004537
data-type-aprogramthatusestheroundingmethodsofthemathclass,http://www.java2s.com:80/Code/Java/Data-Type/AProgramThatUsestheRoundingMethodsoftheMathClass.htm,20081019004542
(thin),http://www.java2s.com:80/Code/Java/Data-Type/Areallhexintegersnegative.htm,20081212204842
data-type-areassignableintegerusableforcounting,http://java2s.com/Code/Java/Data-Type/Areassignableintegerusableforcounting.htm,20111125082809
(thin),http://www.java2s.com:80/Code/Java/Data-Type/ArithmeticDemo.htm,20081201192100
(thin),http://www.java2s.com:80/Code/Java/Data-Type/Asimplecastingdemo.htm,20081020024717
data-type-asimplexmlparserthatstartsparsingrightawayandvalidatesalongtheway,http://java2s.com/Code/Java/Data-Type/AsimpleXMLparserthatstartsparsingrightawayandvalidatesalongtheway.htm,20111125121359
data-type-astringcanbecomparedwithastringbuffer,http://www.java2s.com:80/Code/Java/Data-Type/AstringcanbecomparedwithaStringBuffer.htm,20090526042229
jdk-7-aclattribute,http://java2s.com/Code/Java/JDK-7/ACLAttribute.htm,20130820180619
(thin),http://www.java2s.com:80/Code/Java/JDK-7/Asynchronous-Channel.htm,20130126080706
(thin),https://www.java2s.com/Code/Java/JDK-7/Asynchronous-Channel.html,20260711121801
jdk-7-atomicfilemove,http://www.java2s.com:80/Code/Java/JDK-7/AtomicFileMove.htm,20130111100921
(thin),http://www.java2s.com:80/Code/Java/JDK-7/AtomicLong.htm,20130126084232
(thin),https://www.java2s.com/Code/Java/JDK-7/AtomicLong.html,20260518191159
jdk-7-basicfileattributeview,http://java2s.com/Code/Java/JDK-7/BasicFileAttributeView.htm,20130820181533
(thin),http://www.java2s.com:80/Code/Java/JDK-7/BitSet.htm,20130126080252
(thin),https://www.java2s.com/Code/Java/JDK-7/BitSet.html,20260517033913
jdk-7-borderfactorycreatesoftbevelborderbevelborderlowered,http://www.java2s.com:80/Code/Java/JDK-7/BorderFactorycreateSoftBevelBorderBevelBorderLOWERED.htm,20130223095852
jdk-7-borderfactorycreatesoftbevelborderbevelborderloweredcolorlightgraycoloryel,http://www.java2s.com:80/Code/Java/JDK-7/BorderFactorycreateSoftBevelBorderBevelBorderLOWEREDColorlightGrayColoryellow.htm,20130223095319
jdk-7-catchingmultipleexceptiontypestoimprovetypechecking,http://www.java2s.com:80/Code/Java/JDK-7/Catchingmultipleexceptiontypestoimprovetypechecking.htm,20130313051853
jdk-7-catchingmultipleexceptiontypestoimprovetypehandling,http://www.java2s.com:80/Code/Java/JDK-7/CatchingMultipleExceptionTypesToImproveTypeHandling.htm,20130313054651
jdk-7-catchinvalidpathexception,http://java2s.com/Code/Java/JDK-7/CatchInvalidpathexception.htm,20130821111718
jdk-7-checkexistancewithoutfollowingthesymboliclinks,http://java2s.com/Code/Java/JDK-7/Checkexistancewithoutfollowingthesymboliclinks.htm,20130821060834
jdk-7-checkforthesupportedattribute,http://java2s.com/Code/Java/JDK-7/Checkforthesupportedattribute.htm,20130821021559
jdk-7-combiningpathsusingpathresolution,http://java2s.com/Code/Java/JDK-7/Combiningpathsusingpathresolution.htm,20130821101618
jdk-7-communicationwithasynchronoussocketchannel,http://www.java2s.com:80/Code/Java/JDK-7/CommunicationwithAsynchronousSocketChannel.htm,20130622144858
jdk-7-comparetwopathwithcomparetoandissamefilemethod,http://java2s.com/Code/Java/JDK-7/ComparetwopathwithcompareToandisSameFilemethod.htm,20130821100228
(thin),http://www.java2s.com:80/Code/Java/JDK-7/ConcurrentHashMap.htm,20130126081948
(thin),https://www.java2s.com/Code/Java/JDK-7/ConcurrentHashMap.html,20260514005917
(thin),http://www.java2s.com:80/Code/Java/JDK-7/ConcurrentLinkedDeque.htm,20130126080711
(thin),https://www.java2s.com/Code/Java/JDK-7/ConcurrentLinkedDeque.html,20260516171124
jdk-7-controllingtheprintdialogboxtype,http://java2s.com/Code/Java/JDK-7/Controllingtheprintdialogboxtype.htm,20130820205858
jdk-7-controllingthetypevalueoftheoutparameter,http://www.java2s.com:80/Code/Java/JDK-7/ControllingthetypevalueoftheOUTparameter.htm,20130720010037
jdk-7-convertingarelativepathintoanabsolutepath,http://java2s.com/Code/Java/JDK-7/Convertingarelativepathintoanabsolutepath.htm,20130821051122
jdk-7-convertpathtofile,http://java2s.com/Code/Java/JDK-7/ConvertPathtoFile.htm,20130821065750
jdk-7-convertpathtostring,http://java2s.com/Code/Java/JDK-7/ConvertPathtoString.htm,20130821081533
jdk-7-convertpathtouri,http://java2s.com/Code/Java/JDK-7/ConvertPathtoURI.htm,20130821070125
jdk-7-copydirectory,http://www.java2s.com:80/Code/Java/JDK-7/CopyDirectory.htm,20130111101253
jdk-7-copyingadirectoryusingthesimplefilevisitorclass,http://java2s.com/Code/Java/JDK-7/CopyingadirectoryusingtheSimpleFileVisitorclass.htm,20130821022453
jdk-7-copyingfilewithfilescopymethod,http://www.java2s.com:80/Code/Java/JDK-7/CopyingFilewithFilescopymethod.htm,20130111094755
jdk-7-copyingfromandoutputstream,http://www.java2s.com:80/Code/Java/JDK-7/CopyingFromandOutputStream.htm,20130111095509
jdk-7-copyingfromaninputstream,http://www.java2s.com:80/Code/Java/JDK-7/CopyingfromanInputStream.htm,20130111100539
jdk-7-copyingsymboliclinks,http://www.java2s.com:80/Code/Java/JDK-7/CopyingSymbolicLinks.htm,20130111101259
(thin),http://www.java2s.com:80/Code/Java/JDK-7/CopyOnWriteArrayList.htm,20130126081953
(thin),https://www.java2s.com/Code/Java/JDK-7/CopyOnWriteArrayList.html,20260515135942
jdk-7-createanewfileandsavebytearray,http://www.java2s.com:80/Code/Java/JDK-7/Createanewfileandsavebytearray.htm,20130111100544
jdk-7-createapathfromeachsubfolder,http://java2s.com/Code/Java/JDK-7/Createapathfromeachsubfolder.htm,20130821095911
jdk-7-createbufferedreaderwithdefaultcharset,http://www.java2s.com:80/Code/Java/JDK-7/CreateBufferedReaderwithdefaultcharset.htm,20130111100931
jdk-7-createbufferreaderfromfilesclass,http://www.java2s.com:80/Code/Java/JDK-7/CreateBufferReaderfromFilesclass.htm,20130111100926
jdk-7-createdirectorieswithfilesclass,http://www.java2s.com:80/Code/Java/JDK-7/CreateDirectorieswithFilesclass.htm,20130111101646
jdk-7-createlocalefromlanguage,http://java2s.com/Code/Java/JDK-7/CreateLocalefromLanguage.htm,20130821170442
jdk-7-createlocalewithlocalebuilder,http://java2s.com/Code/Java/JDK-7/CreateLocalewithLocaleBuilder.htm,20130821153903
jdk-7-createnewfileandappendbytearraytoit,http://www.java2s.com:80/Code/Java/JDK-7/Createnewfileandappendbytearraytoit.htm,20130111095514
jdk-7-createpathfromuri,http://java2s.com/Code/Java/JDK-7/CreatePathfromURI.htm,20130821102206
jdk-7-createposixfilepermissionsfromstringrwxrx,http://java2s.com/Code/Java/JDK-7/CreatePosixFilePermissionsfromstringrwxrx.htm,20130820194946
jdk-7-createtempfileanddirectory,http://www.java2s.com:80/Code/Java/JDK-7/Createtempfileanddirectory.htm,20130111100155
jdk-7-creatingapathobjectusingfilesystems,http://java2s.com/Code/Java/JDK-7/CreatingaPathobjectusingFileSystems.htm,20130821052912
jdk-7-creatingaresourcethatcanbeusedwiththetrywithresourcestechnique,http://java2s.com/Code/Java/JDK-7/Creatingaresourcethatcanbeusedwiththetrywithresourcestechnique.htm,20130821074932
jdk-7-creatingavaryinggradienttranslucentwindow,http://www.java2s.com:80/Code/Java/JDK-7/Creatingavaryinggradienttranslucentwindow.htm,20130223220141
jdk-7-creatingfilepath,http://www.java2s.com:80/Code/Java/JDK-7/CreatingFilePath.htm,20130111101304
jdk-7-creatingnewfilewithfilesclass,http://www.java2s.com:80/Code/Java/JDK-7/CreatingnewfilewithFilesclass.htm,20130111101651
(thin),http://www.java2s.com:80/Code/Java/JDK-7/Currency.htm,20130126085054
(thin),http://www.java2s.com:80/Code/Java/JDK-7/Database.htm,20130126080716
(thin),https://www.java2s.com/Code/Java/JDK-7/Database.html,20260513043234
(thin),http://www.java2s.com:80/Code/Java/JDK-7/DatagramChannel.htm,20130126081958
(thin),https://www.java2s.com/Code/Java/JDK-7/DatagramChannel.html,20260521135906
(thin),http://www.java2s.com:80/Code/Java/JDK-7/Date-Time.htm,20130126085533
(thin),https://www.java2s.com/Code/Java/JDK-7/Date-Time.html,20260517082847
jdk-7-deleteafilewithfilesandpaths,http://www.java2s.com:80/Code/Java/JDK-7/DeleteafilewithFilesandPaths.htm,20130111095519
jdk-7-deleteafilewithfilesclass,http://www.java2s.com:80/Code/Java/JDK-7/DeleteafilewithFilesclass.htm,20130111095155
jdk-7-deleteapathwithfilesdelete,http://www.java2s.com:80/Code/Java/JDK-7/DeleteaPathwithFilesdelete.htm,20130111100549
jdk-7-deletingadirectoryusingthesimplefilevisitorclass,http://java2s.com/Code/Java/JDK-7/DeletingadirectoryusingtheSimpleFileVisitorclass.htm,20130820232724
jdk-7-deletingfilepath,http://www.java2s.com:80/Code/Java/JDK-7/DeletingFilePath.htm,20130111100200
jdk-7-determiningoperatingsystemsupportforattributeviews,http://www.java2s.com:80/Code/Java/JDK-7/Determiningoperatingsystemsupportforattributeviews.htm,20130111101309
jdk-7-determiningwhethertwopathsareequivalentwithequalsmethod,http://java2s.com/Code/Java/JDK-7/Determiningwhethertwopathsareequivalentwithequalsmethod.htm,20130821095438
(thin),http://www.java2s.com:80/Code/Java/JDK-7/Diamond-Operator.htm,20130126085059
(thin),https://www.java2s.com/Code/Java/JDK-7/Diamond-Operator.html,20260510084523
(thin),http://www.java2s.com:80/Code/Java/JDK-7/DirectoryStream.htm,20130126075558
(thin),https://www.java2s.com/Code/Java/JDK-7/DirectoryStream.html,20260710144056
jdk-7-dosfileattributeview,http://java2s.com/Code/Java/JDK-7/DosFileAttributeView.htm,20130820210427
(thin),http://www.java2s.com:80/Code/Java/JDK-7/Exception-Catch.htm,20130126075926
(thin),https://www.java2s.com/Code/Java/JDK-7/Exception-Catch.html,20260711112519
(thin),http://www.java2s.com:80/Code/Java/JDK-7/ExtendedSSLSession.htm,20130126082003
(thin),https://www.java2s.com/Code/Java/JDK-7/ExtendedSSLSession.html,20260514045545
(thin),http://www.java2s.com:80/Code/Java/JDK-7/File-Attribute.htm,20130126083300
(thin),https://www.java2s.com/Code/Java/JDK-7/File-Attribute.html,20260517113637
(thin),http://www.java2s.com:80/Code/Java/JDK-7/File-Operation.htm,20130108212431
(thin),https://www.java2s.com/Code/Java/JDK-7/File-Operation.html,20260508151423
jdk-7-fileinformation,http://www.java2s.com:80/Code/Java/JDK-7/FileInformation.htm,20130111101656
jdk-7-filemetadataanddosfileattributeview,http://java2s.com/Code/Java/JDK-7/FilemetadataandDosFileAttributeView.htm,20130820180537
(thin),http://www.java2s.com:80/Code/Java/JDK-7/Files.htm,20130108212218
(thin),https://www.java2s.com/Code/Java/JDK-7/Files.html,20260516060656
(thin),http://www.java2s.com:80/Code/Java/JDK-7/FileStore.htm,20130126081036
(thin),https://www.java2s.com/Code/Java/JDK-7/FileStore.html,20260512130043
(thin),http://www.java2s.com:80/Code/Java/JDK-7/FileSystem.htm,20130108211330
(thin),https://www.java2s.com/Code/Java/JDK-7/FileSystem.html,20260513161218
jdk-7-filteringadirectoryusingglobbing,http://www.java2s.com:80/Code/Java/JDK-7/Filteringadirectoryusingglobbing.htm,20130111094800
jdk-7-floatnumberandunderscoreliteral,http://java2s.com/Code/Java/JDK-7/Floatnumberandunderscoreliteral.htm,20130820210649
jdk-7-formatcurrency,http://www.java2s.com:80/Code/Java/JDK-7/Formatcurrency.htm,20130315051019
jdk-7-getabsolutepath,http://java2s.com/Code/Java/JDK-7/Getabsolutepath.htm,20130821091221
jdk-7-getabsolutepathfromagivenpath,http://java2s.com/Code/Java/JDK-7/GetabsolutepathfromagivenPath.htm,20130821104023
jdk-7-getdirectorystreamfromapathwithfilenamematcher,http://java2s.com/Code/Java/JDK-7/GetDirectoryStreamfromaPathwithfilenamematcher.htm,20130821080551
jdk-7-getfilecontenttype,http://java2s.com/Code/Java/JDK-7/GetfileContentType.htm,20130821094750
jdk-7-getfilelastmodifiedtimeforapathobjectbyusingfilesclass,http://www.java2s.com:80/Code/Java/JDK-7/GetfilelastmodifiedtimeforapathobjectbyusingFilesclass.htm,20130111100555
jdk-7-getfilenamefrompathobject,http://java2s.com/Code/Java/JDK-7/GetfilenamefromPathobject.htm,20130821074710
jdk-7-getobservesdaylighttimefromsimpletimezone,http://www.java2s.com:80/Code/Java/JDK-7/GetobservesDaylightTimefromSimpleTimeZone.htm,20130216014212
jdk-7-getowner,http://java2s.com/Code/Java/JDK-7/GetOwner.htm,20130820175304
jdk-7-getparentlogger,http://www.java2s.com:80/Code/Java/JDK-7/Getparentlogger.htm,20130721105551
jdk-7-getparentpath,http://java2s.com/Code/Java/JDK-7/GetparentPath.htm,20130821062722
jdk-7-getrealpathwithoutfollowinglinks,http://java2s.com/Code/Java/JDK-7/Getrealpathwithoutfollowinglinks.htm,20130821053755
jdk-7-getrelativepath,http://java2s.com/Code/Java/JDK-7/Getrelativepath.htm,20130821090041
jdk-7-getrootfromapathobject,http://java2s.com/Code/Java/JDK-7/GetrootfromaPathObject.htm,20130821082640
jdk-7-getsocketoption,http://java2s.com/Code/Java/JDK-7/Getsocketoption.htm,20130821123800
jdk-7-getsubpathfromafullpath,http://java2s.com/Code/Java/JDK-7/GetSubpathfromafullpath.htm,20130821101610
jdk-7-getthefilenamefromthepathobject,http://java2s.com/Code/Java/JDK-7/GetthefilenamefromthePathobject.htm,20130821100937
jdk-7-getthefilesize,http://www.java2s.com:80/Code/Java/JDK-7/Getthefilesize.htm,20130111101314
jdk-7-getthefolderdirectoryforeachpartofafullpath,http://java2s.com/Code/Java/JDK-7/Getthefolderdirectoryforeachpartofafullpath.htm,20130821053445
jdk-7-getthenumberofnameelementinapathobject,http://java2s.com/Code/Java/JDK-7/GetthenumberofnameelementinaPathobject.htm,20130821095101
jdk-7-gettherelativepathbetweentwopaths,http://java2s.com/Code/Java/JDK-7/Gettherelativepathbetweentwopaths.htm,20130821091836
jdk-7-gettherootpathfromthepathobject,http://java2s.com/Code/Java/JDK-7/GettherootpathfromthePathobject.htm,20130821091935
jdk-7-getthesubpathfromapathobject,http://java2s.com/Code/Java/JDK-7/GetthesubpathfromaPathobject.htm,20130821080511
jdk-7-gettheuserprincipallookupservice,http://java2s.com/Code/Java/JDK-7/GettheUserPrincipalLookupService.htm,20130820201654
jdk-7-gettingfilestoreinformation,http://java2s.com/Code/Java/JDK-7/GettingFileStoreinformation.htm,20130821014031
jdk-7-gettingfilesysteminformation,http://www.java2s.com:80/Code/Java/JDK-7/GettingFileSystemInformation.htm,20130111101701
jdk-7-handlinglocalesandthelocalebuilderclassinjava17,http://java2s.com/Code/Java/JDK-7/HandlinglocalesandtheLocaleBuilderclassinJava17.htm,20130821151553
jdk-7-handlingmultiplefileselectioninthefiledialogclass,http://www.java2s.com:80/Code/Java/JDK-7/HandlingmultiplefileselectionintheFileDialogclass.htm,20130223095414
jdk-7-handlingweeksinjava17,http://www.java2s.com:80/Code/Java/JDK-7/HandlingweeksinJava17.htm,20130213064928
jdk-7-interoperabilitybetweenjavaiofileandjavaniofilefiles,http://www.java2s.com:80/Code/Java/JDK-7/InteroperabilitybetweenjavaioFileandjavaniofileFiles.htm,20130111100205
jdk-7-isapathabsolute,http://java2s.com/Code/Java/JDK-7/Isapathabsolute.htm,20130821101800
jdk-7-isapathadirectory,http://www.java2s.com:80/Code/Java/JDK-7/Isapathadirectory.htm,20130111101710
jdk-7-isfileasymboliclink,http://www.java2s.com:80/Code/Java/JDK-7/Isfileasymboliclink.htm,20130111094806
jdk-7-java7databaseenhancementsgetautogeneratedkey,http://www.java2s.com:80/Code/Java/JDK-7/Java7databaseenhancementsGetautogeneratedkey.htm,20130721105618
(thin),http://www.java2s.com:80/Code/Java/JDK-7/JavaBean.htm,20130126083912
(thin),https://www.java2s.com/Code/Java/JDK-7/JavaBean.html,20260517032625
jdk-7-javabeanmethodsimprovementsinjava17,http://www.java2s.com:80/Code/Java/JDK-7/JavaBeanmethodsimprovementsinJava17.htm,20130715210210
(thin),http://www.java2s.com:80/Code/Java/JDK-7/JDK-7.htm,20130126075055
(thin),https://www.java2s.com/Code/Java/JDK-7/JDK-7.html,20260711112028
(thin),http://www.java2s.com:80/Code/Java/JDK-7/Join-Fork.htm,20130126080257
(thin),https://www.java2s.com/Code/Java/JDK-7/Join-Fork.html,20260513002638
(thin),http://www.java2s.com:80/Code/Java/JDK-7/LinkedBlockingQueue.htm,20130126075931
(thin),https://www.java2s.com/Code/Java/JDK-7/LinkedBlockingQueue.html,20260512055243
jdk-7-linkedblockingqueueandthreadpoolexecutor,http://java2s.com/Code/Java/JDK-7/LinkedBlockingQueueandThreadPoolExecutor.htm,20130821083611
(thin),http://www.java2s.com:80/Code/Java/JDK-7/LinkedTransferQueue.htm,20130126082550
(thin),https://www.java2s.com/Code/Java/JDK-7/LinkedTransferQueue.html,20260517052009
jdk-7-listalljavafilerecursivelywithsimplefilevisitor,http://java2s.com/Code/Java/JDK-7/ListallJavafilerecursivelywithSimpleFileVisitor.htm,20130820225554
jdk-7-listposixfileattribute,http://java2s.com/Code/Java/JDK-7/ListPOSIXFileattribute.htm,20130820193124
(thin),http://www.java2s.com:80/Code/Java/JDK-7/Locale.htm,20130126081040
(thin),https://www.java2s.com/Code/Java/JDK-7/Locale.html,20260517032559
jdk-7-maintainingposixfileattributesusingtheposixfileattributeview,http://java2s.com/Code/Java/JDK-7/MaintainingPosixfileattributesusingthePosixFileAttributeView.htm,20130820193046
jdk-7-maintaininguserdefinedfileattributesusingtheuserdefinedfileattributeview,http://java2s.com/Code/Java/JDK-7/MaintaininguserdefinedfileattributesusingtheUserDefinedFileAttributeView.htm,20130820190817
jdk-7-managingasynchronouscommunicationusingtheasynchronousserversocketchannel,http://www.java2s.com:80/Code/Java/JDK-7/ManagingasynchronouscommunicationusingtheAsynchronousServerSocketChannel.htm,20130622125757
jdk-7-managingextramousebuttonsandhighresolutionmousewheels,http://www.java2s.com:80/Code/Java/JDK-7/Managingextramousebuttonsandhighresolutionmousewheels.htm,20130223094553
jdk-7-managingsymboliclinks,http://java2s.com/Code/Java/JDK-7/Managingsymboliclinks.htm,20130821091701
jdk-7-managingtheopacityofawindow,http://www.java2s.com:80/Code/Java/JDK-7/ManagingtheOpacityofaWindow.htm,20130223220146
jdk-7-managingtheshapeofawindow,http://www.java2s.com:80/Code/Java/JDK-7/ManagingtheShapeofaWindow.htm,20130223094558
jdk-7-managingwindowtypes,http://www.java2s.com:80/Code/Java/JDK-7/ManagingWindowtypes.htm,20130223095901
jdk-7-membershipkeyanddatagramchannel,http://java2s.com/Code/Java/JDK-7/MembershipKeyandDatagramChannel.htm,20130820200443
jdk-7-mixingheavyweightandlightweightcomponents,http://www.java2s.com:80/Code/Java/JDK-7/Mixingheavyweightandlightweightcomponents.htm,20130223214959
jdk-7-monitoringfileeventsusingwatchevents,http://java2s.com/Code/Java/JDK-7/MonitoringfileeventsusingWatchEvents.htm,20130820202449
jdk-7-movingadirectory,http://www.java2s.com:80/Code/Java/JDK-7/Movingadirectory.htm,20130111100559
jdk-7-movingfile,http://www.java2s.com:80/Code/Java/JDK-7/MovingFile.htm,20130111095524
jdk-7-newbordertypesinjava7lineborderwidth,http://www.java2s.com:80/Code/Java/JDK-7/NewbordertypesinJava7LineBorderwidth.htm,20130223094603
jdk-7-newbordertypesinjava7loweredsoftbevelborder,http://www.java2s.com:80/Code/Java/JDK-7/NewbordertypesinJava7LoweredSoftBevelBorder.htm,20130223215005
jdk-7-newbordertypesinjava7raisedsoftbevelborder,http://www.java2s.com:80/Code/Java/JDK-7/NewbordertypesinJava7RaisedSoftBevelBorder.htm,20130224093051
(thin),http://www.java2s.com:80/Code/Java/JDK-7/Number-Literal.htm,20130126081045
(thin),https://www.java2s.com/Code/Java/JDK-7/Number-Literal.html,20260519155805
jdk-7-obtainingamapoffileattributes,http://java2s.com/Code/Java/JDK-7/ObtainingaMapoffileattributes.htm,20130820184437
jdk-7-obtainingasingleattributeatatimeusingthegetattributemethod,http://java2s.com/Code/Java/JDK-7/ObtainingasingleattributeatatimeusingthegetAttributemethod.htm,20130820191356
(thin),http://www.java2s.com:80/Code/Java/JDK-7/PathMatcher.htm,20130126082353
(thin),https://www.java2s.com/Code/Java/JDK-7/PathMatcher.html,20260512182854
jdk-7-paths,http://www.java2s.com:80/Code/Java/JDK-7/Paths.htm,20130126081051
jdk-7-paths-2,https://www.java2s.com/Code/Java/JDK-7/Paths.html,20260511121921
(thin),http://www.java2s.com:80/Code/Java/JDK-7/Phaser.htm,20130126081704
(thin),https://www.java2s.com/Code/Java/JDK-7/Phaser.html,20260513131457
(thin),http://www.java2s.com:80/Code/Java/JDK-7/Printer.htm,20130126080303
(thin),https://www.java2s.com/Code/Java/JDK-7/Printer.html,20260520095419
jdk-7-processingthecontentsoftheentirefilereadtheentirefile,http://java2s.com/Code/Java/JDK-7/ProcessingthecontentsoftheentirefileReadtheentirefile.htm,20130821021311
jdk-7-randomaccessiousingtheseekablebytechannel,http://java2s.com/Code/Java/JDK-7/RandomaccessIOusingtheSeekableByteChannel.htm,20130820234445
jdk-7-readallfilecontenttoabytearray,http://www.java2s.com:80/Code/Java/JDK-7/Readallfilecontenttoabytearray.htm,20130111100604
jdk-7-readattributes,http://java2s.com/Code/Java/JDK-7/Readattributes.htm,20130820180835
jdk-7-readbasicfileattributes,http://java2s.com/Code/Java/JDK-7/ReadBasicFileAttributes.htm,20130820192947
jdk-7-readingallofthelinesofafilereturnedasalist,http://www.java2s.com:80/Code/Java/JDK-7/Readingallofthelinesofafilereturnedasalist.htm,20130111101319
jdk-7-readingfromafileusingtheasynchronousfilechannelclass,http://www.java2s.com:80/Code/Java/JDK-7/ReadingfromafileusingtheAsynchronousFileChannelclass.htm,20130620171555
jdk-7-redirectinginputandoutputfromoperatingsystemsprocesses,http://java2s.com/Code/Java/JDK-7/Redirectinginputandoutputfromoperatingsystemsprocesses.htm,20130821113911
(thin),http://www.java2s.com:80/Code/Java/JDK-7/ReentrantLock.htm,20130126080308
(thin),https://www.java2s.com/Code/Java/JDK-7/ReentrantLock.html,20260521142930
jdk-7-removepermissionforposixfile,http://java2s.com/Code/Java/JDK-7/RemovepermissionforPosixFile.htm,20130820181413
jdk-7-removingredundanciesbynormalizingapath,http://java2s.com/Code/Java/JDK-7/Removingredundanciesbynormalizingapath.htm,20130821072027
jdk-7-resolvesiblingduringfilemoving,http://www.java2s.com:80/Code/Java/JDK-7/ResolveSiblingduringfilemoving.htm,20130111100210
jdk-7-resolvesiblingpath,http://java2s.com/Code/Java/JDK-7/ResolvesiblingPath.htm,20130821050518
(thin),http://www.java2s.com:80/Code/Java/JDK-7/Resource-Management.htm,20130126085104
(thin),https://www.java2s.com/Code/Java/JDK-7/Resource-Management.html,20260518125153
jdk-7-retrievingpseudocolumns,http://www.java2s.com:80/Code/Java/JDK-7/Retrievingpseudocolumns.htm,20130721105358
(thin),http://www.java2s.com:80/Code/Java/JDK-7/SecureDirectoryStream.htm,20130126080312
(thin),https://www.java2s.com/Code/Java/JDK-7/SecureDirectoryStream.html,20260710134634
(thin),http://www.java2s.com:80/Code/Java/JDK-7/SeekableByteChannel.htm,20130126085109
(thin),https://www.java2s.com/Code/Java/JDK-7/SeekableByteChannel.html,20260521165347
jdk-7-seekablebytechannelfromfilesnewbytechannel,http://java2s.com/Code/Java/JDK-7/SeekableByteChannelfromFilesnewByteChannel.htm,20130821004608
jdk-7-setacl,http://java2s.com/Code/Java/JDK-7/SetACL.htm,20130820182012
jdk-7-setgroupprincipal,http://java2s.com/Code/Java/JDK-7/SetgroupPrincipal.htm,20130820190439
jdk-7-setpermissionforposixfile,http://java2s.com/Code/Java/JDK-7/SetpermissionforPosixFile.htm,20130820201408
jdk-7-settingowner,http://java2s.com/Code/Java/JDK-7/SettingOwner.htm,20130820205203
(thin),http://www.java2s.com:80/Code/Java/JDK-7/SimpleFileVisitor.htm,20130126080721
(thin),https://www.java2s.com/Code/Java/JDK-7/SimpleFileVisitor.html,20260515232818
(thin),http://www.java2s.com:80/Code/Java/JDK-7/SocketOption.htm,20130126085115
(thin),https://www.java2s.com/Code/Java/JDK-7/SocketOption.html,20260509172941
(thin),http://www.java2s.com:80/Code/Java/JDK-7/String-Switch.htm,20130126075100
(thin),https://www.java2s.com/Code/Java/JDK-7/String-Switch.html,20260514154054
(thin),http://www.java2s.com:80/Code/Java/JDK-7/Swing.htm,20130126085804
(thin),https://www.java2s.com/Code/Java/JDK-7/Swing.html,20260512222251
(thin),http://www.java2s.com:80/Code/Java/JDK-7/ThreadLocalRandom.htm,20130126075936
(thin),https://www.java2s.com/Code/Java/JDK-7/ThreadLocalRandom.html,20260520012359
jdk-7-tworeentrantlock,http://java2s.com/Code/Java/JDK-7/TwoReentrantLock.htm,20130821064716
jdk-7-unbufferediosupportinthefilesclass,http://www.java2s.com:80/Code/Java/JDK-7/UnbufferedIOsupportintheFilesclass.htm,20130111095200
jdk-7-underscorebinaryliteral,http://java2s.com/Code/Java/JDK-7/Underscorebinaryliteral.htm,20130820180423
jdk-7-useatomiclongtogenerateid,http://java2s.com/Code/Java/JDK-7/UseAtomicLongtogenerateID.htm,20130820200128
jdk-7-useconcurrenthashmap,http://www.java2s.com:80/Code/Java/JDK-7/UseConcurrentHashMap.htm,20130721145603
jdk-7-usecopyonwritearraylist,http://java2s.com:80/Code/Java/JDK-7/UseCopyOnWriteArrayList.htm,20130501011225
jdk-7-usefiletime,http://java2s.com/Code/Java/JDK-7/UseFileTime.htm,20130820181643
jdk-7-uselinkedblockingqueue,http://java2s.com/Code/Java/JDK-7/UseLinkedBlockingQueue.htm,20130820184538
jdk-7-usereentrantlock,http://java2s.com/Code/Java/JDK-7/UseReentrantLock.htm,20130821043250
jdk-7-usereentrantlocktocoordinate,http://java2s.com/Code/Java/JDK-7/UseReentrantLocktocoordinate.htm,20130821082329
jdk-7-usingasynchronousfilechannelandcompletionhandlertoreadafile,http://www.java2s.com:80/Code/Java/JDK-7/UsingAsynchronousFileChannelandCompletionHandlertoreadafile.htm,20130622230817
jdk-7-usingasynchronousfilechannelandfuturetoread,http://www.java2s.com:80/Code/Java/JDK-7/UsingAsynchronousFileChannelandFuturetoread.htm,20130618052503
jdk-7-usingasynchronousfilechanneltowritebytebufferandreturnfuture,http://www.java2s.com:80/Code/Java/JDK-7/UsingAsynchronousFileChanneltowriteByteBufferandreturnFuture.htm,20130622143433
jdk-7-usingbufferedioforfiles,http://www.java2s.com:80/Code/Java/JDK-7/UsingbufferedIOforfiles.htm,20130111094811
jdk-7-usingcurrencyonjava17,http://www.java2s.com:80/Code/Java/JDK-7/UsingCurrencyonJava17.htm,20130315045405
jdk-7-usingjoinforkframeworkinjava,http://java2s.com/Code/Java/JDK-7/UsingjoinforkframeworkinJava.htm,20130820174838
jdk-7-usingposixfileattributes,http://java2s.com/Code/Java/JDK-7/UsingPosixFileAttributes.htm,20130820182109
jdk-7-usingsetowner,http://java2s.com/Code/Java/JDK-7/UsingsetOwner.htm,20130820202021
jdk-7-usingstringliteralsinswitchstatements,http://www.java2s.com:80/Code/Java/JDK-7/Usingstringliteralsinswitchstatements.htm,20130301041103
jdk-7-usingtheconcurrentlinkeddequeclasssafelywithmultiplethreads,http://java2s.com/Code/Java/JDK-7/UsingtheConcurrentLinkedDequeclasssafelywithmultiplethreads.htm,20130821064049
jdk-7-usingthediamondoperatorandsuppressinguncheckedwarningssuppresswarnings,http://java2s.com/Code/Java/JDK-7/UsingtheDiamondOperatorandSuppressingUncheckedWarningsSuppressWarnings.htm,20130821052157
tiny-application-acalculator,http://www.java2s.com/Code/Java/Tiny-Application/Acalculator.htm,20060513071932
tiny-application-advancedfontchooser,http://www.java2s.com:80/Code/Java/Tiny-Application/AdvancedFontChooser.htm,20070220081415
tiny-application-advancedfontchooserrevisedbypole,http://www.java2s.com:80/Code/Java/Tiny-Application/AdvancedFontChooserrevisedbypole.htm,20070220081324
(thin),http://www.java2s.com:80/Code/Java/Tiny-Application/Afontselectiondialog.htm,20070220095746
tiny-application-asimplecalculator,http://www.java2s.com:80/Code/Java/Tiny-Application/Asimplecalculator.htm,20100601040234
tiny-application-browerbasedonjeditorpane,http://www.java2s.com:80/Code/Java/Tiny-Application/BrowerbasedonJEditorPane.htm,20051214141430
(thin),http://www.java2s.com:80/Code/Java/Tiny-Application/Browser.htm,20051214141918
(thin),https://www.java2s.com/Code/Java/Tiny-Application/Browser.html,20260511031556
(thin),http://www.java2s.com/Code/Java/Tiny-Application/Calculator.htm,20060513052921
(thin),https://www.java2s.com/Code/Java/Tiny-Application/Calculator.html,20260517120234
(thin),http://www.java2s.com/Code/Java/Tiny-Application/Chat.htm,20060513054647
(thin),https://www.java2s.com/Code/Java/Tiny-Application/Chat.html,20260519161431
(thin),http://www.java2s.com:80/Code/Java/Tiny-Application/Chatclientserver.htm,20100130144902
(thin),http://www.java2s.com:80/Code/Java/Tiny-Application/Database.htm,20070202045110
(thin),http://www.java2s.com/Code/Java/Tiny-Application/Download-Manager.htm,20061016050416
(thin),https://www.java2s.com/Code/Java/Tiny-Application/Download-Manager.html,20260516045011
tiny-application-draganddropwebbrowser,http://www.java2s.com/Code/Java/Tiny-Application/Draganddropwebbrowser.htm,20061018210619
(thin),http://www.java2s.com/Code/Java/Tiny-Application/Editor.htm,20061016050746
(thin),https://www.java2s.com/Code/Java/Tiny-Application/Editor.html,20260512034745
tiny-application-ekit,http://www.java2s.com/Code/Java/Tiny-Application/Ekit.htm,20061027005818
tiny-application-executequery,http://www.java2s.com:80/Code/Java/Tiny-Application/ExecuteQuery.htm,20070220094953
tiny-application-filedownloadmanager,http://www.java2s.com/Code/Java/Tiny-Application/FileDownloadManager.htm,20061026234750
(thin),http://www.java2s.com/Code/Java/Tiny-Application/Font-Chooser.htm,20060513055731
(thin),https://www.java2s.com/Code/Java/Tiny-Application/Font-Chooser.html,20260510211454
(thin),http://www.java2s.com:80/Code/Java/Tiny-Application/FontChooser.htm,20070220094943
(thin),http://www.java2s.com/Code/Java/Tiny-Application/Forum.htm,20061016060351
(thin),https://www.java2s.com/Code/Java/Tiny-Application/Forum.html,20260514071628
(thin),http://www.java2s.com/Code/Java/Tiny-Application/Game.htm,20060513055018
(thin),http://www.java2s.com/Code/Java/Tiny-Application/GameBingo.htm,20060513094043
(thin),http://www.java2s.com:80/Code/Java/Tiny-Application/HibernateJSPForum.htm,20070110033202
tiny-application-httpserver,http://www.java2s.com:80/Code/Java/Tiny-Application/HttpServer.htm,20060412165216
tiny-application-jenuisajavabasedurlchecker,http://www.java2s.com:80/Code/Java/Tiny-Application/JenuisaJavabasedURLchecker.htm,20070220095702
(thin),http://www.java2s.com:80/Code/Java/Tiny-Application/Link-Checker.htm,20070209042901
(thin),https://www.java2s.com/Code/Java/Tiny-Application/Link-Checker.html,20260508143426
tiny-application-mdibasedwebbrowser,http://www.java2s.com/Code/Java/Tiny-Application/MDIbasedwebbrowser.htm,20061018210623
tiny-application-minesweeper,http://www.java2s.com:80/Code/Java/Tiny-Application/MineSweeper.htm,20100517040314
(thin),http://www.java2s.com:80/Code/Java/Tiny-Application/Sampleapplicationusingthesimpletexteditorcomponentthatsupportsonlyonefont.htm,20071202121111
(thin),http://www.java2s.com:80/Code/Java/Tiny-Application/ScriptpadisanotepadlikeeditortoopeneditsaveandrunscriptJavaScriptfiles.htm,20071203095552
(thin),http://www.java2s.com/Code/Java/Tiny-Application/Servlet-Application.htm,20061016052031
(thin),https://www.java2s.com/Code/Java/Tiny-Application/Servlet-Application.html,20260510112611
(thin),http://www.java2s.com:80/Code/Java/Tiny-Application/Servletsampleapplicationchat.htm,20070406201143
(thin),http://www.java2s.com/Code/Java/Tiny-Application/Simpleconsolemodecommandlinechatclient.htm,20061018175208
(thin),http://www.java2s.com:80/Code/Java/Tiny-Application/SourcecodeforStyledpad.htm,20071203095558
tiny-application-tabbedwebbrowser,http://www.java2s.com/Code/Java/Tiny-Application/TabbedWebbrowser.htm,20061018210630
(thin),http://www.java2s.com/Code/Java/Tiny-Application/Web-Server.htm,20060513054120
velocity-asimpledemonstrationofhowtheeventhandlingfeaturesofthevelocityservleten,http://www.java2s.com/Code/Java/Velocity/AsimpledemonstrationofhowtheeventhandlingfeaturesoftheVelocityServletEngineareused.htm,20061018192931
velocity-cachingclasspathresourceloader,http://www.java2s.com/Code/Java/Velocity/CachingClasspathResourceLoader.htm,20060513085548
(thin),http://www.java2s.com:80/Code/Java/Velocity/Calculation.htm,20060411085117
(thin),https://www.java2s.com/Code/Java/Velocity/Calculation.html,20260511215150
velocity-calculationbasedonmodel,http://www.java2s.com:80/Code/Java/Velocity/CalculationBasedonModel.htm,20060411091828
velocity-calculationinjava,http://www.java2s.com:80/Code/Java/Velocity/CalculationInJava.htm,20060411085924
velocity-callclassmethods,http://www.java2s.com:80/Code/Java/Velocity/Callclassmethods.htm,20071104100032
(thin),http://www.java2s.com/Code/Java/Velocity/Class-Reference.htm,20060513063345
(thin),https://www.java2s.com/Code/Java/Velocity/Class-Reference.html,20260511031106
velocity-collectionlist,http://www.java2s.com:80/Code/Java/Velocity/CollectionList.htm,20070428012723
velocity-collectionmap,http://www.java2s.com:80/Code/Java/Velocity/CollectionMap.htm,20070328224159
(thin),http://www.java2s.com/Code/Java/Velocity/Collections.htm,20060513064410
(thin),https://www.java2s.com/Code/Java/Velocity/Collections.html,20260517122723
velocity-combinestringwriterwithtemplate,http://www.java2s.com/Code/Java/Velocity/CombineStringWriterwithtemplate.htm,20060513072913
(thin),http://www.java2s.com/Code/Java/Velocity/Comments.htm,20060513062753
(thin),https://www.java2s.com/Code/Java/Velocity/Comments.html,20260521161346
velocity-concatenatetwostringvariables,http://www.java2s.com/Code/Java/Velocity/Concatenatetwostringvariables.htm,20060513092140
velocity-consolelogsystem,http://www.java2s.com/Code/Java/Velocity/ConsoleLogSystem.htm,20060513091837
(thin),http://www.java2s.com/Code/Java/Velocity/Context.htm,20060513055513
(thin),https://www.java2s.com/Code/Java/Velocity/Context.html,20260521173531
velocity-contextchaining,http://www.java2s.com:80/Code/Java/Velocity/ContextChaining.htm,20060926092723
velocity-controlforeach,http://www.java2s.com:80/Code/Java/Velocity/ControlForeach.htm,20060716183812
velocity-customlogforvelocity,http://www.java2s.com/Code/Java/Velocity/CustomlogforVelocity.htm,20060513091841
(thin),http://www.java2s.com/Code/Java/Velocity/Data-Type.htm,20060513063635
velocity-datatypebool,http://www.java2s.com:80/Code/Java/Velocity/DataTypebool.htm,20071105053916
velocity-datatypenumber,http://www.java2s.com:80/Code/Java/Velocity/DataTypenumber.htm,20071105210538
velocity-datatypestring,http://www.java2s.com:80/Code/Java/Velocity/DatatypeString.htm,20071104100037
(thin),http://www.java2s.com/Code/Java/Velocity/Date-Tool.htm,20060513064249
(thin),https://www.java2s.com/Code/Java/Velocity/Date-Tool.html,20260519163013
(thin),http://www.java2s.com/Code/Java/Velocity/Date.htm,20060513063614
(thin),https://www.java2s.com/Code/Java/Velocity/Date.html,20260508151227
velocity-defineandusemacro,http://www.java2s.com:80/Code/Java/Velocity/DefineanduseMacro.htm,20060928131959
velocity-defineandusevariableinvelocity,http://www.java2s.com/Code/Java/Velocity/DefineandusevariableinVelocity.htm,20061018193146
velocity-demoloopforeach,http://www.java2s.com/Code/Java/Velocity/Demoloopforeach.htm,20061026221404
(thin),http://www.java2s.com/Code/Java/Velocity/Dollar-Sign.htm,20060513052649
(thin),https://www.java2s.com/Code/Java/Velocity/Dollar-Sign.html,20260519063103
velocity-dollarsigndoubledollar,http://www.java2s.com/Code/Java/Velocity/DollarsignDoubleDollar.htm,20060513071048
(thin),http://www.java2s.com:80/Code/Java/Velocity/Email.htm,20060415161746
(thin),https://www.java2s.com/Code/Java/Velocity/Email.html,20260520222951
(thin),http://www.java2s.com/Code/Java/Velocity/Engine.htm,20060513060521
(thin),https://www.java2s.com/Code/Java/Velocity/Engine.html,20260520063054
velocity-eventhandlerexceptions,http://www.java2s.com/Code/Java/Velocity/EventHandlerExceptions.htm,20061018192901
velocity-foreachloopcontroledbyrangefunction,http://www.java2s.com:80/Code/Java/Velocity/ForeachloopcontroledbyRangefunction.htm,20071106044858
velocity-howthevelocitytemplateenginecanbeusedinastandaloneapplication,http://www.java2s.com:80/Code/Java/Velocity/HowtheVelocityTemplateEnginecanbeusedinastandaloneapplication.htm,20070109002037
velocity-howtouseanexistinglog4jcategeoryasthevelocityloggingtarget,http://www.java2s.com/Code/Java/Velocity/HowtouseanexistingLog4jCategeoryastheVelocityloggingtarget.htm,20060513091832
velocity-howtouseanexistinglog4jcategoryasthevelocityloggingtarget,http://www.java2s.com:80/Code/Java/Velocity/HowtouseanexistingLog4jCategoryastheVelocityloggingtarget.htm,20091116051259
velocity-howtousedateinvelocity,http://www.java2s.com/Code/Java/Velocity/HowtouseDateinVelocity.htm,20061026233600
(thin),http://www.java2s.com/Code/Java/Velocity/HTML.htm,20060513055202
(thin),http://www.java2s.com/Code/Java/Velocity/If.htm,20060513053345
velocity-ifandelseif,http://www.java2s.com/Code/Java/Velocity/Ifandelseif.htm,20060513075034
velocity-ifelseandend,http://www.java2s.com/Code/Java/Velocity/IfElseandEnd.htm,20060513075042
velocity-ifstatementinsideaforloop,http://www.java2s.com/Code/Java/Velocity/Ifstatementinsideaforloop.htm,20060513075047
(thin),http://www.java2s.com/Code/Java/Velocity/Include.htm,20060513062141
(thin),https://www.java2s.com/Code/Java/Velocity/Include.html,20260515143925
velocity-includeanothertemplatefile,http://www.java2s.com/Code/Java/Velocity/Includeanothertemplatefile.htm,20061027021035
(thin),http://www.java2s.com/Code/Java/Velocity/Iterator-Tool.htm,20060513054745
(thin),https://www.java2s.com/Code/Java/Velocity/Iterator-Tool.html,20260711082251
(thin),http://www.java2s.com/Code/Java/Velocity/Loop.htm,20060513055720
(thin),https://www.java2s.com/Code/Java/Velocity/Loop.html,20260710105203
(thin),http://www.java2s.com/Code/Java/Velocity/Macro.htm,20060513063401
(thin),https://www.java2s.com/Code/Java/Velocity/Macro.html,20260510184359
(thin),http://www.java2s.com/Code/Java/Velocity/MathTool.htm,20060513060635
(thin),https://www.java2s.com/Code/Java/Velocity/MathTool.html,20260516075008
velocity-mathtoolroundtoagiveninteger,http://www.java2s.com:80/Code/Java/Velocity/Mathtoolroundtoagiveninteger.htm,20071105012657
(thin),http://www.java2s.com:80/Code/Java/Velocity/Number-Tool.htm,20060707042528
(thin),https://www.java2s.com/Code/Java/Velocity/Number-Tool.html,20260521005931
(thin),http://www.java2s.com/Code/Java/Velocity/Output.htm,20060513053042
(thin),https://www.java2s.com/Code/Java/Velocity/Output.html,20260510054423
velocity-outputastringfromvelocity,http://www.java2s.com/Code/Java/Velocity/OutputastringfromVelocity.htm,20060513072910
(thin),http://www.java2s.com/Code/Java/Velocity/Parse-Another-Template.htm,20060513060918
(thin),https://www.java2s.com/Code/Java/Velocity/Parse-Another-Template.html,20260520073205
velocity-parseanotherpage,http://www.java2s.com:80/Code/Java/Velocity/ParseAnotherpage.htm,20070504050912
velocity-passvariableintovelocity,http://www.java2s.com/Code/Java/Velocity/PassvariableintoVelocity.htm,20061018193158
velocity-rangeset,http://www.java2s.com:80/Code/Java/Velocity/Rangeset.htm,20070428130853
velocity-rangewithnegativeindex,http://www.java2s.com:80/Code/Java/Velocity/Rangewithnegativeindex.htm,20071105210548
velocity-referenceclassmethodinmathtool,http://www.java2s.com:80/Code/Java/Velocity/ReferenceClassmethodinMathtool.htm,20071104162726
velocity-referenceclassproperties,http://www.java2s.com:80/Code/Java/Velocity/ReferenceClassProperties.htm,20070303101815
velocity-referencedollarsigninstring,http://www.java2s.com/Code/Java/Velocity/ReferenceDollarSigninString.htm,20060513071016
velocity-referencevariablebyname,http://www.java2s.com/Code/Java/Velocity/Referencevariablebyname.htm,20061018193125
velocity-rendertoollengthtostringtolowercasetouppercase,http://www.java2s.com:80/Code/Java/Velocity/RendertoollengthtoStringtoLowerCasetoUpperCase.htm,20070428084225
(thin),http://www.java2s.com/Code/Java/Velocity/Resource-Loader.htm,20060513054141
(thin),https://www.java2s.com/Code/Java/Velocity/Resource-Loader.html,20260518121752
velocity-resourceloaderdemo,http://www.java2s.com/Code/Java/Velocity/ResourceLoaderDemo.htm,20060513085544
velocity-setvariablevalue,http://www.java2s.com/Code/Java/Velocity/Setvariablevalue.htm,20061018193151
velocity-showbasicxmlhandlinginatemplate,http://www.java2s.com:80/Code/Java/Velocity/ShowbasicXMLhandlinginatemplate.htm,20060424151504
(thin),http://www.java2s.com/Code/Java/Velocity/Standalone.htm,20060513060923
(thin),https://www.java2s.com/Code/Java/Velocity/Standalone.html,20260512182802
(thin),http://www.java2s.com/Code/Java/Velocity/String.htm,20060513054824
(thin),https://www.java2s.com/Code/Java/Velocity/String.html,20260510105147
velocity-stringconcatenation,http://www.java2s.com/Code/Java/Velocity/Stringconcatenation.htm,20060513092149
velocity-stringquotationdemo,http://www.java2s.com/Code/Java/Velocity/StringQuotationDemo.htm,20060513092144
velocity-thisisatoydemonstrationofhowvelocitycanuseanexternallyconfiguredlogger,http://www.java2s.com/Code/Java/Velocity/ThisisatoydemonstrationofhowVelocitycanuseanexternallyconfiguredlogger.htm,20060513091848
velocity-twoengines,http://www.java2s.com/Code/Java/Velocity/TwoEngines.htm,20061026235254
velocity-useavariabledefinedinvelocity,http://www.java2s.com/Code/Java/Velocity/UseavariabledefinedinVelocity.htm,20061018193047
velocity-usedollarsign,http://www.java2s.com/Code/Java/Velocity/UseDollarSign.htm,20060513071036
velocity-useifinvelocity,http://www.java2s.com/Code/Java/Velocity/Useifinvelocity.htm,20060513075051
velocity-usejavautilpropertiestopassinproperties,http://www.java2s.com/Code/Java/Velocity/UsejavautilPropertiestopassinproperties.htm,20061026215433
velocity-usemacrotowraphtmltags,http://www.java2s.com:80/Code/Java/Velocity/UsemacrotowrapHTMLtags.htm,20060927013140
velocity-usevelocitytogenerateemail,http://www.java2s.com:80/Code/Java/Velocity/UseVelocitytoGenerateEmail.htm,20060505074302
velocity-usevelocitytogeneratehtmlbasedemail,http://www.java2s.com/Code/Java/Velocity/UseVelocitytogenerateHTMLbasedemail.htm,20060513101047
velocity-usevelocitytogeneratehtmldocument,http://www.java2s.com/Code/Java/Velocity/UseVelocitytogenerateHTMLdocument.htm,20060513101043
(thin),http://www.java2s.com/Code/Java/Velocity/Variables.htm,20060513060614
(thin),https://www.java2s.com/Code/Java/Velocity/Variables.html,20260511143727
(thin),http://www.java2s.com/Code/Java/Velocity/Velocity-Event.htm,20060513063140
(thin),https://www.java2s.com/Code/Java/Velocity/Velocity-Event.html,20260518064323
(thin),http://www.java2s.com/Code/Java/Velocity/Velocity-Input-Encoding.htm,20060513055545
(thin),http://www.java2s.com/Code/Java/Velocity/Velocity-Log.htm,20060513054804
(thin),https://www.java2s.com/Code/Java/Velocity/Velocity-Log.html,20260514095802
(thin),http://www.java2s.com/Code/Java/Velocity/Velocity-Properties.htm,20060513060145
(thin),https://www.java2s.com/Code/Java/Velocity/Velocity-Properties.html,20260518085813
(thin),http://www.java2s.com/Code/Java/Velocity/Velocity-Range.htm,20060513063158
(thin),https://www.java2s.com/Code/Java/Velocity/Velocity-Range.html,20260518115647
velocity-velocitycomments,http://www.java2s.com/Code/Java/Velocity/VelocityComments.htm,20061018194856
velocity-velocitycommentshalfline,http://www.java2s.com/Code/Java/Velocity/VelocityCommentsHalfLine.htm,20061018194859
velocity-velocitycommentsmultiline,http://www.java2s.com/Code/Java/Velocity/VelocityCommentsMultiline.htm,20061018194903
velocity-velocitycommentssingleline,http://www.java2s.com/Code/Java/Velocity/VelocityCommentsSingleLine.htm,20061018194907
velocity-velocitydatetoolgetandformat,http://www.java2s.com:80/Code/Java/Velocity/VelocityDatetoolgetandformat.htm,20070630065000
velocity-velocitydollarsign2,http://www.java2s.com/Code/Java/Velocity/VelocityDollarSign2.htm,20060513071043
(thin),http://www.java2s.com/Code/Java/Velocity/VelocityGenerateDocumentanakiatask.htm,20060513101052
velocity-velocityinputencoding,http://www.java2s.com/Code/Java/Velocity/Velocityinputencoding.htm,20061026204231
velocity-velocityiteratortoolexample,http://www.java2s.com/Code/Java/Velocity/VelocityIteratorToolExample.htm,20060513091101
velocity-velocitymacrowithparameters,http://www.java2s.com:80/Code/Java/Velocity/VelocityMacroWithParameters.htm,20060923034756
velocity-velocitymathtooladd,http://www.java2s.com:80/Code/Java/Velocity/VelocityMathToolAdd.htm,20071104162751
velocity-velocitymathtooldivide,http://www.java2s.com:80/Code/Java/Velocity/VelocityMathToolDivide.htm,20071105053931
velocity-velocitymathtoolmaximun,http://www.java2s.com:80/Code/Java/Velocity/VelocityMathToolMaximun.htm,20071104162756
velocity-velocitymathtoolminimum,http://www.java2s.com:80/Code/Java/Velocity/VelocityMathToolMinimum.htm,20071105235901
velocity-velocitymathtoolmultiply,http://www.java2s.com:80/Code/Java/Velocity/VelocityMathToolMultiply.htm,20071104162801
velocity-velocitymathtoolpower,http://www.java2s.com:80/Code/Java/Velocity/VelocityMathToolPower.htm,20071105012712
velocity-velocitymathtoolrandom,http://www.java2s.com:80/Code/Java/Velocity/VelocityMathToolRandom.htm,20071104064111
velocity-velocitymathtoolrandombetween,http://www.java2s.com:80/Code/Java/Velocity/VelocityMathToolRandomBetween.htm,20071105053936
velocity-velocitymathtoolroundtointeger,http://www.java2s.com:80/Code/Java/Velocity/VelocityMathToolRoundToInteger.htm,20071104045810
velocity-velocitymathtoolsubtract,http://www.java2s.com:80/Code/Java/Velocity/VelocityMathToolSubtract.htm,20071105053941
velocity-velocitynumbertoolcurrencyformatting,http://www.java2s.com:80/Code/Java/Velocity/VelocityNumberToolCurrencyFormatting.htm,20060717064251
velocity-velocitynumbertoolcurrencylocale,http://www.java2s.com:80/Code/Java/Velocity/VelocityNumberToolCurrencyLocale.htm,20060717063235
velocity-velocitynumbertoolintegerformat,http://www.java2s.com:80/Code/Java/Velocity/VelocityNumberToolIntegerFormat.htm,20060717062942
velocity-velocitynumbertoolpercentageformat,http://www.java2s.com:80/Code/Java/Velocity/VelocityNumberToolPercentageFormat.htm,20060717063649
velocity-velocityoutputxml,http://www.java2s.com:80/Code/Java/Velocity/VelocityOutputXML.htm,20060503013139
velocity-velocityparseinnervariables,http://www.java2s.com:80/Code/Java/Velocity/VelocityParseInnerVariables.htm,20070503161212
velocity-velocityparsevariables,http://www.java2s.com:80/Code/Java/Velocity/VelocityParseVariables.htm,20070218125104
velocity-velocitystandaloneapplication,http://www.java2s.com:80/Code/Java/Velocity/VelocityStandaloneapplication.htm,20070117161630
velocity-velocityvariableadd,http://www.java2s.com/Code/Java/Velocity/VelocityVariableAdd.htm,20061018193115
velocity-velocityvariablenoisereference,http://www.java2s.com/Code/Java/Velocity/VelocityVariableNoiseReference.htm,20061018193059
velocity-velocityvariablequitereference,http://www.java2s.com/Code/Java/Velocity/VelocityVariableQuiteReference.htm,20061018193106
velocity-velocitywithexternalproperties,http://www.java2s.com/Code/Java/Velocity/VelocitywithExternalProperties.htm,20061026215440
velocity-velocityworkswithhtml,http://www.java2s.com/Code/Java/Velocity/VelocityworksWithHTML.htm,20060513101055
(thin),http://www.java2s.com:80/Code/Java/Velocity/XML.htm,20060424151529
(thin),https://www.java2s.com/Code/Java/Velocity/XML.html,20260521165548
(thin),http://java2s.com:80/Code/Java/Web-Services-SOA/ADB.htm,20071012114213
(thin),https://www.java2s.com/Code/Java/Web-Services-SOA/ADB.html,20260511051208
web-services-soa-anexamplepojowebservicehowtoexposethemethodsofajavaclassasawebs,http://www.java2s.com:80/Code/Java/Web-Services-SOA/AnexamplePOJOWebservicehowtoexposethemethodsofaJavaclassasaWebserviceusingAixs2.htm,20071026134006
web-services-soa-anexamplepojowebservicehowtoexposethemethodsofajavaclassasawebs-2,http://www.java2s.com:80/Code/Java/Web-Services-SOA/AnexamplePOJOWebservicehowtoexposethemethodsofaJavaclassasaWebserviceusingAxis2.htm,20090831090532
web-services-soa-apachecxfsxmlbindinghowxmlbindingworkswiththedoclitwrappedstyle,http://www.java2s.com:80/Code/Java/Web-Services-SOA/ApacheCXFsxmlbindinghowxmlbindingworkswiththedoclitwrappedstyle.htm,20071105235906
web-services-soa-asimpleservicethatreturnsatextwhichcontainstheversionnumberandt,http://www.java2s.com:80/Code/Java/Web-Services-SOA/AsimpleservicethatreturnsatextwhichcontainstheversionnumberandthebuiltdateoftheAxis2Distributionused.htm,20071026130407
web-services-soa-asoapmessagewithanattachmentandxmlbinaryoptimizedpackaging,http://www.java2s.com:80/Code/Java/Web-Services-SOA/ASOAPmessagewithanattachmentandXMLbinaryOptimizedPackaging.htm,20071013012028
(thin),http://java2s.com:80/Code/Java/Web-Services-SOA/Asynchronous-Web-Method.htm,20071012164801
(thin),https://www.java2s.com/Code/Java/Web-Services-SOA/Asynchronous-Web-Method.html,20260516150017
(thin),http://java2s.com:80/Code/Java/Web-Services-SOA/AXIOM.htm,20071012221355
(thin),https://www.java2s.com/Code/Java/Web-Services-SOA/AXIOM.html,20260511024155
(thin),http://java2s.com:80/Code/Java/Web-Services-SOA/AXIS2.htm,20071011232618
(thin),https://www.java2s.com/Code/Java/Web-Services-SOA/AXIS2.html,20260510055846
web-services-soa-axis2clientapihasfacilitiestoacceptresponsesinjson,http://www.java2s.com/Code/Java/Web-Services-SOA/Axis2clientAPIhasfacilitiestoacceptresponsesinJSON.htm,20080513025530
web-services-soa-axis2clientapihasfacilitiestoinvokerestinterfaces,http://www.java2s.com:80/Code/Java/Web-Services-SOA/Axis2clientAPIhasfacilitiestoinvokeRESTinterfaces.htm,20071105235910
web-services-soa-axis2event,http://www.java2s.com:80/Code/Java/Web-Services-SOA/AXIS2Event.htm,20071026130402
(thin),http://java2s.com:80/Code/Java/Web-Services-SOA/Code-First.htm,20071012143035
(thin),https://www.java2s.com/Code/Java/Web-Services-SOA/Code-First.html,20260512222338
web-services-soa-colocateddemousingdocumentliteralstyle,http://www.java2s.com:80/Code/Java/Web-Services-SOA/ColocatedDemousingDocumentLiteralStyle.htm,20071105161220
web-services-soa-createasimplewebservice,http://java2s.com/Code/Java/Web-Services-SOA/CreateasimpleWebService.htm,20100209023559
(thin),http://java2s.com:80/Code/Java/Web-Services-SOA/CXF-XFire-Document-Literal.htm,20071012181409
(thin),https://www.java2s.com/Code/Java/Web-Services-SOA/CXF-XFire-Document-Literal.html,20260515225955
(thin),http://java2s.com:80/Code/Java/Web-Services-SOA/CXF-XFire.htm,20071012193637
(thin),https://www.java2s.com/Code/Java/Web-Services-SOA/CXF-XFire.html,20260512095416
web-services-soa-demonstratesthecapabilitiesandpowerofsoapwithattachmentsupporta,http://java2s.com:80/Code/Java/Web-Services-SOA/DemonstratesthecapabilitiesandpowerofSOAPwithAttachmentsupportandtheAttachmentAPIofAXIS2.htm,20071013163049
web-services-soa-deployingajibxgeneratedservice,http://www.java2s.com:80/Code/Java/Web-Services-SOA/DeployingaJiBXgeneratedservice.htm,20071105161225
web-services-soa-deployinganadbgeneratedservice,http://www.java2s.com:80/Code/Java/Web-Services-SOA/DeployinganADBgeneratedservice.htm,20071106044908
web-services-soa-developingwebservicesusingjaxws,http://www.java2s.com:80/Code/Java/Web-Services-SOA/DevelopingWebServicesUsingJAXWS.htm,20090517212147
web-services-soa-documentliteralstylebindingoverjmstransportusingthequeuemechani,http://www.java2s.com:80/Code/Java/Web-Services-SOA/DocumentLiteralstylebindingoverJMSTransportusingthequeuemechanism.htm,20071105053952
web-services-soa-doingthecommunicationusinghttps,http://www.java2s.com:80/Code/Java/Web-Services-SOA/DoingthecommunicationusingHTTPS.htm,20071120233300
(thin),http://java2s.com:80/Code/Java/Web-Services-SOA/eBay.htm,20071012020344
(thin),https://www.java2s.com/Code/Java/Web-Services-SOA/eBay.html,20260510085356
web-services-soa-helloworlddispatchdemousingdocumentliteralstyle,http://www.java2s.com:80/Code/Java/Web-Services-SOA/HelloWorldDispatchDemousingDocumentLiteralStyle.htm,20071105012717
web-services-soa-helloworldsoap12demousingdocumentliteralstyletheuseofapachecxfs,http://java2s.com:80/Code/Java/Web-Services-SOA/HelloWorldSOAP12DemousingDocumentLiteralStyletheuseofApacheCXFsSOAP12capabilities.htm,20071013163054
web-services-soa-howtoexposethegettersandsettersofaservicethisdemousesthespringt,http://www.java2s.com:80/Code/Java/Web-Services-SOA/HowtoexposethegettersandsettersofaServicethisdemousestheSpringtoinitializethepropertyoftheService.htm,20071026050227
web-services-soa-howtowriteawebserviceandwebserviceclientwithapacheaxis2usingxml,http://www.java2s.com:80/Code/Java/Web-Services-SOA/HowtowriteaWebserviceandWebserviceclientwithApacheAxis2usingXMLbasedclientAPIsAxis2sPrimaryAPIs.htm,20071026050443
(thin),http://java2s.com:80/Code/Java/Web-Services-SOA/HTTPS.htm,20071011232623
(thin),https://www.java2s.com/Code/Java/Web-Services-SOA/HTTPS.html,20260514004616
web-services-soa-inthissamplewearedeployinganxmlbeansgeneratedservice,http://www.java2s.com:80/Code/Java/Web-Services-SOA/InthissamplewearedeployinganXMLBEANSgeneratedservice.htm,20080214172021
web-services-soa-inthissamplewearedeployingapojoafterwritingaservicesxmlandcreat,http://www.java2s.com:80/Code/Java/Web-Services-SOA/InthissamplewearedeployingaPOJOafterwritingaservicesxmlandcreatinganaar.htm,20071026050722
(thin),http://java2s.com:80/Code/Java/Web-Services-SOA/JavaScript-SOAP.htm,20071012020329
(thin),http://java2s.com:80/Code/Java/Web-Services-SOA/JAX-WS-Attachment.htm,20071012164806
(thin),https://www.java2s.com/Code/Java/Web-Services-SOA/JAX-WS-Attachment.html,20260519151346
(thin),http://java2s.com:80/Code/Java/Web-Services-SOA/JAX-WS-Document-Literal.htm,20071012193642
(thin),https://www.java2s.com/Code/Java/Web-Services-SOA/JAX-WS-Document-Literal.html,20260516150514
(thin),http://java2s.com:80/Code/Java/Web-Services-SOA/JAX-WS-RPC.htm,20071012155152
(thin),https://www.java2s.com/Code/Java/Web-Services-SOA/JAX-WS-RPC.html,20260517235355
(thin),http://java2s.com:80/Code/Java/Web-Services-SOA/JAX-WS-Tools.htm,20071012193647
(thin),https://www.java2s.com/Code/Java/Web-Services-SOA/JAX-WS-Tools.html,20260711082741
(thin),http://java2s.com:80/Code/Java/Web-Services-SOA/JAX-WS.htm,20071012123801
(thin),https://www.java2s.com/Code/Java/Web-Services-SOA/JAX-WS.html,20260509235553
(thin),http://www.java2s.com:80/Code/Java/Web-Services-SOA/JAXWSAnyURI.htm,20071105235916
(thin),http://www.java2s.com:80/Code/Java/Web-Services-SOA/JAXWSAttachmentFromJava.htm,20071105053957
(thin),http://www.java2s.com:80/Code/Java/Web-Services-SOA/JAXWSAttachmentFromWSDL.htm,20071104194255
(thin),http://www.java2s.com:80/Code/Java/Web-Services-SOA/JAXWSDocLiteralFromJava.htm,20071105235921
(thin),http://www.java2s.com:80/Code/Java/Web-Services-SOA/JAXWSDocLiteralFromWSDL.htm,20071105161230
(thin),http://www.java2s.com:80/Code/Java/Web-Services-SOA/JAXWSDocLiteralStringXML.htm,20071105012722
(thin),http://www.java2s.com:80/Code/Java/Web-Services-SOA/JAXWSDocumentLiteral.htm,20071105054002
(thin),http://www.java2s.com:80/Code/Java/Web-Services-SOA/JAXWSDocumentLiteralStringXMLBased64.htm,20071106044913
(thin),http://www.java2s.com:80/Code/Java/Web-Services-SOA/JAXWSHelloWorldRPC.htm,20071105012727
(thin),http://www.java2s.com:80/Code/Java/Web-Services-SOA/JAXWSNodatabinding.htm,20071105032731
(thin),http://www.java2s.com:80/Code/Java/Web-Services-SOA/JAXWSNodatabindingJAXBIntegration.htm,20071105012733
(thin),http://www.java2s.com:80/Code/Java/Web-Services-SOA/JAXWSPolymorphicProcessor.htm,20071105054007
(thin),http://www.java2s.com:80/Code/Java/Web-Services-SOA/JAXWSPolymorphicProcessorWithValidation.htm,20071105210613
(thin),http://www.java2s.com:80/Code/Java/Web-Services-SOA/JAXWSRawBytesMtom.htm,20071105235926
(thin),http://www.java2s.com:80/Code/Java/Web-Services-SOA/JAXWSRPCLiteralFromWSDL.htm,20071105161235
(thin),http://www.java2s.com:80/Code/Java/Web-Services-SOA/JAXWSsimpleclient.htm,20071105034041
(thin),http://www.java2s.com:80/Code/Java/Web-Services-SOA/JAXWSsimpleclientbasicauthentication.htm,20071105034046
(thin),http://www.java2s.com:80/Code/Java/Web-Services-SOA/JAXWSsimpleclientcert.htm,20071105161240
(thin),http://java2s.com:80/Code/Java/Web-Services-SOA/JAXWSSOAPElement.htm,20071013150050
(thin),http://java2s.com:80/Code/Java/Web-Services-SOA/JAXWSSOAPElementAnyType.htm,20071013163103
(thin),http://www.java2s.com:80/Code/Java/Web-Services-SOA/JAXWSStyleExample.htm,20071105210618
(thin),http://www.java2s.com:80/Code/Java/Web-Services-SOA/JAXWSwebservicesEBayClientServer.htm,20071013012032
(thin),http://java2s.com:80/Code/Java/Web-Services-SOA/JiBX.htm,20071012221400
(thin),https://www.java2s.com/Code/Java/Web-Services-SOA/JiBX.html,20260518191818
(thin),http://www.java2s.com:80/Code/Java/Web-Services-SOA/JiBXAXIS2webservices1.htm,20071105210623
(thin),http://www.java2s.com:80/Code/Java/Web-Services-SOA/JiBXAXIS2webservices2.htm,20071105210628
(thin),http://www.java2s.com:80/Code/Java/Web-Services-SOA/JiBXAXIS2webservices3.htm,20071105161245
(thin),http://www.java2s.com:80/Code/Java/Web-Services-SOA/JiBXAXIS2webservicesJiBXtoWSDL.htm,20071105161250
(thin),http://java2s.com:80/Code/Java/Web-Services-SOA/JMS.htm,20071012114218
(thin),http://java2s.com:80/Code/Java/Web-Services-SOA/MTOM.htm,20071012020334
(thin),https://www.java2s.com/Code/Java/Web-Services-SOA/MTOM.html,20260515013903
web-services-soa-mtosi11samples,http://www.java2s.com:80/Code/Java/Web-Services-SOA/MTOSI11Samples.htm,20071105161255
(thin),http://java2s.com:80/Code/Java/Web-Services-SOA/POJO-Web-service.htm,20071012193652
(thin),https://www.java2s.com/Code/Java/Web-Services-SOA/POJO-Web-service.html,20260515230113
(thin),http://java2s.com:80/Code/Java/Web-Services-SOA/REST.htm,20071012123806
(thin),https://www.java2s.com/Code/Java/Web-Services-SOA/REST.html,20260521142739
web-services-soa-restbasedwebservicesusingthehttpbindingandjaxwsproviderdispatch,http://www.java2s.com:80/Code/Java/Web-Services-SOA/RESTbasedWebServicesusingtheHTTPbindingandJAXWSProviderDispatch.htm,20071105054012
(thin),http://java2s.com:80/Code/Java/Web-Services-SOA/RPC.htm,20071012203846
web-services-soa-scgiconnector,http://java2s.com/Code/Java/Web-Services-SOA/SCGIconnector.htm,20111124195932
web-services-soa-simplewebservicebasedonjaxws,http://www.java2s.com:80/Code/Java/Web-Services-SOA/Simplewebservicebasedonjaxws.htm,20090203010344
(thin),http://java2s.com:80/Code/Java/Web-Services-SOA/SOAP.htm,20071012203851
(thin),https://www.java2s.com/Code/Java/Web-Services-SOA/SOAP.html,20260511154544
(thin),http://java2s.com:80/Code/Java/Web-Services-SOA/Spring.htm,20071012164811
(thin),https://www.java2s.com/Code/Java/Web-Services-SOA/Spring.html,20260521011557
web-services-soa-thecapabilitiesandpowerofmtomsupportofaxis2usercansendafiletoth,http://www.java2s.com/Code/Java/Web-Services-SOA/ThecapabilitiesandpowerofMTOMsupportofAXIS2usercansendafiletotheservice.htm,20080513030108
web-services-soa-theclientdemodemonstratestheuseofnonbrowserjavascripttocallacxf,http://www.java2s.com/Code/Java/Web-Services-SOA/TheclientdemodemonstratestheuseofnonbrowserJavaScripttocallaCXFserver.htm,20080513030309
web-services-soa-thedemodemonstratestheuseofthejavascriptande4xdynamiclanguagest,http://www.java2s.com/Code/Java/Web-Services-SOA/ThedemodemonstratestheuseoftheJavaScriptandE4XdynamiclanguagestoimplementJAXWSProviders.htm,20080513031103
web-services-soa-thedocumentliteralstylebindingoverjmstransportusingthepubsubmec,http://www.java2s.com:80/Code/Java/Web-Services-SOA/TheDocumentLiteralstylebindingoverJMStransportusingthepubsubmechanism.htm,20071104162806
web-services-soa-therpcliteralstylebinding,http://www.java2s.com:80/Code/Java/Web-Services-SOA/TheRPCLiteralstylebinding.htm,20071105210633
web-services-soa-theuseofapachecxfsxmlbindinghowxmlbindingworkswiththedoclitbare,http://www.java2s.com:80/Code/Java/Web-Services-SOA/TheuseofApacheCXFsxmlbindinghowxmlbindingworkswiththedoclitbarestyle.htm,20071104194300
web-services-soa-thisdemoillustratesapachecxfssupportforsoapheaders,http://java2s.com:80/Code/Java/Web-Services-SOA/ThisdemoillustratesApacheCXFssupportforSOAPheaders.htm,20071013163104
web-services-soa-thisdemoillustrateshowtodevelopaserviceusethecodefirstapproachu,http://www.java2s.com:80/Code/Java/Web-Services-SOA/ThisdemoillustrateshowtodevelopaserviceusethecodefirstapproachusingtheJAXWSAPIs.htm,20071104194305
web-services-soa-thisdemoillustratestheuseofthejaxwsapistorunasimpleclientagains,http://www.java2s.com:80/Code/Java/Web-Services-SOA/ThisdemoillustratestheuseoftheJAXWSAPIstorunasimpleclientagainstastandaloneserverusingSOAP11overHTTP.htm,20071105034051
web-services-soa-thisdemoillustratestheuseofthejaxwsasynchronousinvocationmodel,http://www.java2s.com:80/Code/Java/Web-Services-SOA/ThisdemoillustratestheuseoftheJAXWSasynchronousinvocationmodel.htm,20071105012737
web-services-soa-thisdemoshowsaclientcreatingacallbackobjectbypassinganendpointr,http://www.java2s.com:80/Code/Java/Web-Services-SOA/ThisdemoshowsaclientcreatingacallbackobjectbypassinganEndpointReferenceTypetotheserver.htm,20071105235931
web-services-soa-thisdemoshowshowjaxwshandlersareused,http://www.java2s.com:80/Code/Java/Web-Services-SOA/ThisdemoshowshowJAXWShandlersareused.htm,20071106044920
web-services-soa-thisdemoshowshowthecxfwspolicyframeworkinapachecxfuseswsdl11pol,http://www.java2s.com:80/Code/Java/Web-Services-SOA/ThisdemoshowshowtheCXFWSPolicyframeworkinApacheCXFusesWSDL11PolicyattachmentstoenabletheuseofWSAddressing.htm,20071105012742
web-services-soa-thisdemoshowshowtocreaterestfulservicesusingcxfshttpbinding,http://www.java2s.com:80/Code/Java/Web-Services-SOA/ThisdemoshowshowtocreateRESTfulservicesusingCXFsHTTPbinding.htm,20071105210638
web-services-soa-thisdemoshowshowtodevelopeanuserinterceptorandaddtheinterceptor,http://www.java2s.com:80/Code/Java/Web-Services-SOA/Thisdemoshowshowtodevelopeanuserinterceptorandaddtheinterceptorintotheinterceptorchainthroughconfiguration.htm,20071106044930
web-services-soa-thisdemoshowshowwsaddressingsupportinapachecxfmaybeenabled,http://www.java2s.com:80/Code/Java/Web-Services-SOA/ThisdemoshowshowWSAddressingsupportinApacheCXFmaybeenabled.htm,20071106044925
web-services-soa-thisdemoshowshowwsreliablemessagingsupportinapachecxfmaybeenabl,http://www.java2s.com:80/Code/Java/Web-Services-SOA/ThisdemoshowshowWSReliableMessagingsupportinApacheCXFmaybeenabled.htm,20071104162811
web-services-soa-thisexampledemonstratestheuseofasynchronouswebmethodinvocations,http://www.java2s.com:80/Code/Java/Web-Services-SOA/ThisexampledemonstratestheuseofasynchronousWebmethodinvocations.htm,20071013001427
web-services-soa-thisexamplewillleadyouthroughcreatingyourfirstservicewithspring,http://java2s.com:80/Code/Java/Web-Services-SOA/ThisexamplewillleadyouthroughcreatingyourfirstservicewithSpring.htm,20071021183848
web-services-soa-thissampledemonstrateshowtousewsdl2javageneratedcodewithcastor,http://www.java2s.com:80/Code/Java/Web-Services-SOA/ThissampledemonstrateshowtouseWSDL2JavageneratedcodewithCastor.htm,20071026130412
web-services-soa-thissampledemonstrateusageofservicelifecycleandbitofsessionmana,http://www.java2s.com:80/Code/Java/Web-Services-SOA/Thissampledemonstrateusageofservicelifecycleandbitofsessionmanagment.htm,20071026130417
-,http://www.java2s.com:80/Code/Java/Web-Services-SOA/ThissampleshowshowtoexposeaJavaclassasawebservice.htm,20071026051325
(thin),http://www.java2s.com:80/Code/Java/Web-Services-SOA/UsingwsgenTools.htm,20071104194310
web-services-soa-wearedeployinganaxiombasedpojoserviceafterwritingaservicesxmlan,http://www.java2s.com:80/Code/Java/Web-Services-SOA/WearedeployinganAXIOMbasedPOJOserviceafterwritingaservicesxmlandcreatinganaar.htm,20071106044935
language-definenewannotationtype,http://www.java2s.com:80/Tutorial/Java/0020__Language/Definenewannotationtype.htm,20070705190226
language-demonstratelifetimeofavariable,http://www.java2s.com:80/Tutorial/Java/0020__Language/Demonstratelifetimeofavariable.htm,20070228105205
(thin),http://www.java2s.com:80/Tutorial/Java/0020__Language/Demonstratesthetransientkeyword.htm,20070829201704
language-developingajavaprograminvolves,http://www.java2s.com:80/Tutorial/Java/0020__Language/DevelopingaJavaprograminvolves.htm,20070302105541
(thin),http://www.java2s.com:80/Tutorial/Java/0020__Language/Displayallcommandlinearguments.htm,20080822024944
(thin),http://www.java2s.com:80/Tutorial/Java/0020__Language/Documented.htm,20071023230013
(thin),http://www.java2s.com:80/Tutorial/Java/0020__Language/Gettingallannotationsforamethod.htm,20071106024852
(thin),http://www.java2s.com:80/Tutorial/Java/0020__Language/helloMessagevariableisdeclaredasalocalvariable.htm,20081004163532
(thin),http://www.java2s.com:80/Tutorial/Java/0020__Language/HowdoImarkmethodasdeprecated.htm,20090601075142
(thin),http://www.java2s.com:80/Tutorial/Java/0020__Language/Inherited.htm,20071023052926
language-insertanannotationtosuppresswarning,http://www.java2s.com:80/Tutorial/Java/0020__Language/Insertanannotationtosuppresswarning.htm,20090901173654
(thin),http://www.java2s.com:80/Tutorial/Java/0020__Language/JavaCompilerOptions.htm,20080727022811
(thin),http://www.java2s.com:80/Tutorial/Java/0020__Language/Javamemorycommandlinearguments.htm,20080730074918
language-jdkutilities,http://www.java2s.com:80/Tutorial/Java/0020__Language/JDKUtilities.htm,20070302104843
language-markerannotations,http://www.java2s.com:80/Tutorial/Java/0020__Language/MarkerAnnotations.htm,20070523085058
language-multiplelinesofcomment,http://www.java2s.com:80/Tutorial/Java/0020__Language/Multiplelinesofcomment.htm,20070613001739
(thin),http://www.java2s.com:80/Tutorial/Java/0020__Language/Newparameterformainmethod.htm,20090511155907
(thin),http://www.java2s.com:80/Tutorial/Java/0020__Language/ObtainingAllAnnotationsgetAnnotations.htm,20071106033114
(thin),http://www.java2s.com:80/Tutorial/Java/0020__Language/ObtainingAnnotationsatRunTimebyUseofReflection.htm,20071105024154
language-programcommentssinglelineofcomment,http://www.java2s.com:80/Tutorial/Java/0020__Language/ProgramCommentsSinglelineofcomment.htm,20070612181922
(thin),http://www.java2s.com:80/Tutorial/Java/0020__Language/ReflectiongetMethodwithparameters.htm,20071104172943
(thin),http://www.java2s.com:80/Tutorial/Java/0020__Language/Retention.htm,20071023230018
(thin),http://www.java2s.com:80/Tutorial/Java/0020__Language/RunobjectfinalizationusingSystemclass.htm,20090511162233
(thin),http://www.java2s.com:80/Tutorial/Java/0020__Language/RunthegarbagecollectorusingSystemclass.htm,20090511160407
language-seethedetailsofthecompilationusetheverboseoption,http://www.java2s.com:80/Tutorial/Java/0020__Language/Seethedetailsofthecompilationusetheverboseoption.htm,20070513070538
(thin),http://www.java2s.com:80/Tutorial/Java/0020__Language/SetthememoryavailabletotheJVM.htm,20090527092728
(thin),http://www.java2s.com:80/Tutorial/Java/0020__Language/showstheproperwaytodeclareaclassvariablenamedhelloMessage.htm,20081004163537
-,http://www.java2s.com:80/Tutorial/Java/0020__Language/Signjarwiththecertificatenamedaliasinthekeystore.htm,20090601082944
language-singlememberannotations,http://www.java2s.com:80/Tutorial/Java/0020__Language/SingleMemberAnnotations.htm,20070523085351
(thin),http://www.java2s.com:80/Tutorial/Java/0020__Language/SomeoftheOptionsSupportedbythejavapUtility.htm,20080730074924
(thin),http://www.java2s.com:80/Tutorial/Java/0020__Language/SomeRestrictions.htm,20070828002913
language-specifyingaretentionpolicy,http://www.java2s.com:80/Tutorial/Java/0020__Language/SpecifyingaRetentionPolicy.htm,20070705185259
(thin),http://www.java2s.com:80/Tutorial/Java/0020__Language/StandardAnnotationsDeprecated.htm,20071023052931
(thin),http://www.java2s.com:80/Tutorial/Java/0020__Language/StandardAnnotationsOverride.htm,20071023230023
(thin),http://www.java2s.com:80/Tutorial/Java/0020__Language/StandardAnnotationsSuppressWarnings.htm,20071023052936
(thin),http://www.java2s.com:80/Tutorial/Java/0020__Language/StandardMetaAnnotations.htm,20071023052941
(thin),http://www.java2s.com:80/Tutorial/Java/0020__Language/Target.htm,20071023230028
(thin),http://www.java2s.com:80/Tutorial/Java/0020__Language/TheAnnotationInterface.htm,20070827115131
(thin),http://www.java2s.com:80/Tutorial/Java/0020__Language/TheBuiltInAnnotations.htm,20071023052946
language-thefollowingkeywordsarereservedinjava,http://www.java2s.com:80/Tutorial/Java/0020__Language/ThefollowingkeywordsarereservedinJava.htm,20070302105722
(thin),http://www.java2s.com:80/Tutorial/Java/0020__Language/ThejarsignatureTool.htm,20071013014036
(thin),http://www.java2s.com:80/Tutorial/Java/0020__Language/ThejarTool.htm,20071013014028
(thin),http://www.java2s.com:80/Tutorial/Java/0020__Language/ThejavadocTool.htm,20071013014043
(thin),http://www.java2s.com:80/Tutorial/Java/0020__Language/Thejavadocutilityrecognizesthefollowingtags.htm,20081212073228
(thin),http://www.java2s.com:80/Tutorial/Java/0020__Language/ThejavapTool.htm,20071013014048
(thin),http://www.java2s.com:80/Tutorial/Java/0020__Language/ThejavaTool.htm,20071013014038
(thin),http://www.java2s.com:80/Tutorial/Java/0020__Language/ThejconsoleTool.htm,20071013014053
language-thelifetimeofanobject,http://www.java2s.com:80/Tutorial/Java/0020__Language/TheLifetimeofanObject.htm,20070228141630
language-themethodmain,http://www.java2s.com:80/Tutorial/Java/0020__Language/TheMethodmain.htm,20070513042831
(thin),http://www.java2s.com:80/Tutorial/Java/0020__Language/Thenative2asciiTool.htm,20071013014058
(thin),http://www.java2s.com:80/Tutorial/Java/0020__Language/Thesinglevaluesyntax.htm,20070827161435
(thin),http://www.java2s.com:80/Tutorial/Java/0020__Language/Thesyntaxtousethejavactool.htm,20071013014204
language-throwexceptionthroughmainmethod,http://www.java2s.com:80/Tutorial/Java/0020__Language/ThrowExceptionthroughmainmethod.htm,20070612145557
(thin),http://java2s.com:80/Tutorial/Java/0020__Language/ToinvokeanappletpackagedasaJARfile.htm,20090130012407
-,http://java2s.com:80/Tutorial/Java/0020__Language/TorunanapplicationpackagedasaJARfilerequirestheMainclassmanifestheader.htm,20090130012432
(thin),http://www.java2s.com:80/Tutorial/Java/0020__Language/UseOverrideannotation.htm,20090831113052
(thin),http://www.java2s.com:80/Tutorial/Java/0020__Language/UsingDefaultValues.htm,20070827160307
language-variabledynamicinitialization,http://www.java2s.com:80/Tutorial/Java/0020__Language/VariableDynamicInitialization.htm,20070228141458
(thin),http://www.java2s.com:80/Tutorial/Java/0020__Language/Variables.htm,20070329152101
language-variablescope,http://www.java2s.com:80/Tutorial/Java/0020__Language/VariableScope.htm,20070704184053
language-variablescopeinablock,http://www.java2s.com:80/Tutorial/Java/0020__Language/VariableScopeinablock.htm,20070704222444
(thin),http://www.java2s.com:80/Tutorial/Java/0020__Language/VariablesIntroduction.htm,20090801131145
language-whatissuppresswarningsannotation,http://www.java2s.com:80/Tutorial/Java/0020__Language/WhatisSuppressWarningsannotation.htm,20090901173712
(thin),http://www.java2s.com:80/Tutorial/Java/0020__Language/Youdonthavetoplaceclassvariabledeclarationsatthebeginningofaclass.htm,20081004163527
(thin),http://www.java2s.com:80/Tutorial/Java/0040__Data-Type/0000__Data-Type-Introduction.htm,20070529044158
(thin),https://www.java2s.com/Tutorial/Java/0040__Data-Type/0000__Data-Type-Introduction.html,20260520185258
(thin),http://www.java2s.com:80/Tutorial/Java/0040__Data-Type/0020__Boolean.htm,20070529051501
(thin),https://www.java2s.com/Tutorial/Java/0040__Data-Type/0020__Boolean.html,20260513031253
(thin),http://www.java2s.com:80/Tutorial/Java/0040__Data-Type/0040__Integer-Data-Type.htm,20070531225001
(thin),https://www.java2s.com/Tutorial/Java/0040__Data-Type/0040__Integer-Data-Type.html,20260514105139
(thin),http://www.java2s.com:80/Tutorial/Java/0040__Data-Type/0060__Byte.htm,20070531214349
(thin),https://www.java2s.com/Tutorial/Java/0040__Data-Type/0060__Byte.html,20260521162757
(thin),http://www.java2s.com:80/Tutorial/Java/0040__Data-Type/0080__Short.htm,20070529043549
(thin),https://www.java2s.com/Tutorial/Java/0040__Data-Type/0080__Short.html,20260514163311
(thin),http://www.java2s.com:80/Tutorial/Java/0040__Data-Type/0100__Integer.htm,20070319181712
(thin),https://www.java2s.com/Tutorial/Java/0040__Data-Type/0100__Integer.html,20260519164634
-,http://www.java2s.com:80/Tutorial/Java/0040__Data-Type/0101__Character-Data-Type.htm,20070824132039
(thin),https://www.java2s.com/Tutorial/Java/0040__Data-Type/0101__Character-Data-Type.html,20260520041814
(thin),http://www.java2s.com:80/Tutorial/Java/0040__Data-Type/0120__Long.htm,20070531223430
(thin),https://www.java2s.com/Tutorial/Java/0040__Data-Type/0120__Long.html,20260517001105
(thin),http://www.java2s.com:80/Tutorial/Java/0040__Data-Type/0140__Hex-Oct.htm,20070531225204
(thin),https://www.java2s.com/Tutorial/Java/0040__Data-Type/0140__Hex-Oct.html,20260710140026
(thin),http://www.java2s.com:80/Tutorial/Java/0040__Data-Type/0160__Float-Point-Data-Type.htm,20070310201426
(thin),https://www.java2s.com/Tutorial/Java/0040__Data-Type/0160__Float-Point-Data-Type.html,20260512214709
(thin),http://www.java2s.com:80/Tutorial/Java/0040__Data-Type/0180__Float.htm,20070531231407
(thin),https://www.java2s.com/Tutorial/Java/0040__Data-Type/0180__Float.html,20260710134125
(thin),http://www.java2s.com:80/Tutorial/Java/0040__Data-Type/0200__Double.htm,20070529035659
(thin),https://www.java2s.com/Tutorial/Java/0040__Data-Type/0200__Double.html,20260517024022
(thin),http://www.java2s.com:80/Tutorial/Java/0040__Data-Type/0210__Number.htm,20090921235631
(thin),https://www.java2s.com/Tutorial/Java/0040__Data-Type/0210__Number.html,20260521042148
(thin),http://www.java2s.com:80/Tutorial/Java/0040__Data-Type/0220__Number-Format.htm,20070531214226
(thin),https://www.java2s.com/Tutorial/Java/0040__Data-Type/0220__Number-Format.html,20260513213346
(thin),http://www.java2s.com:80/Tutorial/Java/0040__Data-Type/0280__Cast.htm,20070531231437
(thin),https://www.java2s.com/Tutorial/Java/0040__Data-Type/0280__Cast.html,20260516105127
(thin),http://www.java2s.com:80/Tutorial/Java/0040__Data-Type/0300__Data-Type-Conversion.htm,20070529043601
(thin),https://www.java2s.com/Tutorial/Java/0040__Data-Type/0300__Data-Type-Conversion.html,20260518004318
(thin),http://www.java2s.com:80/Tutorial/Java/0040__Data-Type/0319__Wrapper-Classes.htm,20070531231447
-,https://www.java2s.com/Tutorial/Java/0040__Data-Type/0319__Wrapper-Classes.html,20260514192458
(thin),http://www.java2s.com:80/Tutorial/Java/0040__Data-Type/0320__Autobox-Unbox.htm,20070531214133
(thin),http://www.java2s.com:80/Tutorial/Java/0040__Data-Type/0340__String.htm,20070328225818
(thin),https://www.java2s.com/Tutorial/Java/0040__Data-Type/0340__String.html,20260710144238
(thin),http://www.java2s.com:80/Tutorial/Java/0040__Data-Type/0360__String-Start-End.htm,20070328185551
(thin),https://www.java2s.com/Tutorial/Java/0040__Data-Type/0360__String-Start-End.html,20260514063745
(thin),http://www.java2s.com:80/Tutorial/Java/0040__Data-Type/0380__String-Replace.htm,20070328190148
(thin),https://www.java2s.com/Tutorial/Java/0040__Data-Type/0380__String-Replace.html,20260517205528
(thin),http://www.java2s.com:80/Tutorial/Java/0040__Data-Type/0400__String-Concatenation.htm,20070529043814
(thin),https://www.java2s.com/Tutorial/Java/0040__Data-Type/0400__String-Concatenation.html,20260515200246
(thin),http://www.java2s.com:80/Tutorial/Java/0040__Data-Type/0420__String-Compare.htm,20070328190208
(thin),https://www.java2s.com/Tutorial/Java/0040__Data-Type/0420__String-Compare.html,20260519195147
(thin),http://www.java2s.com:80/Tutorial/Java/0040__Data-Type/0440__String-Tokenize.htm,20070531215406
(thin),https://www.java2s.com/Tutorial/Java/0040__Data-Type/0440__String-Tokenize.html,20260510025554
(thin),http://www.java2s.com:80/Tutorial/Java/0040__Data-Type/0441__Extracting-String-Characters.htm,20070328190128
(thin),https://www.java2s.com/Tutorial/Java/0040__Data-Type/0441__Extracting-String-Characters.html,20260514171709
(thin),http://www.java2s.com:80/Tutorial/Java/0040__Data-Type/0446__Quote.htm,20070529043239
(thin),https://www.java2s.com/Tutorial/Java/0040__Data-Type/0446__Quote.html,20260520192756
(thin),http://www.java2s.com:80/Tutorial/Java/0040__Data-Type/0460__String-vs-Byte-Array.htm,20070419092749
(thin),https://www.java2s.com/Tutorial/Java/0040__Data-Type/0460__String-vs-Byte-Array.html,20260520165250
(thin),http://www.java2s.com:80/Tutorial/Java/0040__Data-Type/0480__String-vs-Char-Array.htm,20070529044218
(thin),https://www.java2s.com/Tutorial/Java/0040__Data-Type/0480__String-vs-Char-Array.html,20260513073408
(thin),http://www.java2s.com:80/Tutorial/Java/0040__Data-Type/0481__String-Find-Search.htm,20070620183817
(thin),https://www.java2s.com/Tutorial/Java/0040__Data-Type/0481__String-Find-Search.html,20260513102547
(thin),http://www.java2s.com:80/Tutorial/Java/0040__Data-Type/0482__String-Format.htm,20090509214209
(thin),https://www.java2s.com/Tutorial/Java/0040__Data-Type/0482__String-Format.html,20260515014116
-,http://www.java2s.com:80/Tutorial/Java/0040__Data-Type/0483__String-Match.htm,20090515142504
(thin),https://www.java2s.com/Tutorial/Java/0040__Data-Type/0483__String-Match.html,20260508152002
(thin),http://www.java2s.com:80/Tutorial/Java/0040__Data-Type/0484__String-Split.htm,20090628034204
(thin),https://www.java2s.com/Tutorial/Java/0040__Data-Type/0484__String-Split.html,20260711112734
(thin),http://www.java2s.com:80/Tutorial/Java/0040__Data-Type/0485__String-Join.htm,20090921232759
(thin),https://www.java2s.com/Tutorial/Java/0040__Data-Type/0485__String-Join.html,20260518184411
(thin),http://www.java2s.com:80/Tutorial/Java/0040__Data-Type/0486__Substring.htm,20090921235636
(thin),https://www.java2s.com/Tutorial/Java/0040__Data-Type/0486__Substring.html,20260516120705
(thin),http://www.java2s.com:80/Tutorial/Java/0040__Data-Type/0500__Escape-Sequences.htm,20070531231554
(thin),https://www.java2s.com/Tutorial/Java/0040__Data-Type/0500__Escape-Sequences.html,20260519101229
(thin),http://www.java2s.com:80/Tutorial/Java/0040__Data-Type/0520__Convert-from-String.htm,20070531210753
(thin),https://www.java2s.com/Tutorial/Java/0040__Data-Type/0520__Convert-from-String.html,20260520043549
(thin),http://www.java2s.com:80/Tutorial/Java/0040__Data-Type/0540__Convert-to-String.htm,20070529043408
(thin),https://www.java2s.com/Tutorial/Java/0040__Data-Type/0540__Convert-to-String.html,20260519031542
(thin),http://www.java2s.com:80/Tutorial/Java/0040__Data-Type/0560__Date.htm,20070319184452
(thin),https://www.java2s.com/Tutorial/Java/0040__Data-Type/0560__Date.html,20260511174922
(thin),http://www.java2s.com:80/Tutorial/Java/0040__Data-Type/0580__Calendar.htm,20070531214216
(thin),https://www.java2s.com/Tutorial/Java/0040__Data-Type/0580__Calendar.html,20260510052206
(thin),http://www.java2s.com:80/Tutorial/Java/0040__Data-Type/0600__Gregorian-Calendar.htm,20070531211320
(thin),https://www.java2s.com/Tutorial/Java/0040__Data-Type/0600__Gregorian-Calendar.html,20260517154719
(thin),http://www.java2s.com:80/Tutorial/Java/0040__Data-Type/0620__Date-Format.htm,20070326194241
(thin),https://www.java2s.com/Tutorial/Java/0040__Data-Type/0620__Date-Format.html,20260510185923
(thin),http://www.java2s.com:80/Tutorial/Java/0040__Data-Type/0630__Date-Calculation.htm,20090515114413
(thin),https://www.java2s.com/Tutorial/Java/0040__Data-Type/0630__Date-Calculation.html,20260512224525
(thin),http://www.java2s.com:80/Tutorial/Java/0040__Data-Type/0630__Date-Format.htm,20080801164446
-,http://www.java2s.com:80/Tutorial/Java/0040__Data-Type/0640__enum.htm,20070429110814
(thin),https://www.java2s.com/Tutorial/Java/0040__Data-Type/0640__enum.html,20260711113444
(thin),http://www.java2s.com:80/Tutorial/Java/0040__Data-Type/0660__enum-methods.htm,20080801183308
(thin),https://www.java2s.com/Tutorial/Java/0040__Data-Type/0660__enum-methods.html,20260517001311
(thin),http://www.java2s.com:80/Tutorial/Java/0040__Data-Type/0680__BigInteger.htm,20080801164451
(thin),https://www.java2s.com/Tutorial/Java/0040__Data-Type/0680__BigInteger.html,20260512035546
(thin),http://www.java2s.com:80/Tutorial/Java/0040__Data-Type/0700__BigDecimal.htm,20090628035403
(thin),https://www.java2s.com/Tutorial/Java/0040__Data-Type/0700__BigDecimal.html,20260514071325
(thin),http://www.java2s.com:80/Tutorial/Java/0040__Data-Type/0720__Decimal.htm,20090628035413
(thin),https://www.java2s.com/Tutorial/Java/0040__Data-Type/0720__Decimal.html,20260521042048
data-type-abbreviatesastringusingellipses-2,http://java2s.com:80/Tutorial/Java/0040__Data-Type/AbbreviatesaStringusingellipses.htm,20100412210637
data-type-abbreviatesastringusingellipsesinbothsides-2,http://java2s.com:80/Tutorial/Java/0040__Data-Type/AbbreviatesaStringusingellipsesinbothsides.htm,20100412210054
(thin),http://java2s.com:80/Tutorial/Java/0040__Data-Type/Abbreviatestring.htm,20100412210642
(thin),http://www.java2s.com:80/Tutorial/Java/0040__Data-Type/AbubblesortforStrings.htm,20081010215908
data-type-accessingstringcharacters,http://www.java2s.com:80/Tutorial/Java/0040__Data-Type/AccessingStringCharacters.htm,20070328231341
(thin),http://www.java2s.com:80/Tutorial/Java/0040__Data-Type/Acustomnumberformatterthatformatsnumbersashexadecimalstrings.htm,20100706224153
(thin),http://www.java2s.com:80/Tutorial/Java/0040__Data-Type/Add10monthstothecalendar.htm,20090517010019
(thin),http://www.java2s.com:80/Tutorial/Java/0040__Data-Type/add8daystothecurrentdateandprintoutthedateandtime.htm,20081028155220
(thin),http://www.java2s.com:80/Tutorial/Java/0040__Data-Type/addanother12hoursandprintoutthedateandtime.htm,20081028155225
(thin),http://www.java2s.com:80/Tutorial/Java/0040__Data-Type/Addhoursminutesorsecondstoadate.htm,20090517010738
(thin),http://www.java2s.com:80/Tutorial/Java/0040__Data-Type/AddhourstocurrentdateusingCalendaraddmethod.htm,20090517010743
data-type-addingmemberstoanenumerationclass,http://www.java2s.com:80/Tutorial/Java/0040__Data-Type/AddingMemberstoanEnumerationClass.htm,20070428024431
(thin),http://www.java2s.com:80/Tutorial/Java/0040__Data-Type/Addleadingzerostoanumber.htm,20091124194149
(thin),http://www.java2s.com:80/Tutorial/Java/0040__Data-Type/AddminutestocurrentdateusingCalendaraddmethod.htm,20090517010818
(thin),http://www.java2s.com:80/Tutorial/Java/0040__Data-Type/AddmonthstocurrentdateusingCalendaraddmethod.htm,20090515101945
(thin),http://www.java2s.com:80/Tutorial/Java/0040__Data-Type/AddorsubstractdaystocurrentdateusingJavaCalendar.htm,20090517010823
(thin),http://www.java2s.com:80/Tutorial/Java/0040__Data-Type/AddsecondstocurrentdateusingCalendaraddmethod.htm,20090517010236
data-type-addtwointegerscheckingforoverflow-2,http://www.java2s.com:80/Tutorial/Java/0040__Data-Type/Addtwointegerscheckingforoverflow.htm,20100627172137
-,http://www.java2s.com:80/Tutorial/Java/0040__Data-Type/Addtwolongintegerscheckingforoverflow.htm,20090912060540
(thin),http://www.java2s.com:80/Tutorial/Java/0040__Data-Type/AddweektocurrentdateusingCalendaraddmethod.htm,20090517010024
(thin),http://www.java2s.com:80/Tutorial/Java/0040__Data-Type/AddyeartocurrentdateusingCalendaraddmethod.htm,20090517010748
(thin),http://www.java2s.com:80/Tutorial/Java/0040__Data-Type/Aformatterthatformatsdatestoshowtheelapsedtimerelativetosomebasedate.htm,20090904122441
(thin),http://www.java2s.com:80/Tutorial/Java/0040__Data-Type/Ahexadecimalliteraloftypelong.htm,20071023083313
(thin),http://www.java2s.com:80/Tutorial/Java/0040__Data-Type/Anautomatictypeconversion.htm,20071024025431
(thin),http://www.java2s.com:80/Tutorial/Java/0040__Data-Type/andoperationonBigInteger.htm,20090425194527
data-type-anintegersynchronizedcounterclass,http://www.java2s.com:80/Tutorial/Java/0040__Data-Type/Anintegersynchronizedcounterclass.htm,20100403230254
(thin),http://www.java2s.com:80/Tutorial/Java/0040__Data-Type/antNotoperationonBigInteger.htm,20090425194532
(thin),http://www.java2s.com:80/Tutorial/Java/0040__Data-Type/AnumberformatterforlogarithmicvaluesThisformatterdoesnotsupportparsing.htm,20091124193542
(thin),http://www.java2s.com:80/Tutorial/Java/0040__Data-Type/Anywhereignorecaseregularexpressions.htm,20091204053430
(thin),http://www.java2s.com:80/Tutorial/Java/0040__Data-Type/Appliedtostringstheprecisionspecifierspecifiesthemaximumfieldlength.htm,20071105044017
data-type-applyingthemodulusoperatortofloatingpointvalues,http://www.java2s.com:80/Tutorial/Java/0040__Data-Type/Applyingthemodulusoperatortofloatingpointvalues.htm,20070330181423
data-type-arraysofstringsdeclareanarrayofstringobjectswheretheinitialvaluesdeter,http://www.java2s.com:80/Tutorial/Java/0040__Data-Type/ArraysofStringsDeclareanarrayofStringobjectswheretheinitialvaluesdeterminethesizeofthearray.htm,20070525055308
data-type-arraysofstringsusingnewoperator,http://www.java2s.com:80/Tutorial/Java/0040__Data-Type/ArraysofStringsusingnewoperator.htm,20070525054819
(thin),http://www.java2s.com:80/Tutorial/Java/0040__Data-Type/ASCIIcharacterhandlingfunctions.htm,20091004045259
(thin),http://www.java2s.com:80/Tutorial/Java/0040__Data-Type/Assignintvaluetocharvariable.htm,20071102042246
data-type-assignstringvariabletonull,http://www.java2s.com:80/Tutorial/Java/0040__Data-Type/AssignStringvariabletonull.htm,20070525065333
data-type-astringcanbecomparedwithastringbuffer-2,http://www.java2s.com:80/Tutorial/Java/0040__Data-Type/AstringcanbecomparedwithaStringBuffer.htm,20100714191706
data-type-attemptstousestringvariablebeforeithasbeeninitialized,http://www.java2s.com:80/Tutorial/Java/0040__Data-Type/Attemptstousestringvariablebeforeithasbeeninitialized.htm,20070525055552
(thin),http://www.java2s.com:80/Tutorial/Java/0040__Data-Type/Autilityclassforconvertingalongintoahumanreadablestring.htm,20090911195230
(thin),http://www.java2s.com:80/Tutorial/Java/0040__Data-Type/AutoboxingandAutoUnboxing.htm,20071105024158
(thin),http://www.java2s.com:80/Tutorial/Java/0040__Data-Type/AutoboxingunboxingaBooleanandCharacter.htm,20081021045744
(thin),http://www.java2s.com:80/Tutorial/Java/0040__Data-Type/Autoboxingunboxinganargumentpassedtoamethodorreturnedfromamethod.htm,20071106024857
(thin),http://www.java2s.com:80/Tutorial/Java/0040__Data-Type/AutoboxingUnboxingBooleanandCharacterValues.htm,20071106033119
(thin),http://www.java2s.com:80/Tutorial/Java/0040__Data-Type/Autoboxingunboxingint.htm,20080815230124
-,http://www.java2s.com:80/Tutorial/Java/0040__Data-Type/Autoboxingunboxingoccursinsideexpressions.htm,20071106053515
(thin),http://www.java2s.com:80/Tutorial/Java/0040__Data-Type/Autoboxingunboxingtakesplacewithmethodparametersandreturnvalues.htm,20080930164409
data-type-automatictypepromotioninexpressions,http://www.java2s.com:80/Tutorial/Java/0040__Data-Type/AutomaticTypePromotioninExpressions.htm,20070613171959
(thin),http://www.java2s.com:80/Tutorial/Java/0040__Data-Type/Autounboxingallowsyoutomixdifferenttypesofnumericobjectsinanexpression.htm,20080930164415
(thin),http://www.java2s.com:80/Tutorial/Java/0040__Data-Type/Autounboxingmixdifferenttypesofnumericobjectsinanexpression.htm,20071105221851
(thin),http://www.java2s.com:80/Tutorial/Java/0040__Data-Type/Beyondthelastcharacterofthesubstring.htm,20071105221856
(thin),http://www.java2s.com:80/Tutorial/Java/0040__Data-Type/BigIntegerisProbablePrime.htm,20080829203611
(thin),http://www.java2s.com:80/Tutorial/Java/0040__Data-Type/BinaryandDecimalvaluetable.htm,20070319212639
data-type-bitmanipulationmethodsinintegerbitcount,http://www.java2s.com:80/Tutorial/Java/0040__Data-Type/BitmanipulationmethodsinIntegerbitCount.htm,20070319212911
(thin),http://www.java2s.com:80/Tutorial/Java/0040__Data-Type/BooleanDataType.htm,20090527094522
(thin),http://www.java2s.com:80/Tutorial/Java/0040__Data-Type/BooleanLiterals.htm,20070810073620
(thin),http://www.java2s.com:80/Tutorial/Java/0040__Data-Type/BooleanVariables.htm,20070810120547
(thin),http://www.java2s.com:80/Tutorial/Java/0040__Data-Type/BoxingandUnboxing.htm,20071105044027
(thin),http://www.java2s.com:80/Tutorial/Java/0040__Data-Type/byteArrayToHexString.htm,20090517034720
data-type-byterange,http://www.java2s.com:80/Tutorial/Java/0040__Data-Type/ByteRange.htm,20100422011541
(thin),http://www.java2s.com:80/Tutorial/Java/0040__Data-Type/Calculatetheage.htm,20090515142314
(thin),http://www.java2s.com:80/Tutorial/Java/0040__Data-Type/CalculatethepoweronaBigInteger.htm,20090425202836
(thin),http://www.java2s.com:80/Tutorial/Java/0040__Data-Type/Calendaradjustdateautomatically.htm,20090517010029
(thin),http://java2s.com:80/Tutorial/Java/0040__Data-Type/CalendarDAYOFWEEK.htm,20071012052748
data-type-capitalanduncapitalstrings,http://java2s.com:80/Tutorial/Java/0040__Data-Type/Capitalanduncapitalstrings.htm,20100412210647
data-type-capitalizethefirstcharacterofthegivenstring,http://java2s.com:80/Tutorial/Java/0040__Data-Type/Capitalizethefirstcharacterofthegivenstring.htm,20100412210652
(thin),http://www.java2s.com:80/Tutorial/Java/0040__Data-Type/CaseinsensitivecheckifaStringendswithaspecifiedsuffix.htm,20090924030436
(thin),http://www.java2s.com:80/Tutorial/Java/0040__Data-Type/CaseinsensitivecheckifaStringstartswithaspecifiedprefix.htm,20091120145512
(thin),http://www.java2s.com:80/Tutorial/Java/0040__Data-Type/Caseinsensitiveremovalofasubstringifitisatthebeginingofasourcestringotherwisereturnsthesourcestring.htm,20091120142138
(thin),http://www.java2s.com:80/Tutorial/Java/0040__Data-Type/Caseinsensitiveremovalofasubstringifitisattheendofasourcestringotherwisereturnsthesourcestring.htm,20091120144304
data-type-castbacktoshort,http://www.java2s.com:80/Tutorial/Java/0040__Data-Type/Castbacktoshort.htm,20101019025819
-,http://www.java2s.com:80/Tutorial/Java/0040__Data-Type/CastingIncompatibleTypes.htm,20071024031414
data-type-castingobjects,http://www.java2s.com:80/Tutorial/Java/0040__Data-Type/CastingObjects.htm,20070711191204
data-type-castresultofplusopertiontobyte,http://www.java2s.com:80/Tutorial/Java/0040__Data-Type/Castresultofplusopertiontobyte.htm,20101020202347
data-type-centersastringinalargerstringofsizesizeusesasuppliedcharacterasthevalu,http://java2s.com:80/Tutorial/Java/0040__Data-Type/CentersaStringinalargerStringofsizesizeUsesasuppliedcharacterasthevaluetopadtheStringwith.htm,20100412210104
data-type-centersastringinalargerstringofsizesizeusesasuppliedstringasthevalueto,http://java2s.com:80/Tutorial/Java/0040__Data-Type/CentersaStringinalargerStringofsizesizeUsesasuppliedStringasthevaluetopadtheStringwith.htm,20100412210059
data-type-centersastringinalargerstringofsizesizeusingthespacecharacter,http://java2s.com:80/Tutorial/Java/0040__Data-Type/CentersaStringinalargerStringofsizesizeusingthespacecharacter.htm,20100412210657
(thin),http://www.java2s.com:80/Tutorial/Java/0040__Data-Type/Changedateformattingsymbols.htm,20090602111228
(thin),http://java2s.com:80/Tutorial/Java/0040__Data-Type/Changemultiplecomponentsatthesametime.htm,20071012052753
(thin),http://www.java2s.com:80/Tutorial/Java/0040__Data-Type/Changethedecimalseparatorissetto.htm,20090914155725
(thin),http://www.java2s.com:80/Tutorial/Java/0040__Data-Type/CharacterEscapeSequences.htm,20071023052956
(thin),http://www.java2s.com:80/Tutorial/Java/0040__Data-Type/CharacterisLowerCase.htm,20071101052623
(thin),http://www.java2s.com:80/Tutorial/Java/0040__Data-Type/CharacterisUpperCase.htm,20071102042252
(thin),http://www.java2s.com:80/Tutorial/Java/0040__Data-Type/charvariablesbehavelikeintegers.htm,20071102042313
(thin),http://java2s.com:80/Tutorial/Java/0040__Data-Type/CheckforaLeapYear.htm,20071012052758
(thin),http://www.java2s.com:80/Tutorial/Java/0040__Data-Type/CheckifaStringendswithaspecifiedsuffix.htm,20091120142505
(thin),http://www.java2s.com:80/Tutorial/Java/0040__Data-Type/Checkifastringisavalidnumber.htm,20090512201221
(thin),http://www.java2s.com:80/Tutorial/Java/0040__Data-Type/Checkifastringispresentatthecurrentpositioninanotherstring.htm,20091120144830
(thin),http://www.java2s.com:80/Tutorial/Java/0040__Data-Type/CheckifaStringstartswithaspecifiedprefix.htm,20091120142143
(thin),http://java2s.com:80/Tutorial/Java/0040__Data-Type/CheckingforaLeapYearusingGregorianCalendar.htm,20071012052803
data-type-checkingtheendofastring,http://www.java2s.com:80/Tutorial/Java/0040__Data-Type/CheckingtheEndofaString.htm,20070328190048
(thin),http://www.java2s.com:80/Tutorial/Java/0040__Data-Type/CheckingtheStartofaString.htm,20071104172953
data-type-checknumberpropertiesandconvertfromnumber,http://www.java2s.com:80/Tutorial/Java/0040__Data-Type/CheckNumberpropertiesandconvertfromNumber.htm,20100406202746
-,http://www.java2s.com:80/Tutorial/Java/0040__Data-Type/ChecksifaStringisemptyornull.htm,20091120144310
(thin),http://www.java2s.com:80/Tutorial/Java/0040__Data-Type/ChecksifaStringisnotemptyandnotnull.htm,20091120145228
(thin),http://www.java2s.com:80/Tutorial/Java/0040__Data-Type/ChecksifaStringiswhitespaceemptyornull.htm,20091120143655
(thin),http://www.java2s.com:80/Tutorial/Java/0040__Data-Type/ChecksifStringcontainsasearchcharacterhandlingnull.htm,20091120150521
(thin),http://www.java2s.com:80/Tutorial/Java/0040__Data-Type/ChecksifStringcontainsasearchStringhandlingnull.htm,20091120144835
(thin),http://www.java2s.com:80/Tutorial/Java/0040__Data-Type/ChecksifStringcontainsasearchStringirrespectiveofcasehandlingnull.htm,20091120145517
(thin),http://www.java2s.com:80/Tutorial/Java/0040__Data-Type/ChecksiftheStringcontainsanycharacterinthegivensetofcharacters.htm,20091120144315
(thin),http://www.java2s.com:80/Tutorial/Java/0040__Data-Type/ChecksifthestringcontainsonlyASCIIprintablecharacters.htm,20091004045305
(thin),http://www.java2s.com:80/Tutorial/Java/0040__Data-Type/ChecksiftheStringcontainsonlycertaincharacters.htm,20091120142510
data-type-checksiftwocalendarobjectsrepresentthesamelocaltime,http://www.java2s.com:80/Tutorial/Java/0040__Data-Type/Checksiftwocalendarobjectsrepresentthesamelocaltime.htm,20100328232627
data-type-checksiftwodateobjectsareonthesamedayignoringtime,http://www.java2s.com:80/Tutorial/Java/0040__Data-Type/Checksiftwodateobjectsareonthesamedayignoringtime.htm,20100328231038
data-type-checksiftwodateobjectsrepresentthesameinstantintime,http://www.java2s.com:80/Tutorial/Java/0040__Data-Type/Checksiftwodateobjectsrepresentthesameinstantintime.htm,20100328230322
(thin),http://www.java2s.com:80/Tutorial/Java/0040__Data-Type/ChecksthattheStringdoesnotcontaincertaincharacters.htm,20090925094332
(thin),http://www.java2s.com:80/Tutorial/Java/0040__Data-Type/CheckswhetherthecharacterisASCII7bit.htm,20091004050346
(thin),http://www.java2s.com:80/Tutorial/Java/0040__Data-Type/CheckswhetherthecharacterisASCII7bitalphabetic.htm,20091004050351
(thin),http://www.java2s.com:80/Tutorial/Java/0040__Data-Type/CheckswhetherthecharacterisASCII7bitalphabeticlowercase.htm,20091004045310
(thin),http://www.java2s.com:80/Tutorial/Java/0040__Data-Type/CheckswhetherthecharacterisASCII7bitalphabeticuppercase.htm,20091004045315
(thin),http://www.java2s.com:80/Tutorial/Java/0040__Data-Type/CheckswhetherthecharacterisASCII7bitcontrol.htm,20091004050357
(thin),http://www.java2s.com:80/Tutorial/Java/0040__Data-Type/CheckswhetherthecharacterisASCII7bitnumeric.htm,20091004045320
(thin),http://www.java2s.com:80/Tutorial/Java/0040__Data-Type/CheckswhetherthecharacterisASCII7bitnumericandcharacter.htm,20091004045327
(thin),http://www.java2s.com:80/Tutorial/Java/0040__Data-Type/CheckswhetherthecharacterisASCII7bitprintable.htm,20091004045332
(thin),http://www.java2s.com:80/Tutorial/Java/0040__Data-Type/CheckswhethertheStringcontainsonlydigitcharacters.htm,20090925094337
(thin),http://www.java2s.com:80/Tutorial/Java/0040__Data-Type/CheckwhetherthegivenStringisavalididentifieraccordingtotheJavaLanguagespecifications.htm,20091120150526
data-type-chopicharactersofftheendofastring,http://www.java2s.com:80/Tutorial/Java/0040__Data-Type/Chopicharactersofftheendofastring.htm,20100707054328
(thin),http://www.java2s.com:80/Tutorial/Java/0040__Data-Type/Classwithmethodsfortypeconversion.htm,20100315020042
(thin),http://www.java2s.com:80/Tutorial/Java/0040__Data-Type/ClearabitinaBigInteger.htm,20090425201345
(thin),http://www.java2s.com:80/Tutorial/Java/0040__Data-Type/ComparedatetimeusingaftermethodofJavaCalendar.htm,20090515113646
-,http://www.java2s.com:80/Tutorial/Java/0040__Data-Type/ComparedatetimeusingbeforemethodofJavaCalendar.htm,20090515142319
(thin),http://www.java2s.com:80/Tutorial/Java/0040__Data-Type/Compareintegersusingifstatementsrelationaloperatorsandequalityoperators.htm,20071024034907
data-type-comparesallstringsinanarrayandreturnstheindexatwhichthestringsbegintod,http://www.java2s.com:80/Tutorial/Java/0040__Data-Type/ComparesallStringsinanarrayandreturnstheindexatwhichtheStringsbegintodiffer.htm,20100831125852
data-type-comparesallstringsinanarrayandreturnstheinitialsequenceofcharacterstha,http://www.java2s.com:80/Tutorial/Java/0040__Data-Type/ComparesallStringsinanarrayandreturnstheinitialsequenceofcharactersthatiscommontoallofthem.htm,20100831125856
data-type-comparestwofloatsfororder,http://www.java2s.com:80/Tutorial/Java/0040__Data-Type/Comparestwofloatsfororder.htm,20100125091023
data-type-comparestwostringsandreturnstheindexatwhichthestringsbegintodiffer,http://www.java2s.com:80/Tutorial/Java/0040__Data-Type/ComparestwoStringsandreturnstheindexatwhichtheStringsbegintodiffer.htm,20100831125901
data-type-comparestwostringsandreturnstheportionwheretheydiffer,http://www.java2s.com:80/Tutorial/Java/0040__Data-Type/ComparestwoStringsandreturnstheportionwheretheydiffer.htm,20100831125906
(thin),http://java2s.com:80/Tutorial/Java/0040__Data-Type/compareToandequalsforenumdatatype.htm,20071014051430
(thin),http://www.java2s.com:80/Tutorial/Java/0040__Data-Type/CompareTwoJavabooleanArraysExample.htm,20090528120506
(thin),http://www.java2s.com:80/Tutorial/Java/0040__Data-Type/CompareTwoJavabyteArraysExample.htm,20090517041501
(thin),http://www.java2s.com:80/Tutorial/Java/0040__Data-Type/CompareTwoJavacharArrays.htm,20090622152730
(thin),http://www.java2s.com:80/Tutorial/Java/0040__Data-Type/CompareTwoJavadoubleArrays.htm,20090726130043
(thin),http://www.java2s.com:80/Tutorial/Java/0040__Data-Type/CompareTwoJavafloatArrays.htm,20090512205949
(thin),http://www.java2s.com:80/Tutorial/Java/0040__Data-Type/CompareTwoJavaintArrays.htm,20090512202042
(thin),http://www.java2s.com:80/Tutorial/Java/0040__Data-Type/CompareTwoJavalongArraysExample.htm,20090911195234
data-type-comparetwojavashortarrays,http://www.java2s.com:80/Tutorial/Java/0040__Data-Type/CompareTwoJavashortArrays.htm,20101020195258
(thin),http://www.java2s.com:80/Tutorial/Java/0040__Data-Type/comparetwoobjectsofCharacter.htm,20081204084103
(thin),http://www.java2s.com:80/Tutorial/Java/0040__Data-Type/ComparingCalendars.htm,20071012033732
data-type-comparingenumerationvalues,http://www.java2s.com:80/Tutorial/Java/0040__Data-Type/ComparingEnumerationValues.htm,20070701182732
data-type-comparingstringsforequality,http://www.java2s.com:80/Tutorial/Java/0040__Data-Type/ComparingStringsforEquality.htm,20070328185718
data-type-comparingtwostrings,http://www.java2s.com:80/Tutorial/Java/0040__Data-Type/ComparingTwoStrings.htm,20070525054836
data-type-compress2adjacentsingleordoublequotesintoasinglesordquotewhenfoundinth,http://www.java2s.com:80/Tutorial/Java/0040__Data-Type/Compress2adjacentsingleordoublequotesintoasinglesordquotewhenfoundinthemiddleofaString.htm,20100831125911
data-type-computationwithshorterintegertypes,http://www.java2s.com:80/Tutorial/Java/0040__Data-Type/ComputationwithShorterIntegerTypes.htm,20070701165307
(thin),http://www.java2s.com:80/Tutorial/Java/0040__Data-Type/Computedaysbetween2dates.htm,20090517010828
(thin),http://www.java2s.com:80/Tutorial/Java/0040__Data-Type/Computedistancelighttravelsusinglongvariables.htm,20071106053521
-,http://www.java2s.com:80/Tutorial/Java/0040__Data-Type/ConstructaCalendarobjectbyusingthesetTimemethod.htm,20071012033737
(thin),http://www.java2s.com:80/Tutorial/Java/0040__Data-Type/ConstructoneStringfromanother.htm,20080902030121
(thin),http://www.java2s.com:80/Tutorial/Java/0040__Data-Type/Constructstringfromsubsetofchararray.htm,20080901201456
(thin),http://www.java2s.com:80/Tutorial/Java/0040__Data-Type/ConvertabytearraytoaHexstring.htm,20090618110949
(thin),http://www.java2s.com:80/Tutorial/Java/0040__Data-Type/ConvertabytearraytoaStringwithahexidecimalformat.htm,20091123143737
(thin),http://www.java2s.com:80/Tutorial/Java/0040__Data-Type/Convertabytearraytobase64string.htm,20091004014654
(thin),http://www.java2s.com:80/Tutorial/Java/0040__Data-Type/ConvertahexidecimalstringgeneratedbytoHexStringbackintoabytearray.htm,20091123210348
(thin),http://www.java2s.com:80/Tutorial/Java/0040__Data-Type/Convertanintegerintobinaryhexadecimalandoctal.htm,20090528225621
(thin),http://www.java2s.com:80/Tutorial/Java/0040__Data-Type/ConvertanintvaluetoStringconcatenatestringtoanintvalue.htm,20090512202102
(thin),http://www.java2s.com:80/Tutorial/Java/0040__Data-Type/ConvertanintvaluetoStringIntegertoStringi.htm,20090512202057
(thin),http://www.java2s.com:80/Tutorial/Java/0040__Data-Type/ConvertanintvaluetoStringnewIntegeritoString.htm,20090512205954
(thin),http://www.java2s.com:80/Tutorial/Java/0040__Data-Type/ConvertanUNSIGNEDbytetoaJAVAtype.htm,20090518024013
data-type-convertastringdatesuchas20030110intoajavautildateobject,http://www.java2s.com:80/Tutorial/Java/0040__Data-Type/ConvertaStringDateSuchas20030110intoajavautilDateObject.htm,20070324082058
(thin),http://www.java2s.com:80/Tutorial/Java/0040__Data-Type/Convertastringintoabytearrayinhexformat.htm,20091123143742
data-type-convertastringtodate,http://www.java2s.com:80/Tutorial/Java/0040__Data-Type/ConvertaStringtoDate.htm,20101006234318
(thin),http://www.java2s.com:80/Tutorial/Java/0040__Data-Type/ConvertaStringtoint.htm,20090512202052
data-type-convertbase64stringtoabytearray,http://www.java2s.com:80/Tutorial/Java/0040__Data-Type/Convertbase64stringtoabytearray.htm,20101009080046
(thin),http://www.java2s.com:80/Tutorial/Java/0040__Data-Type/ConvertBigIntegerintoanotherradixnumber.htm,20090425201350
(thin),http://www.java2s.com:80/Tutorial/Java/0040__Data-Type/Convertbinarynumbertodecimalnumber.htm,20090509215321
(thin),http://www.java2s.com:80/Tutorial/Java/0040__Data-Type/Convertbooleantointeger.htm,20090527094442
(thin),http://www.java2s.com:80/Tutorial/Java/0040__Data-Type/ConvertBooleantoString.htm,20090527092733
(thin),http://www.java2s.com:80/Tutorial/Java/0040__Data-Type/ConvertbooleanvaluetoBoolean.htm,20090527093949
data-type-convertbytearraytohexstring,http://www.java2s.com:80/Tutorial/Java/0040__Data-Type/ConvertbytearraytoHexString.htm,20100822122809
data-type-convertbytearraytointegerandlong,http://www.java2s.com:80/Tutorial/Java/0040__Data-Type/ConvertbytearraytoIntegerandLong.htm,20100315015503
(thin),http://www.java2s.com:80/Tutorial/Java/0040__Data-Type/ConvertbytearraytoString.htm,20090515140852
(thin),http://www.java2s.com:80/Tutorial/Java/0040__Data-Type/Convertbytestoabase16string.htm,20091128185533
(thin),http://www.java2s.com:80/Tutorial/Java/0040__Data-Type/ConvertBytetonumericprimitivedatatypesexample.htm,20090517035942
(thin),http://www.java2s.com:80/Tutorial/Java/0040__Data-Type/ConvertbytetoStringCreatingabytearrayandpassingittotheStringconstructor.htm,20090517041512
-,http://www.java2s.com:80/Tutorial/Java/0040__Data-Type/ConvertbytetoStringUsingsimpleconcatenationwithanemptyString.htm,20090517041517
(thin),http://www.java2s.com:80/Tutorial/Java/0040__Data-Type/ConvertbytetoStringUsingthestatictoStringmethodoftheByteclass.htm,20090517035057
(thin),http://www.java2s.com:80/Tutorial/Java/0040__Data-Type/ConvertCharacterstoLowerCase.htm,20090516112144
(thin),http://www.java2s.com:80/Tutorial/Java/0040__Data-Type/ConvertCharacterstoUpperCase.htm,20090516112149
(thin),http://www.java2s.com:80/Tutorial/Java/0040__Data-Type/ConvertcharactertodigitwithCharacterdigit.htm,20071102042257
(thin),http://www.java2s.com:80/Tutorial/Java/0040__Data-Type/ConvertDateintomillisecondsexample.htm,20090609112420
(thin),http://www.java2s.com:80/Tutorial/Java/0040__Data-Type/Convertdayofyeartodayofmonth.htm,20090517010241
(thin),http://www.java2s.com:80/Tutorial/Java/0040__Data-Type/Convertdecimalintegertohexadecimalnumber.htm,20090512202932
(thin),http://www.java2s.com:80/Tutorial/Java/0040__Data-Type/Convertdecimalintegertohexadecimalnumberexample.htm,20090817164354
(thin),http://www.java2s.com:80/Tutorial/Java/0040__Data-Type/Convertdecimalintegertooctalnumber.htm,20090512201232
(thin),http://www.java2s.com:80/Tutorial/Java/0040__Data-Type/Convertdecimalintegertooctalnumberexample.htm,20090817044045
(thin),http://www.java2s.com:80/Tutorial/Java/0040__Data-Type/ConvertDecimaltoBinary.htm,20090512202917
(thin),http://www.java2s.com:80/Tutorial/Java/0040__Data-Type/ConvertDecimaltoHexadecimal.htm,20090512201226
(thin),http://www.java2s.com:80/Tutorial/Java/0040__Data-Type/ConvertDecimaltoOctal.htm,20090512202922
(thin),http://www.java2s.com:80/Tutorial/Java/0040__Data-Type/Convertdoublevaluetostringandcheckthepositionofdot.htm,20090305055250
data-type-convertfromajavautildateobjecttoajavasqldateobject,http://www.java2s.com:80/Tutorial/Java/0040__Data-Type/ConvertfromajavautilDateObjecttoajavasqlDateObject.htm,20070319212943
(thin),http://www.java2s.com:80/Tutorial/Java/0040__Data-Type/ConvertfromASCIIcodetoString.htm,20090622152735
(thin),http://www.java2s.com:80/Tutorial/Java/0040__Data-Type/ConvertfromBytearraytohexadecimalstring.htm,20090512202107
(thin),http://www.java2s.com:80/Tutorial/Java/0040__Data-Type/Convertfromdecimaltobinary.htm,20090512202117
(thin),http://www.java2s.com:80/Tutorial/Java/0040__Data-Type/Convertfromdecimaltohexadecimal.htm,20090512201242
(thin),http://www.java2s.com:80/Tutorial/Java/0040__Data-Type/Convertfromdecimaltohexadecimalwithleadingzeroesanduppercase.htm,20090512202937
(thin),http://www.java2s.com:80/Tutorial/Java/0040__Data-Type/ConvertfromdoubletoString.htm,20090726130048
(thin),http://www.java2s.com:80/Tutorial/Java/0040__Data-Type/ConvertfromfloattoString.htm,20090512205959
(thin),http://www.java2s.com:80/Tutorial/Java/0040__Data-Type/ConvertfromintegertoASCIIcodebyte.htm,20090622152740
(thin),http://www.java2s.com:80/Tutorial/Java/0040__Data-Type/ConvertfromintegertoString.htm,20090512201247
(thin),http://www.java2s.com:80/Tutorial/Java/0040__Data-Type/ConvertfromlongtoString.htm,20090911195249
-,http://www.java2s.com:80/Tutorial/Java/0040__Data-Type/ConvertfromStringtodouble.htm,20090726130828
(thin),http://www.java2s.com:80/Tutorial/Java/0040__Data-Type/ConvertfromStringtofloat.htm,20090512201237
(thin),http://www.java2s.com:80/Tutorial/Java/0040__Data-Type/ConvertfromStringtointeger.htm,20090512202112
data-type-convertfromstringtolong,http://www.java2s.com:80/Tutorial/Java/0040__Data-Type/ConvertfromStringtolong.htm,20090912060550
(thin),http://www.java2s.com:80/Tutorial/Java/0040__Data-Type/Converthexadecimalnumbertodecimalnumber.htm,20090512202123
(thin),http://www.java2s.com:80/Tutorial/Java/0040__Data-Type/ConvertingaPrimitiveTypeValuetoaString.htm,20091004014659
data-type-convertingastringtoabytenumber,http://www.java2s.com:80/Tutorial/Java/0040__Data-Type/ConvertingaStringtoabyteNumber.htm,20101009070233
(thin),http://www.java2s.com:80/Tutorial/Java/0040__Data-Type/ConvertingaStringtoadoubletypeNumber.htm,20090726130053
(thin),http://www.java2s.com:80/Tutorial/Java/0040__Data-Type/ConvertingaStringtoafloattypeNumber.htm,20090512202127
data-type-convertingastringtoaintintegernumber,http://www.java2s.com:80/Tutorial/Java/0040__Data-Type/ConvertingaStringtoaintintegerNumber.htm,20101009070937
data-type-convertingastringtoashortnumber,http://www.java2s.com:80/Tutorial/Java/0040__Data-Type/ConvertingaStringtoashortNumber.htm,20101009070943
(thin),http://www.java2s.com:80/Tutorial/Java/0040__Data-Type/ConvertingbytetoString.htm,20071105044032
(thin),http://www.java2s.com:80/Tutorial/Java/0040__Data-Type/ConvertingChararraytoString.htm,20071105024208
(thin),http://www.java2s.com:80/Tutorial/Java/0040__Data-Type/ConvertingdoubletoString.htm,20071105221901
(thin),http://www.java2s.com:80/Tutorial/Java/0040__Data-Type/ConvertingfloattoString.htm,20071105044037
data-type-convertinghexadecimalstrings,http://www.java2s.com:80/Tutorial/Java/0040__Data-Type/Convertinghexadecimalstrings.htm,20100706224203
(thin),http://www.java2s.com:80/Tutorial/Java/0040__Data-Type/ConvertingIntegertoHexString.htm,20070901220342
(thin),http://www.java2s.com:80/Tutorial/Java/0040__Data-Type/Convertinginttobinarystring.htm,20071105024216
(thin),http://www.java2s.com:80/Tutorial/Java/0040__Data-Type/ConvertinginttoString.htm,20071106033130
(thin),http://www.java2s.com:80/Tutorial/Java/0040__Data-Type/ConvertinglongtoString.htm,20071104172958
(thin),http://www.java2s.com:80/Tutorial/Java/0040__Data-Type/ConvertingshorttoString.htm,20071104173003
(thin),http://www.java2s.com:80/Tutorial/Java/0040__Data-Type/Convertintegertoboolean.htm,20090528120516
(thin),http://www.java2s.com:80/Tutorial/Java/0040__Data-Type/ConvertinttoOctalString.htm,20071104173008
(thin),http://www.java2s.com:80/Tutorial/Java/0040__Data-Type/ConvertJavabooleanPrimitivetoBooleanobject.htm,20090528120511
(thin),http://www.java2s.com:80/Tutorial/Java/0040__Data-Type/ConvertjavaDoubletonumericprimitivedatatypes.htm,20090726130058
-,http://www.java2s.com:80/Tutorial/Java/0040__Data-Type/ConvertJavaFloattoNumericPrimitiveDataTypes.htm,20090512202927
(thin),http://www.java2s.com:80/Tutorial/Java/0040__Data-Type/ConvertJavaStringObjecttoBooleanObject.htm,20090527094555
(thin),http://www.java2s.com:80/Tutorial/Java/0040__Data-Type/ConvertJavaStringtoDouble.htm,20090509215610
(thin),http://www.java2s.com:80/Tutorial/Java/0040__Data-Type/ConvertJavaStringtoFloatObject.htm,20090512202047
data-type-convertjavastringtolongexample,http://www.java2s.com:80/Tutorial/Java/0040__Data-Type/ConvertJavaStringtoLongexample.htm,20090912060545
data-type-convertjavastringtoshort,http://www.java2s.com:80/Tutorial/Java/0040__Data-Type/ConvertJavaStringtoShort.htm,20101020195303
data-type-convertlinesintothecanonicalformatthatisterminatelineswiththecrlfseque,http://java2s.com/Tutorial/Java/0040__Data-Type/ConvertlinesintothecanonicalformatthatisterminatelineswiththeCRLFsequence.htm,20111105130235
(thin),http://www.java2s.com:80/Tutorial/Java/0040__Data-Type/ConvertlongprimitivetoLongobjectExample.htm,20090911195254
(thin),http://www.java2s.com:80/Tutorial/Java/0040__Data-Type/ConvertLongtonumericprimitivedatatypesexample.htm,20090911195244
data-type-convertobjecttobigdecimal,http://java2s.com/Tutorial/Java/0040__Data-Type/ConvertObjecttoBigDecimal.htm,20111105111550
(thin),http://www.java2s.com:80/Tutorial/Java/0040__Data-Type/Convertoctalnumbertodecimalnumber.htm,20090512202942
(thin),http://www.java2s.com:80/Tutorial/Java/0040__Data-Type/Convertoctalnumbertodecimalnumberexample.htm,20090817044049
data-type-convertprimitivebackandforth,http://www.java2s.com:80/Tutorial/Java/0040__Data-Type/Convertprimitivebackandforth.htm,20100315015731
data-type-convertsabooleantoastringreturningyesorno,http://www.java2s.com:80/Tutorial/Java/0040__Data-Type/ConvertsabooleantoaStringreturningyesorno.htm,20100222021244
(thin),http://www.java2s.com:80/Tutorial/Java/0040__Data-Type/Convertsahexstringtoabytearray.htm,20091123143747
data-type-convertsanintegertoabooleanspecifyingtheconversionvalues,http://www.java2s.com:80/Tutorial/Java/0040__Data-Type/ConvertsanIntegertoabooleanspecifyingtheconversionvalues.htm,20100219090820
data-type-convertsaninttoabooleanspecifyingtheconversionvalues,http://www.java2s.com:80/Tutorial/Java/0040__Data-Type/Convertsaninttoabooleanspecifyingtheconversionvalues.htm,20100222015848
data-type-convertsastringtoaboolean,http://www.java2s.com:80/Tutorial/Java/0040__Data-Type/ConvertsaStringtoaBoolean.htm,20100219090950
(thin),http://www.java2s.com:80/Tutorial/Java/0040__Data-Type/Convertsbytestoahexstring.htm,20091121071954
data-type-convertshorttonumericprimitivedatatypes,http://www.java2s.com:80/Tutorial/Java/0040__Data-Type/ConvertShorttonumericprimitivedatatypes.htm,20101020195308
data-type-convertstringoftimetotimeobject,http://www.java2s.com:80/Tutorial/Java/0040__Data-Type/Convertstringoftimetotimeobject.htm,20101009080051
(thin),http://www.java2s.com:80/Tutorial/Java/0040__Data-Type/Convertstringtoanintegerornumber.htm,20090509152219
(thin),http://www.java2s.com:80/Tutorial/Java/0040__Data-Type/ConvertStringtoBoolean.htm,20090527094214
-,http://www.java2s.com:80/Tutorial/Java/0040__Data-Type/ConvertStringtobyte.htm,20090515140630
(thin),http://www.java2s.com:80/Tutorial/Java/0040__Data-Type/ConvertStringtobytearray.htm,20090518022157
data-type-convertstringtocharacterarray,http://www.java2s.com:80/Tutorial/Java/0040__Data-Type/ConvertStringtocharacterarray.htm,20101009070932
(thin),http://www.java2s.com:80/Tutorial/Java/0040__Data-Type/Convertstringtochararray.htm,20090622152746
(thin),http://www.java2s.com:80/Tutorial/Java/0040__Data-Type/ConvertStringtojavaintExample.htm,20090924025527
data-type-convertstringtoshortprimitive,http://www.java2s.com:80/Tutorial/Java/0040__Data-Type/ConvertStringtoshortprimitive.htm,20101020202357
data-type-convertstringtouppercase,http://java2s.com:80/Tutorial/Java/0040__Data-Type/Convertstringtouppercase.htm,20100412210109
data-type-convertthebytestoahexstringrepresentationofthebytes,http://www.java2s.com:80/Tutorial/Java/0040__Data-Type/Convertthebytestoahexstringrepresentationofthebytes.htm,20100706223938
data-type-convertthecurrenttimetoajavasqldateobject,http://www.java2s.com:80/Tutorial/Java/0040__Data-Type/ConverttheCurrentTimetoajavasqlDateObject.htm,20070319212923
(thin),http://www.java2s.com:80/Tutorial/Java/0040__Data-Type/CopycharactersfromstringintocharArray.htm,20071106024902
(thin),http://www.java2s.com:80/Tutorial/Java/0040__Data-Type/Copychararraytostring.htm,20090622152751
(thin),http://www.java2s.com:80/Tutorial/Java/0040__Data-Type/CountlettersinaString.htm,20090622152756
data-type-countshowmanytimesthesubstringappearsinthelargerstring,http://www.java2s.com:80/Tutorial/Java/0040__Data-Type/CountshowmanytimesthesubstringappearsinthelargerString.htm,20100120070745
data-type-countthenumberofinstancesofsubstringwithinastring,http://www.java2s.com:80/Tutorial/Java/0040__Data-Type/Countthenumberofinstancesofsubstringwithinastring.htm,20100612011829
data-type-createabigdecimalvisstring,http://www.java2s.com:80/Tutorial/Java/0040__Data-Type/CreateaBigDecimalvisstring.htm,20110204050947
(thin),http://www.java2s.com:80/Tutorial/Java/0040__Data-Type/Createabooleanvariablefromstring.htm,20090528130512
(thin),http://www.java2s.com:80/Tutorial/Java/0040__Data-Type/CreateaDateobjectusingtheCalendarclass.htm,20090508140733
(thin),http://www.java2s.com:80/Tutorial/Java/0040__Data-Type/CreateaDoubleobjectusingoneofthebelowgivenconstructors.htm,20090515015136
data-type-createajavasqltimeobjectfromjavautildate,http://www.java2s.com:80/Tutorial/Java/0040__Data-Type/CreateajavasqlTimeObjectfromjavautilDate.htm,20070324082128
data-type-createajavautildateobjectfromayearmonthdayformat,http://www.java2s.com:80/Tutorial/Java/0040__Data-Type/CreateajavautilDateObjectfromaYearMonthDayFormat.htm,20070319211920
(thin),http://www.java2s.com:80/Tutorial/Java/0040__Data-Type/CreateaLongobject.htm,20090911195259
(thin),http://www.java2s.com:80/Tutorial/Java/0040__Data-Type/CreateanBooleanobjectfrombooleanvalue.htm,20090528120521
(thin),http://www.java2s.com:80/Tutorial/Java/0040__Data-Type/CreateanIntegerobject.htm,20090512202947
data-type-createbigdecimalvaluesviaalong,http://www.java2s.com:80/Tutorial/Java/0040__Data-Type/CreateBigDecimalValuesviaalong.htm,20110204050844
data-type-createbigdecimalvaluesviaastring,http://www.java2s.com:80/Tutorial/Java/0040__Data-Type/CreateBigDecimalValuesviaastring.htm,20110204050849
(thin),http://www.java2s.com:80/Tutorial/Java/0040__Data-Type/CreateBigIntegerfrombytearray.htm,20090425194445
(thin),http://www.java2s.com:80/Tutorial/Java/0040__Data-Type/CreateBigIntegervialongtypevariable.htm,20090425194450
-,http://www.java2s.com:80/Tutorial/Java/0040__Data-Type/CreateBigIntegerviastring.htm,20090425194456
(thin),http://www.java2s.com:80/Tutorial/Java/0040__Data-Type/CreateinstanceofjavasqlDatefromCalendargetTimeInMillis.htm,20090508140923
(thin),http://www.java2s.com:80/Tutorial/Java/0040__Data-Type/CreatejavaDatefromspecifictimeexample.htm,20090609113902
(thin),http://www.java2s.com:80/Tutorial/Java/0040__Data-Type/CreateStringwithchararray.htm,20081217060149
data-type-createyesterdaysdatefromadateinthestringformatofmmddyyyy,http://www.java2s.com:80/Tutorial/Java/0040__Data-Type/CreateYesterdaysDatefromaDateintheStringFormatofMMDDYYYY.htm,20070319212953
(thin),http://java2s.com:80/Tutorial/Java/0040__Data-Type/CreatingaCalendarobjectfromalocale.htm,20071012052813
(thin),http://www.java2s.com:80/Tutorial/Java/0040__Data-Type/CreatingaDateObjectforaParticularDate.htm,20090427135238
(thin),http://www.java2s.com:80/Tutorial/Java/0040__Data-Type/Creatingastringfromasubsetofthearrayelements.htm,20070829171720
(thin),http://www.java2s.com:80/Tutorial/Java/0040__Data-Type/CreatingCharacterArraysFromStringObjects.htm,20070823214505
(thin),http://java2s.com:80/Tutorial/Java/0040__Data-Type/CreatingGregorianCalendars.htm,20071012052808
(thin),http://www.java2s.com:80/Tutorial/Java/0040__Data-Type/CreatingStringObjectsFromCharacterArrays.htm,20070829150626
(thin),http://www.java2s.com:80/Tutorial/Java/0040__Data-Type/CreatingStringObjectsFromCharacterArraysusingStringcopyValueOf.htm,20071105221911
(thin),http://www.java2s.com:80/Tutorial/Java/0040__Data-Type/Datatypeconversion.htm,20100312140704
(thin),http://www.java2s.com:80/Tutorial/Java/0040__Data-Type/Dateandtimewithdayandmonthfullyspelledout.htm,20090511155458
(thin),http://www.java2s.com:80/Tutorial/Java/0040__Data-Type/Dateandtimewithmonth.htm,20090602113209
(thin),http://www.java2s.com/Tutorial/Java/0040__Data-Type/DateErachange.htm,20081205075051
(thin),http://www.java2s.com/Tutorial/Java/0040__Data-Type/DateFormatgetDateTimeInstanceDateFormatFULLDateFormatMEDIUM.htm,20081205074643
(thin),http://www.java2s.com/Tutorial/Java/0040__Data-Type/DateFormatwithSimpleDateFormat.htm,20081205014639
data-type-dateparsingandformattingwithdateformat,http://www.java2s.com:80/Tutorial/Java/0040__Data-Type/DateParsingandFormattingwithDateFormat.htm,20070319212812
(thin),http://www.java2s.com:80/Tutorial/Java/0040__Data-Type/DaysTillEndOfYear.htm,20090227232658
(thin),http://www.java2s.com:80/Tutorial/Java/0040__Data-Type/DecimalFormat.htm,20090305043553
data-type-decimalformat0000000000e0,http://www.java2s.com:80/Tutorial/Java/0040__Data-Type/DecimalFormat0000000000E0.htm,20100525043610
data-type-decimalformat0000e0,http://www.java2s.com:80/Tutorial/Java/0040__Data-Type/DecimalFormat0000E0.htm,20100525043915
data-type-decimalformat000e00,http://www.java2s.com:80/Tutorial/Java/0040__Data-Type/DecimalFormat000E00.htm,20100525043922
-,http://www.java2s.com:80/Tutorial/Java/0040__Data-Type/DecimalFormat00E00.htm,20100525043615
data-type-decimalformate0exponentmustbemultipleof2,http://www.java2s.com:80/Tutorial/Java/0040__Data-Type/DecimalFormatE0exponentmustbemultipleof2.htm,20100525043927
data-type-decimalformate0exponentmustbemultipleof3,http://www.java2s.com:80/Tutorial/Java/0040__Data-Type/DecimalFormatE0exponentmustbemultipleof3.htm,20100402235318
(thin),http://www.java2s.com:80/Tutorial/Java/0040__Data-Type/Declaringavariableoftypefloat.htm,20071105044042
(thin),http://www.java2s.com:80/Tutorial/Java/0040__Data-Type/DeclaringCheckedExceptions.htm,20090511160917
(thin),http://www.java2s.com:80/Tutorial/Java/0040__Data-Type/Declaringmorethanonefloatvariableinasinglestatement.htm,20071104052432
data-type-decodebytearray,http://www.java2s.com:80/Tutorial/Java/0040__Data-Type/Decodebytearray.htm,20100706224208
data-type-decodesbase64dataintooctects,http://www.java2s.com:80/Tutorial/Java/0040__Data-Type/DecodesBase64dataintooctects.htm,20100706224323
data-type-decodeshexdataintooctects,http://www.java2s.com:80/Tutorial/Java/0040__Data-Type/DecodesHexdataintooctects.htm,20100706224328
(thin),http://www.java2s.com:80/Tutorial/Java/0040__Data-Type/Decodestringtointeger.htm,20090815201141
(thin),http://www.java2s.com:80/Tutorial/Java/0040__Data-Type/Defaultvaluesforprimitivesandreferences.htm,20070612200711
(thin),http://www.java2s.com:80/Tutorial/Java/0040__Data-Type/Definingintegerliteralsasoctalvalues.htm,20071023083328
(thin),http://www.java2s.com:80/Tutorial/Java/0040__Data-Type/DeletesallwhitespacesfromaStringasdefinedbyCharacterisWhitespacechar.htm,20090925093543
data-type-delimitersarecommaspaceorperiod,http://www.java2s.com:80/Tutorial/Java/0040__Data-Type/Delimitersarecommaspaceorperiod.htm,20070328231934
data-type-demoforescape,http://www.java2s.com:80/Tutorial/Java/0040__Data-Type/Demoforescape.htm,20070525055244
(thin),http://www.java2s.com:80/Tutorial/Java/0040__Data-Type/Demonstrateatypewrapper.htm,20080815221705
(thin),http://www.java2s.com/Tutorial/Java/0040__Data-Type/DemonstratedateformatswithdifferentDateFormatconstants.htm,20081205080340
(thin),http://www.java2s.com:80/Tutorial/Java/0040__Data-Type/DemonstrateindexOfandlastIndexOf.htm,20081010215914
(thin),http://www.java2s.com/Tutorial/Java/0040__Data-Type/DemonstrateisInfiniteandisNaN.htm,20081205075206
(thin),http://www.java2s.com:80/Tutorial/Java/0040__Data-Type/DemonstrateordinalcompareToandequals.htm,20081013010636
(thin),http://www.java2s.com/Tutorial/Java/0040__Data-Type/DemonstrateseveralIsmethods.htm,20080829152409
(thin),http://www.java2s.com:80/Tutorial/Java/0040__Data-Type/demonstratesgetChars.htm,20080902030126
(thin),http://www.java2s.com:80/Tutorial/Java/0040__Data-Type/DemonstratesthecharAtandgetChars.htm,20071106053526
(thin),http://www.java2s.com/Tutorial/Java/0040__Data-Type/Demonstratetimeformats.htm,20081205072846
(thin),http://www.java2s.com:80/Tutorial/Java/0040__Data-Type/DemonstratetoUpperCaseandtoLowerCase.htm,20081020225030
(thin),http://www.java2s.com:80/Tutorial/Java/0040__Data-Type/Determineifanhourisbetweenaninterval.htm,20090517010246
-,http://www.java2s.com:80/Tutorial/Java/0040__Data-Type/DeterminesifthespecifiedstringispermissibleasaJavaidentifier.htm,20091004050422
data-type-determinesifthisisaquotedargumentedeithersingleordoublequoted,http://java2s.com/Tutorial/Java/0040__Data-Type/Determinesifthisisaquotedargumentedeithersingleordoublequoted.htm,20111105131245
(thin),http://www.java2s.com:80/Tutorial/Java/0040__Data-Type/Determinethedayoftheweek.htm,20090427134841
data-type-determinethedayoftheweekfromtodaysdate,http://www.java2s.com:80/Tutorial/Java/0040__Data-Type/DeterminetheDayoftheWeekfromTodaysDate.htm,20070319212825
(thin),http://www.java2s.com:80/Tutorial/Java/0040__Data-Type/DeterminingaCharactersUnicodeBlock.htm,20090622152811
(thin),http://www.java2s.com:80/Tutorial/Java/0040__Data-Type/DeterminingIfaStringIsaLegalJavaIdentifier.htm,20090622152806
(thin),http://www.java2s.com:80/Tutorial/Java/0040__Data-Type/DeterminingIfaYearIsaLeapYear.htm,20090517010251
(thin),http://www.java2s.com:80/Tutorial/Java/0040__Data-Type/DeterminingtheDayofWeekforaParticularDate.htm,20090517010039
data-type-displayacurrencyvalue,http://java2s.com/Tutorial/Java/0040__Data-Type/Displayacurrencyvalue.htm,20111105182113
data-type-displayapercentage,http://www.java2s.com:80/Tutorial/Java/0040__Data-Type/Displayapercentage.htm,20100525043620
(thin),http://www.java2s.com:80/Tutorial/Java/0040__Data-Type/Displaydatewithashortdayandmonthname.htm,20090602122033
(thin),http://www.java2s.com:80/Tutorial/Java/0040__Data-Type/Displaydatewithdaynameinashortformat.htm,20090602124158
(thin),http://www.java2s.com:80/Tutorial/Java/0040__Data-Type/DisplayDayofWeekusingJavaCalendar.htm,20090508135957
(thin),http://www.java2s.com:80/Tutorial/Java/0040__Data-Type/Displayfulldatetime.htm,20090508140606
(thin),http://java2s.com:80/Tutorial/Java/0040__Data-Type/DisplayingDatebyweekdayname.htm,20071012052818
(thin),http://www.java2s.com:80/Tutorial/Java/0040__Data-Type/DisplayMonthofyearusingJavaCalendar.htm,20090508140601
data-type-displaynumbersinscientificnotation,http://www.java2s.com:80/Tutorial/Java/0040__Data-Type/Displaynumbersinscientificnotation.htm,20100525043626
data-type-displaynumberswithcommas,http://www.java2s.com:80/Tutorial/Java/0040__Data-Type/Displaynumberswithcommas.htm,20100525043932
data-type-displaynumberswithleadingzeroes,http://www.java2s.com:80/Tutorial/Java/0040__Data-Type/Displaynumberswithleadingzeroes.htm,20100525043937
(thin),http://www.java2s.com:80/Tutorial/Java/0040__Data-Type/DisplayprintableCharacters.htm,20070831233025
data-type-divideonebigdecimalfromanotherbigdecimal,http://www.java2s.com:80/Tutorial/Java/0040__Data-Type/DivideoneBigDecimalfromanotherBigDecimal.htm,20110204050952
(thin),http://www.java2s.com:80/Tutorial/Java/0040__Data-Type/DivideoneBigIntegerfromanotherBigInteger.htm,20090425202841
data-type-domathoperationforbigdecimal,http://www.java2s.com:80/Tutorial/Java/0040__Data-Type/DomathoperationforBigDecimal.htm,20110204051520
-,http://www.java2s.com:80/Tutorial/Java/0040__Data-Type/DomathoperationforBigDecimal.htm,20110204051520
(thin),http://www.java2s.com:80/Tutorial/Java/0040__Data-Type/DomathoperationforBigInteger.htm,20090425194502
(thin),http://www.java2s.com:80/Tutorial/Java/0040__Data-Type/DomathoperationforBigInteger.htm,20090425194502
(thin),http://www.java2s.com:80/Tutorial/Java/0040__Data-Type/Doublequoteandsinglequote.htm,20071023083338
(thin),http://www.java2s.com:80/Tutorial/Java/0040__Data-Type/Doublequoteandsinglequote.htm,20071023083338
(thin),http://www.java2s.com/Tutorial/Java/0040__Data-Type/Doublevalue.htm,20081205073438
(thin),http://www.java2s.com/Tutorial/Java/0040__Data-Type/Doublevalue.htm,20081205073438
data-type-dumpanarrayofbytesinhexform,http://www.java2s.com:80/Tutorial/Java/0040__Data-Type/dumpanarrayofbytesinhexform.htm,20100706223525
data-type-dumpanarrayofbytesinhexform-2,http://www.java2s.com:80/Tutorial/Java/0040__Data-Type/dumpanarrayofbytesinhexform.htm,20100706223525
data-type-dumpsdatainhexadecimalformat,http://www.java2s.com:80/Tutorial/Java/0040__Data-Type/Dumpsdatainhexadecimalformat.htm,20100706224333
data-type-dumpsdatainhexadecimalformat-2,http://www.java2s.com:80/Tutorial/Java/0040__Data-Type/Dumpsdatainhexadecimalformat.htm,20100706224333
data-type-encodeshexoctectsintobase64,http://www.java2s.com:80/Tutorial/Java/0040__Data-Type/EncodeshexoctectsintoBase64.htm,20100706223455
data-type-encodeshexoctectsintobase64-2,http://www.java2s.com:80/Tutorial/Java/0040__Data-Type/EncodeshexoctectsintoBase64.htm,20100706223455
(thin),http://www.java2s.com:80/Tutorial/Java/0040__Data-Type/Endswithignorecaseregularexpressions.htm,20091006110143
(thin),http://www.java2s.com:80/Tutorial/Java/0040__Data-Type/Endswithignorecaseregularexpressions.htm,20091006110143
data-type-enumerationfundamentals,http://www.java2s.com:80/Tutorial/Java/0040__Data-Type/EnumerationFundamentals.htm,20070428112248
data-type-enumerationfundamentals-2,http://www.java2s.com:80/Tutorial/Java/0040__Data-Type/EnumerationFundamentals.htm,20070428112248
data-type-enumsinaclass,http://www.java2s.com:80/Tutorial/Java/0040__Data-Type/EnumsinaClass.htm,20070429210504
data-type-enumsinaclass-2,http://www.java2s.com:80/Tutorial/Java/0040__Data-Type/EnumsinaClass.htm,20070429210504
(thin),http://www.java2s.com:80/Tutorial/Java/0040__Data-Type/Enumtypefield.htm,20081219160354
(thin),http://www.java2s.com:80/Tutorial/Java/0040__Data-Type/Enumtypefield.htm,20081219160354
(thin),http://www.java2s.com:80/Tutorial/Java/0040__Data-Type/enumtypewithitsownmethod.htm,20081219152542
(thin),http://www.java2s.com:80/Tutorial/Java/0040__Data-Type/enumwithswitch.htm,20081219160716
-,http://www.java2s.com:80/Tutorial/Java/0040__Data-Type/enumtypewithitsownmethod.htm,20081219152542
-,http://www.java2s.com/Tutorial/Java/0040__Data-Type/equalsandequalsIgnoreCase.htm,20081205075656
(thin),http://www.java2s.com:80/Tutorial/Java/0040__Data-Type/enumwithswitch.htm,20081219160716
(thin),http://www.java2s.com/Tutorial/Java/0040__Data-Type/equalsandequalsIgnoreCase.htm,20081205075656
(thin),http://java2s.com:80/Tutorial/Java/0040__Data-Type/equalsandoperatorforenumdatatype.htm,20071014051435
(thin),http://www.java2s.com:80/Tutorial/Java/0040__Data-Type/EqualsMethod.htm,20071023083343
(thin),http://www.java2s.com:80/Tutorial/Java/0040__Data-Type/equalsvs.htm,20080901201305
(thin),http://www.java2s.com:80/Tutorial/Java/0040__Data-Type/Equivalence.htm,20071024014145
(thin),http://www.java2s.com:80/Tutorial/Java/0040__Data-Type/EscapeSequenceCharacters.htm,20090622152821
(thin),http://www.java2s.com:80/Tutorial/Java/0040__Data-Type/ExpressadurationintermofHHMMSS.htm,20090531082655
(thin),http://java2s.com:80/Tutorial/Java/0040__Data-Type/equalsandoperatorforenumdatatype.htm,20071014051435
(thin),http://www.java2s.com:80/Tutorial/Java/0040__Data-Type/EqualsMethod.htm,20071023083343
(thin),http://www.java2s.com:80/Tutorial/Java/0040__Data-Type/ExtractingasubstringasanarrayofcharactersusingthemethodgetChars.htm,20070829232358
(thin),http://www.java2s.com:80/Tutorial/Java/0040__Data-Type/equalsvs.htm,20080901201305
(thin),http://www.java2s.com:80/Tutorial/Java/0040__Data-Type/ExtractSubstringwithindexOf.htm,20081010215919
(thin),http://www.java2s.com:80/Tutorial/Java/0040__Data-Type/Equivalence.htm,20071024014145
(thin),http://www.java2s.com:80/Tutorial/Java/0040__Data-Type/FindingthelastoccurrenceofaintheStringvariabletextthemethodlastIndexOf.htm,20071104173013
(thin),http://www.java2s.com:80/Tutorial/Java/0040__Data-Type/EscapeSequenceCharacters.htm,20090622152821
(thin),http://www.java2s.com:80/Tutorial/Java/0040__Data-Type/ExpressadurationintermofHHMMSS.htm,20090531082655
(thin),http://www.java2s.com:80/Tutorial/Java/0040__Data-Type/ExtractingasubstringasanarrayofcharactersusingthemethodgetChars.htm,20070829232358
(thin),http://www.java2s.com:80/Tutorial/Java/0040__Data-Type/ExtractSubstringwithindexOf.htm,20081010215919
(thin),http://www.java2s.com:80/Tutorial/Java/0040__Data-Type/FindingthelastoccurrenceofaintheStringvariabletextthemethodlastIndexOf.htm,20071104173013
(thin),http://www.java2s.com:80/Tutorial/Java/0040__Data-Type/FindsthefirstindexwithinaStringhandlingnull.htm,20091006110148
(thin),http://www.java2s.com:80/Tutorial/Java/0040__Data-Type/FindsthefirstindexwithinaStringhandlingnull.htm,20091006110148
(thin),http://www.java2s.com:80/Tutorial/Java/0040__Data-Type/FindsthelastindexwithinaStringfromastartpositionhandlingnull.htm,20091006110154
(thin),http://www.java2s.com:80/Tutorial/Java/0040__Data-Type/FindsthelastindexwithinaStringfromastartpositionhandlingnull.htm,20091006110154
-,http://www.java2s.com:80/Tutorial/Java/0040__Data-Type/FindsthenthindexwithinaStringhandlingnull.htm,20091006110515
-,http://www.java2s.com:80/Tutorial/Java/0040__Data-Type/FindsthenthindexwithinaStringhandlingnull.htm,20091006110515
(thin),http://www.java2s.com:80/Tutorial/Java/0040__Data-Type/FindtheDifferenceBetweenTwoGivenDates.htm,20071012033742
(thin),http://www.java2s.com:80/Tutorial/Java/0040__Data-Type/Findthefirstindexofanyofasetofpotentialsubstrings.htm,20091006110520
(thin),http://www.java2s.com:80/Tutorial/Java/0040__Data-Type/Findthelatestindexofanyofasetofpotentialsubstrings.htm,20091006110525
(thin),http://www.java2s.com:80/Tutorial/Java/0040__Data-Type/FindtheDifferenceBetweenTwoGivenDates.htm,20071012033742
data-type-fixlineseparator,http://java2s.com:80/Tutorial/Java/0040__Data-Type/FixLineSeparator.htm,20100412210702
(thin),http://www.java2s.com:80/Tutorial/Java/0040__Data-Type/Findthefirstindexofanyofasetofpotentialsubstrings.htm,20091006110520
(thin),http://www.java2s.com:80/Tutorial/Java/0040__Data-Type/Findthelatestindexofanyofasetofpotentialsubstrings.htm,20091006110525
data-type-fixlineseparator-2,http://java2s.com:80/Tutorial/Java/0040__Data-Type/FixLineSeparator.htm,20100412210702
(thin),http://www.java2s.com:80/Tutorial/Java/0040__Data-Type/FlipabitinaBigInteger.htm,20090425202846
data-type-floatingpointcalculations,http://www.java2s.com:80/Tutorial/Java/0040__Data-Type/FloatingPointCalculations.htm,20070330081251
(thin),http://www.java2s.com:80/Tutorial/Java/0040__Data-Type/FlipabitinaBigInteger.htm,20090425202846
data-type-floatingpointcalculations-2,http://www.java2s.com:80/Tutorial/Java/0040__Data-Type/FloatingPointCalculations.htm,20070330081251
data-type-floatingpointdatatypesmemoryandlength,http://www.java2s.com:80/Tutorial/Java/0040__Data-Type/FloatingPointDataTypesmemoryandlength.htm,20070310201622
data-type-floatingpointdatatypesmemoryandlength-2,http://www.java2s.com:80/Tutorial/Java/0040__Data-Type/FloatingPointDataTypesmemoryandlength.htm,20070310201622
(thin),http://www.java2s.com:80/Tutorial/Java/0040__Data-Type/FloatingPointTypes.htm,20090511000830
(thin),http://www.java2s.com:80/Tutorial/Java/0040__Data-Type/FloatingPointTypes.htm,20090511000830
data-type-forafloatvaluexthismethodreturns10fifx0and10fifx0returnsnanifxisnan,http://www.java2s.com:80/Tutorial/Java/0040__Data-Type/Forafloatvaluexthismethodreturns10Fifx0and10Fifx0ReturnsNaNifxisNaN.htm,20100125091534
data-type-forafloatvaluexthismethodreturns10fifx0and10fifx0returnsnanifxisnan-2,http://www.java2s.com:80/Tutorial/Java/0040__Data-Type/Forafloatvaluexthismethodreturns10Fifx0and10Fifx0ReturnsNaNifxisNaN.htm,20100125091534
data-type-forceminimumnumberofdigitstoleftandrightofdecimalpoint,http://java2s.com/Tutorial/Java/0040__Data-Type/Forceminimumnumberofdigitstoleftandrightofdecimalpoint.htm,20111105193609
data-type-forceminimumnumberofdigitstoleftandrightofdecimalpoint-2,http://java2s.com/Tutorial/Java/0040__Data-Type/Forceminimumnumberofdigitstoleftandrightofdecimalpoint.htm,20111105193609
(thin),http://www.java2s.com:80/Tutorial/Java/0040__Data-Type/Formatadateintoddmmyyyy.htm,20090602122038
(thin),http://www.java2s.com:80/Tutorial/Java/0040__Data-Type/Formatadateintoddmmyyyy.htm,20090602122038
(thin),http://www.java2s.com:80/Tutorial/Java/0040__Data-Type/Formatapercentageforpresentationtotheuser.htm,20091124190922
(thin),http://www.java2s.com:80/Tutorial/Java/0040__Data-Type/Formatapercentageforpresentationtotheuser.htm,20091124190922
data-type-formatastringjdk15,http://java2s.com:80/Tutorial/Java/0040__Data-Type/FormataStringJDK15.htm,20100412210707
-,http://java2s.com:80/Tutorial/Java/0040__Data-Type/FormataStringJDK15.htm,20100412210707
-,http://www.java2s.com:80/Tutorial/Java/0040__Data-Type/FormatCalendarwithStringformat.htm,20090924020019
(thin),http://www.java2s.com:80/Tutorial/Java/0040__Data-Type/FormatcurrentdateandtimewiththeSimpleDateFormatddMMyyyy.htm,20090602124203
(thin),http://www.java2s.com:80/Tutorial/Java/0040__Data-Type/FormatcurrentdateandtimewiththeSimpleDateFormatHHmmss.htm,20090602122043
(thin),http://java2s.com:80/Tutorial/Java/0040__Data-Type/FormatDatewithSystemoutformat.htm,20090123142025
(thin),http://www.java2s.com:80/Tutorial/Java/0040__Data-Type/FormatdoublewithSystemoutformat.htm,20090305050609
(thin),http://www.java2s.com:80/Tutorial/Java/0040__Data-Type/FormatCalendarwithStringformat.htm,20090924020019
(thin),http://www.java2s.com:80/Tutorial/Java/0040__Data-Type/FormatlongwithSystemoutformat.htm,20091009131037
data-type-formatstringsintotable,http://java2s.com:80/Tutorial/Java/0040__Data-Type/Formatstringsintotable.htm,20100410214823
(thin),http://www.java2s.com:80/Tutorial/Java/0040__Data-Type/FormatcurrentdateandtimewiththeSimpleDateFormatddMMyyyy.htm,20090602124203
(thin),http://www.java2s.com:80/Tutorial/Java/0040__Data-Type/FormatcurrentdateandtimewiththeSimpleDateFormatHHmmss.htm,20090602122043
(thin),http://java2s.com:80/Tutorial/Java/0040__Data-Type/FormatDatewithSystemoutformat.htm,20090123142025
(thin),http://www.java2s.com:80/Tutorial/Java/0040__Data-Type/FormatdoublewithSystemoutformat.htm,20090305050609
(thin),http://www.java2s.com:80/Tutorial/Java/0040__Data-Type/Formatterthatcachesformatteddateinformation.htm,20090904104341
(thin),http://www.java2s.com:80/Tutorial/Java/0040__Data-Type/FormatlongwithSystemoutformat.htm,20091009131037
data-type-formatstringsintotable-2,http://java2s.com:80/Tutorial/Java/0040__Data-Type/Formatstringsintotable.htm,20100410214823
data-type-formattingdatesandtimes,http://www.java2s.com:80/Tutorial/Java/0040__Data-Type/FormattingDatesandTimes.htm,20070326194453
(thin),http://www.java2s.com:80/Tutorial/Java/0040__Data-Type/Formatterthatcachesformatteddateinformation.htm,20090904104341
data-type-formattingdatesandtimes-2,http://www.java2s.com:80/Tutorial/Java/0040__Data-Type/FormattingDatesandTimes.htm,20070326194453
(thin),http://www.java2s.com/Tutorial/Java/0040__Data-Type/FormattingStringSymbolsforSimpleDateFormat.htm,20081205073138
(thin),http://www.java2s.com:80/Tutorial/Java/0040__Data-Type/FormattingSymbolsforSimpleDateFormat.htm,20090602114142
(thin),http://www.java2s.com/Tutorial/Java/0040__Data-Type/FormattingStringSymbolsforSimpleDateFormat.htm,20081205073138
(thin),http://www.java2s.com:80/Tutorial/Java/0040__Data-Type/FormattingtheTimeUsingaCustomFormat.htm,20090602111234
(thin),http://www.java2s.com:80/Tutorial/Java/0040__Data-Type/FormattingSymbolsforSimpleDateFormat.htm,20090602114142
data-type-fourdifferentdateformatsforfourcountriesusukgermanyfrance,http://www.java2s.com:80/Tutorial/Java/0040__Data-Type/FourdifferentdateformatsforfourcountriesUSUKGERMANYFRANCE.htm,20070319213003
(thin),http://www.java2s.com:80/Tutorial/Java/0040__Data-Type/FormattingtheTimeUsingaCustomFormat.htm,20090602111234
data-type-fourdifferentdateformatsforfourcountriesusukgermanyfrance-2,http://www.java2s.com:80/Tutorial/Java/0040__Data-Type/FourdifferentdateformatsforfourcountriesUSUKGERMANYFRANCE.htm,20070319213003
data-type-fractionisanumberimplementationthatstoresfractionsaccurately,http://www.java2s.com:80/Tutorial/Java/0040__Data-Type/FractionisaNumberimplementationthatstoresfractionsaccurately.htm,20100406202752
data-type-fractionisanumberimplementationthatstoresfractionsaccurately-2,http://www.java2s.com:80/Tutorial/Java/0040__Data-Type/FractionisaNumberimplementationthatstoresfractionsaccurately.htm,20100406202752
(thin),http://www.java2s.com:80/Tutorial/Java/0040__Data-Type/Get7bitASCIIcharacterarrayfrominputString.htm,20091123143754
-,http://www.java2s.com:80/Tutorial/Java/0040__Data-Type/Get7bitASCIIcharacterarrayfrominputString.htm,20091123143754
-,http://www.java2s.com:80/Tutorial/Java/0040__Data-Type/GetaListofShortMonthNames.htm,20090602111916
(thin),http://www.java2s.com:80/Tutorial/Java/0040__Data-Type/GetaListofShortWeekdayNames.htm,20090602111239
(thin),http://www.java2s.com:80/Tutorial/Java/0040__Data-Type/GetaListofShortMonthNames.htm,20090602111916
(thin),http://www.java2s.com:80/Tutorial/Java/0040__Data-Type/GetaListofShortWeekdayNames.htm,20090602111239
(thin),http://www.java2s.com:80/Tutorial/Java/0040__Data-Type/GetaListofWeekdayNames.htm,20090602111244
(thin),http://www.java2s.com:80/Tutorial/Java/0040__Data-Type/Getalldigitsfromastring.htm,20090511160136
(thin),http://www.java2s.com:80/Tutorial/Java/0040__Data-Type/GetaListofWeekdayNames.htm,20090602111244
data-type-getbigintegerfromanobject,http://java2s.com/Tutorial/Java/0040__Data-Type/GetBigIntegerfromanobject.htm,20111105121846
(thin),http://www.java2s.com:80/Tutorial/Java/0040__Data-Type/Getalldigitsfromastring.htm,20090511160136
(thin),http://www.java2s.com:80/Tutorial/Java/0040__Data-Type/GetbytearrayfromBigInteger.htm,20090425194507
(thin),http://www.java2s.com:80/Tutorial/Java/0040__Data-Type/Getbytearrayfromhexstring.htm,20091121123605
data-type-getbigintegerfromanobject-2,http://java2s.com/Tutorial/Java/0040__Data-Type/GetBigIntegerfromanobject.htm,20111105121846
(thin),http://www.java2s.com:80/Tutorial/Java/0040__Data-Type/Getcurrentdateyearandmonth.htm,20090508140928
(thin),http://www.java2s.com:80/Tutorial/Java/0040__Data-Type/Getcurrenttimeinformation.htm,20090508140008
(thin),http://www.java2s.com:80/Tutorial/Java/0040__Data-Type/Getdayofweek.htm,20090507080049
(thin),http://www.java2s.com:80/Tutorial/Java/0040__Data-Type/GetbytearrayfromBigInteger.htm,20090425194507
(thin),http://www.java2s.com:80/Tutorial/Java/0040__Data-Type/GetDaysOfTheWeekfordifferentlocale.htm,20081028155203
(thin),http://www.java2s.com:80/Tutorial/Java/0040__Data-Type/Getbytearrayfromhexstring.htm,20091121123605
data-type-getinputstreamfromastring,http://www.java2s.com:80/Tutorial/Java/0040__Data-Type/GetInputStreamfromaString.htm,20100713111353
(thin),http://www.java2s.com:80/Tutorial/Java/0040__Data-Type/Getcurrentdateyearandmonth.htm,20090508140928
(thin),http://www.java2s.com:80/Tutorial/Java/0040__Data-Type/GetPercentValue.htm,20091124194752
(thin),http://www.java2s.com:80/Tutorial/Java/0040__Data-Type/Getcurrenttimeinformation.htm,20090508140008
(thin),http://www.java2s.com:80/Tutorial/Java/0040__Data-Type/Getsahexstringfrombytearray.htm,20091123143757
(thin),http://www.java2s.com:80/Tutorial/Java/0040__Data-Type/Getdayofweek.htm,20090507080049
data-type-getsasubstringfromthespecifiedstringavoidingexceptions,http://www.java2s.com:80/Tutorial/Java/0040__Data-Type/GetsasubstringfromthespecifiedStringavoidingexceptions.htm,20110109132131
data-type-getslencharactersfromthemiddleofastring,http://www.java2s.com:80/Tutorial/Java/0040__Data-Type/GetslencharactersfromthemiddleofaString.htm,20100606072206
-,http://www.java2s.com:80/Tutorial/Java/0040__Data-Type/GetDaysOfTheWeekfordifferentlocale.htm,20081028155203
data-type-getinputstreamfromastring-2,http://www.java2s.com:80/Tutorial/Java/0040__Data-Type/GetInputStreamfromaString.htm,20100713111353
-,http://www.java2s.com:80/Tutorial/Java/0040__Data-Type/GetstheleftmostlencharactersofaString.htm,20100120081944
(thin),http://www.java2s.com:80/Tutorial/Java/0040__Data-Type/GetPercentValue.htm,20091124194752
(thin),http://www.java2s.com:80/Tutorial/Java/0040__Data-Type/Getsahexstringfrombytearray.htm,20091123143757
data-type-getsasubstringfromthespecifiedstringavoidingexceptions-2,http://www.java2s.com:80/Tutorial/Java/0040__Data-Type/GetsasubstringfromthespecifiedStringavoidingexceptions.htm,20110109132131
data-type-getsthemaximumofthreeintvalues,http://www.java2s.com:80/Tutorial/Java/0040__Data-Type/Getsthemaximumofthreeintvalues.htm,20100719192500
data-type-getslencharactersfromthemiddleofastring-2,http://www.java2s.com:80/Tutorial/Java/0040__Data-Type/GetslencharactersfromthemiddleofaString.htm,20100606072206
(thin),http://www.java2s.com:80/Tutorial/Java/0040__Data-Type/Getsthemaximumofthreelongvalues.htm,20090911195304
data-type-getstheminimumofthreeintvalues,http://www.java2s.com:80/Tutorial/Java/0040__Data-Type/Getstheminimumofthreeintvalues.htm,20100719192253
data-type-getstheleftmostlencharactersofastring,http://www.java2s.com:80/Tutorial/Java/0040__Data-Type/GetstheleftmostlencharactersofaString.htm,20100120081944
data-type-getsthemaximumofthreeintvalues-2,http://www.java2s.com:80/Tutorial/Java/0040__Data-Type/Getsthemaximumofthreeintvalues.htm,20100719192500
(thin),http://www.java2s.com:80/Tutorial/Java/0040__Data-Type/Getsthemaximumofthreelongvalues.htm,20090911195304
data-type-getstheminimumofthreelongvalues,http://www.java2s.com:80/Tutorial/Java/0040__Data-Type/Getstheminimumofthreelongvalues.htm,20090912060555
data-type-getstheminimumofthreeintvalues-2,http://www.java2s.com:80/Tutorial/Java/0040__Data-Type/Getstheminimumofthreeintvalues.htm,20100719192253
data-type-getstherightmostlencharactersofastring,http://www.java2s.com:80/Tutorial/Java/0040__Data-Type/GetstherightmostlencharactersofaString.htm,20100606073749
data-type-getstheminimumofthreelongvalues-2,http://www.java2s.com:80/Tutorial/Java/0040__Data-Type/Getstheminimumofthreelongvalues.htm,20090912060555
data-type-getsthestringthatisnestedinbetweentwoinstancesofthesamestring,http://www.java2s.com:80/Tutorial/Java/0040__Data-Type/GetstheStringthatisnestedinbetweentwoinstancesofthesameString.htm,20100602080902
data-type-getstherightmostlencharactersofastring-2,http://www.java2s.com:80/Tutorial/Java/0040__Data-Type/GetstherightmostlencharactersofaString.htm,20100606073749
data-type-getsthestringthatisnestedinbetweentwostringsonlythefirstmatchisreturne,http://www.java2s.com:80/Tutorial/Java/0040__Data-Type/GetstheStringthatisnestedinbetweentwoStringsOnlythefirstmatchisreturned.htm,20100606074437
data-type-getsthestringthatisnestedinbetweentwoinstancesofthesamestring-2,http://www.java2s.com:80/Tutorial/Java/0040__Data-Type/GetstheStringthatisnestedinbetweentwoinstancesofthesameString.htm,20100602080902
data-type-getsthestringthatisnestedinbetweentwostringsonlythefirstmatchisreturne-2,http://www.java2s.com:80/Tutorial/Java/0040__Data-Type/GetstheStringthatisnestedinbetweentwoStringsOnlythefirstmatchisreturned.htm,20100606074437
data-type-getsthesubstringafterthefirstoccurrenceofaseparatortheseparatorisnotre,http://www.java2s.com:80/Tutorial/Java/0040__Data-Type/GetsthesubstringafterthefirstoccurrenceofaseparatorTheseparatorisnotreturned.htm,20110109143214
data-type-getsthesubstringafterthefirstoccurrenceofaseparatortheseparatorisnotre-2,http://www.java2s.com:80/Tutorial/Java/0040__Data-Type/GetsthesubstringafterthefirstoccurrenceofaseparatorTheseparatorisnotreturned.htm,20110109143214
-,http://www.java2s.com:80/Tutorial/Java/0040__Data-Type/GetsthesubstringbeforethelastoccurrenceofaseparatorTheseparatorisnotreturned.htm,20100606074444
-,http://www.java2s.com:80/Tutorial/Java/0040__Data-Type/GetsthesubstringbeforethelastoccurrenceofaseparatorTheseparatorisnotreturned.htm,20100606074444
data-type-getthedifferencebetweentwostrings,http://www.java2s.com:80/Tutorial/Java/0040__Data-Type/Getthedifferencebetweentwostrings.htm,20100120070824
data-type-getthedifferencebetweentwostrings-2,http://www.java2s.com:80/Tutorial/Java/0040__Data-Type/Getthedifferencebetweentwostrings.htm,20100120070824
(thin),http://www.java2s.com:80/Tutorial/Java/0040__Data-Type/Getthelastdateofamonth.htm,20090508140738
(thin),http://www.java2s.com:80/Tutorial/Java/0040__Data-Type/Getthelastdateofamonth.htm,20090508140738
(thin),http://www.java2s.com:80/Tutorial/Java/0040__Data-Type/Getthelastdayofamonth.htm,20090508140743
(thin),http://www.java2s.com:80/Tutorial/Java/0040__Data-Type/Gettheminimumandmaximumvalueofaprimitivedatatypes.htm,20090527094728
(thin),http://www.java2s.com:80/Tutorial/Java/0040__Data-Type/Getthelastdayofamonth.htm,20090508140743
(thin),http://www.java2s.com:80/Tutorial/Java/0040__Data-Type/Getthenumberofdaysinthatmonth.htm,20090507103506
(thin),http://www.java2s.com:80/Tutorial/Java/0040__Data-Type/Getthevalueofabit.htm,20090425202851
(thin),http://www.java2s.com:80/Tutorial/Java/0040__Data-Type/GettimeinmillisecondsusingJavaCalendar.htm,20090508140933
(thin),http://www.java2s.com:80/Tutorial/Java/0040__Data-Type/Gettheminimumandmaximumvalueofaprimitivedatatypes.htm,20090527094728
(thin),http://www.java2s.com:80/Tutorial/Java/0040__Data-Type/Getthenumberofdaysinthatmonth.htm,20090507103506
(thin),http://www.java2s.com:80/Tutorial/Java/0040__Data-Type/Getthevalueofabit.htm,20090425202851
(thin),http://java2s.com:80/Tutorial/Java/0040__Data-Type/GettingDateandTimeInformationgetthedayoftheweek.htm,20071012052823
(thin),http://www.java2s.com:80/Tutorial/Java/0040__Data-Type/GettimeinmillisecondsusingJavaCalendar.htm,20090508140933
(thin),http://www.java2s.com:80/Tutorial/Java/0040__Data-Type/GetWeekofmonthandyearusingJavaCalendar.htm,20090508140003
(thin),http://java2s.com:80/Tutorial/Java/0040__Data-Type/GettingDateandTimeInformationgetthedayoftheweek.htm,20071012052823
(thin),http://www.java2s.com:80/Tutorial/Java/0040__Data-Type/GetWeekofmonthandyearusingJavaCalendar.htm,20090508140003
data-type-givenahexstringthiswillreturnthebytearraycorrespondingtostring,http://www.java2s.com:80/Tutorial/Java/0040__Data-Type/Givenahexstringthiswillreturnthebytearraycorrespondingtostring.htm,20100706224353
data-type-givenahexstringthiswillreturnthebytearraycorrespondingtostring-2,http://www.java2s.com:80/Tutorial/Java/0040__Data-Type/Givenahexstringthiswillreturnthebytearraycorrespondingtostring.htm,20100706224353
data-type-givenanintegerreturnastringthatisinanapproximatebuthumanreadableformat,http://www.java2s.com:80/Tutorial/Java/0040__Data-Type/Givenanintegerreturnastringthatisinanapproximatebuthumanreadableformat.htm,20100719192300
data-type-givenanintegerreturnastringthatisinanapproximatebuthumanreadableformat-2,http://www.java2s.com:80/Tutorial/Java/0040__Data-Type/Givenanintegerreturnastringthatisinanapproximatebuthumanreadableformat.htm,20100719192300
(thin),http://www.java2s.com:80/Tutorial/Java/0040__Data-Type/Helperclassforformatnumberandcurrency.htm,20091124195338
(thin),http://www.java2s.com:80/Tutorial/Java/0040__Data-Type/Helperclassforformatnumberandcurrency.htm,20091124195338
-,http://www.java2s.com:80/Tutorial/Java/0040__Data-Type/Helperfunctionthatdumpanarrayofbytesinhexpairformwithout0xandspacechars.htm,20100706223944
data-type-helperfunctionthatreturnsacharfromanhex,http://www.java2s.com:80/Tutorial/Java/0040__Data-Type/Helperfunctionthatreturnsacharfromanhex.htm,20100706223500
(thin),http://www.java2s.com:80/Tutorial/Java/0040__Data-Type/Hexadecimalintegerliteral.htm,20071024034912
data-type-hexadecimalnumbersanditscorrespondingdecimalandbinaryvalue,http://www.java2s.com:80/Tutorial/Java/0040__Data-Type/HexadecimalNumbersanditscorrespondingDecimalandbinaryvalue.htm,20070319213013
data-type-hexencoderanddecoder,http://www.java2s.com:80/Tutorial/Java/0040__Data-Type/Hexencoderanddecoder.htm,20100706223509
data-type-hexencoderdecoderimplementationborrowedfrombouncycastle,http://www.java2s.com:80/Tutorial/Java/0040__Data-Type/HexencoderdecoderimplementationborrowedfromBouncyCastle.htm,20100706223514
-,http://www.java2s.com:80/Tutorial/Java/0040__Data-Type/Helperfunctionthatdumpanarrayofbytesinhexpairformwithout0xandspacechars.htm,20100706223944
data-type-helperfunctionthatreturnsacharfromanhex-2,http://www.java2s.com:80/Tutorial/Java/0040__Data-Type/Helperfunctionthatreturnsacharfromanhex.htm,20100706223500
(thin),http://www.java2s.com:80/Tutorial/Java/0040__Data-Type/hexStringToByteArray.htm,20090515134633
(thin),http://www.java2s.com:80/Tutorial/Java/0040__Data-Type/Hexadecimalintegerliteral.htm,20071024034912
data-type-highestonebit128,http://www.java2s.com:80/Tutorial/Java/0040__Data-Type/Highestonebit128.htm,20070326012449
data-type-hexadecimalnumbersanditscorrespondingdecimalandbinaryvalue-2,http://www.java2s.com:80/Tutorial/Java/0040__Data-Type/HexadecimalNumbersanditscorrespondingDecimalandbinaryvalue.htm,20070319213013
data-type-howtodeclarefloatingpointvariablesdouble,http://www.java2s.com:80/Tutorial/Java/0040__Data-Type/Howtodeclarefloatingpointvariablesdouble.htm,20070616191433
data-type-hexencoderanddecoder-2,http://www.java2s.com:80/Tutorial/Java/0040__Data-Type/Hexencoderanddecoder.htm,20100706223509
data-type-howtodefineanenumeration,http://www.java2s.com:80/Tutorial/Java/0040__Data-Type/Howtodefineanenumeration.htm,20070429111119
data-type-hexencoderdecoderimplementationborrowedfrombouncycastle-2,http://www.java2s.com:80/Tutorial/Java/0040__Data-Type/HexencoderdecoderimplementationborrowedfromBouncyCastle.htm,20100706223514
(thin),http://www.java2s.com:80/Tutorial/Java/0040__Data-Type/Ifadateisafteranotherdate.htm,20090517010836
(thin),http://www.java2s.com:80/Tutorial/Java/0040__Data-Type/hexStringToByteArray.htm,20090515134633
data-type-highestonebit128-2,http://www.java2s.com:80/Tutorial/Java/0040__Data-Type/Highestonebit128.htm,20070326012449
(thin),http://www.java2s.com:80/Tutorial/Java/0040__Data-Type/Ifadateisbeforeanotherdate.htm,20090517010256
(thin),http://www.java2s.com:80/Tutorial/Java/0040__Data-Type/Illustratingtheprecisionspecifier.htm,20071105044052
(thin),http://www.java2s.com:80/Tutorial/Java/0040__Data-Type/implementsCharSequence.htm,20090925094424
data-type-howtodeclarefloatingpointvariablesdouble-2,http://www.java2s.com:80/Tutorial/Java/0040__Data-Type/Howtodeclarefloatingpointvariablesdouble.htm,20070616191433
(thin),http://www.java2s.com:80/Tutorial/Java/0040__Data-Type/IncrementandDecrementaDateUsingtheCalendarClass.htm,20090517010842
(thin),http://www.java2s.com:80/Tutorial/Java/0040__Data-Type/IncrementandDecrementMonthsUsingtheCalendarClass.htm,20090515114805
data-type-intarraytobytearray,http://www.java2s.com:80/Tutorial/Java/0040__Data-Type/intarraytobytearray.htm,20100719191813
data-type-integercalculations,http://www.java2s.com:80/Tutorial/Java/0040__Data-Type/IntegerCalculations.htm,20070319193623
(thin),http://java2s.com:80/Tutorial/Java/0040__Data-Type/Integerconstantsforthethirdversionofset.htm,20071012052828
data-type-howtodefineanenumeration-2,http://www.java2s.com:80/Tutorial/Java/0040__Data-Type/Howtodefineanenumeration.htm,20070429111119
-,http://www.java2s.com:80/Tutorial/Java/0040__Data-Type/IntegerDataTypesinJavamemoryandlength.htm,20070319212729
data-type-integerlowestonebitnintegernumberofleadingzerosnintegernumberoftrailin,http://www.java2s.com:80/Tutorial/Java/0040__Data-Type/IntegerlowestOneBitnIntegernumberOfLeadingZerosnIntegernumberOfTrailingZerosn.htm,20070319193213
data-type-integermaxminvalue,http://www.java2s.com:80/Tutorial/Java/0040__Data-Type/IntegerMAXMINVALUE.htm,20070324171649
(thin),http://www.java2s.com:80/Tutorial/Java/0040__Data-Type/IntegerparseIntConvertingStringtoint.htm,20071014004940
-,http://www.java2s.com:80/Tutorial/Java/0040__Data-Type/Ifadateisafteranotherdate.htm,20090517010836
(thin),http://www.java2s.com:80/Tutorial/Java/0040__Data-Type/Ifadateisbeforeanotherdate.htm,20090517010256
(thin),http://www.java2s.com:80/Tutorial/Java/0040__Data-Type/Illustratingtheprecisionspecifier.htm,20071105044052
data-type-integerreversebytesreversestheorderofthebytesinnumandreturnstheresult,http://www.java2s.com:80/Tutorial/Java/0040__Data-Type/IntegerreverseBytesreversestheorderofthebytesinnumandreturnstheresult.htm,20070319182235
data-type-integerrotateleft,http://www.java2s.com:80/Tutorial/Java/0040__Data-Type/IntegerrotateLeft.htm,20070319212133
(thin),http://www.java2s.com:80/Tutorial/Java/0040__Data-Type/implementsCharSequence.htm,20090925094424
(thin),http://www.java2s.com:80/Tutorial/Java/0040__Data-Type/IncrementandDecrementaDateUsingtheCalendarClass.htm,20090517010842
(thin),http://www.java2s.com:80/Tutorial/Java/0040__Data-Type/IncrementandDecrementMonthsUsingtheCalendarClass.htm,20090515114805
data-type-integersignumreturns,http://www.java2s.com:80/Tutorial/Java/0040__Data-Type/Integersignumreturns.htm,20070326012425
data-type-intarraytobytearray-2,http://www.java2s.com:80/Tutorial/Java/0040__Data-Type/intarraytobytearray.htm,20100719191813
(thin),http://java2s.com:80/Tutorial/Java/0040__Data-Type/IntegervalueOfConvertingStringtoInteger.htm,20071014091401
(thin),http://www.java2s.com:80/Tutorial/Java/0040__Data-Type/Ischaracteradigitletterwhitespacelowercaseoruppercasecharacter.htm,20090622152826
data-type-integercalculations-2,http://www.java2s.com:80/Tutorial/Java/0040__Data-Type/IntegerCalculations.htm,20070319193623
(thin),http://www.java2s.com:80/Tutorial/Java/0040__Data-Type/isDigittrueiftheargumentisadigit0to9andfalseotherwise.htm,20070902220726
(thin),http://www.java2s.com:80/Tutorial/Java/0040__Data-Type/isLetterOrDigittrueiftheargumentisaletteroradigitandfalseotherwise.htm,20071102042323
(thin),http://java2s.com:80/Tutorial/Java/0040__Data-Type/Integerconstantsforthethirdversionofset.htm,20071012052828
(thin),http://www.java2s.com:80/Tutorial/Java/0040__Data-Type/isLettertrueiftheargumentisaletterandfalseotherwise.htm,20071102042331
(thin),http://www.java2s.com:80/Tutorial/Java/0040__Data-Type/IntegerDataTypesinJavamemoryandlength.htm,20070319212729
data-type-iso8601dateparsingutility,http://www.java2s.com:80/Tutorial/Java/0040__Data-Type/ISO8601dateparsingutility.htm,20100719191758
data-type-integerlowestonebitnintegernumberofleadingzerosnintegernumberoftrailin-2,http://www.java2s.com:80/Tutorial/Java/0040__Data-Type/IntegerlowestOneBitnIntegernumberOfLeadingZerosnIntegernumberOfTrailingZerosn.htm,20070319193213
(thin),http://www.java2s.com:80/Tutorial/Java/0040__Data-Type/isWhitespace.htm,20071102042336
data-type-integermaxminvalue-2,http://www.java2s.com:80/Tutorial/Java/0040__Data-Type/IntegerMAXMINVALUE.htm,20070324171649
(thin),http://www.java2s.com:80/Tutorial/Java/0040__Data-Type/Javabooleanvalue.htm,20090527092739
(thin),http://www.java2s.com:80/Tutorial/Java/0040__Data-Type/IntegerparseIntConvertingStringtoint.htm,20071014004940
(thin),http://www.java2s.com:80/Tutorial/Java/0040__Data-Type/JavabytebyteissmallestJavaintegertypebyteis8bitsignedtyperangesfrom128to127.htm,20090515135558
data-type-integerreversebytesreversestheorderofthebytesinnumandreturnstheresult-2,http://www.java2s.com:80/Tutorial/Java/0040__Data-Type/IntegerreverseBytesreversestheorderofthebytesinnumandreturnstheresult.htm,20070319182235
(thin),http://www.java2s.com:80/Tutorial/Java/0040__Data-Type/Javacharcharis16bittypeandusedtorepresentUnicodecharactersRangeofcharis0to65536.htm,20090622152834
data-type-integerrotateleft-2,http://www.java2s.com:80/Tutorial/Java/0040__Data-Type/IntegerrotateLeft.htm,20070319212133
data-type-integersignumreturns-2,http://www.java2s.com:80/Tutorial/Java/0040__Data-Type/Integersignumreturns.htm,20070326012425
-,http://www.java2s.com:80/Tutorial/Java/0040__Data-Type/JavaDoublecompareexample.htm,20090726130838
(thin),http://www.java2s.com:80/Tutorial/Java/0040__Data-Type/Javadoubledoubleis64bitdoubleprecisiontypeandusedwhenfractionalprecisioncalculationisrequired.htm,20090726130849
(thin),http://www.java2s.com:80/Tutorial/Java/0040__Data-Type/JavaDoubleisInfinite.htm,20090726130843
(thin),http://www.java2s.com:80/Tutorial/Java/0040__Data-Type/JavaDoubleisNaNmethod.htm,20090726130109
(thin),http://www.java2s.com:80/Tutorial/Java/0040__Data-Type/JavaFloatComparison.htm,20090512210004
-,http://java2s.com:80/Tutorial/Java/0040__Data-Type/IntegervalueOfConvertingStringtoInteger.htm,20071014091401
(thin),http://www.java2s.com:80/Tutorial/Java/0040__Data-Type/Ischaracteradigitletterwhitespacelowercaseoruppercasecharacter.htm,20090622152826
(thin),http://www.java2s.com:80/Tutorial/Java/0040__Data-Type/isDigittrueiftheargumentisadigit0to9andfalseotherwise.htm,20070902220726
(thin),http://www.java2s.com:80/Tutorial/Java/0040__Data-Type/isLetterOrDigittrueiftheargumentisaletteroradigitandfalseotherwise.htm,20071102042323
(thin),http://www.java2s.com:80/Tutorial/Java/0040__Data-Type/isLettertrueiftheargumentisaletterandfalseotherwise.htm,20071102042331
data-type-iso8601dateparsingutility-2,http://www.java2s.com:80/Tutorial/Java/0040__Data-Type/ISO8601dateparsingutility.htm,20100719191758
(thin),http://www.java2s.com:80/Tutorial/Java/0040__Data-Type/isWhitespace.htm,20071102042336
(thin),http://www.java2s.com:80/Tutorial/Java/0040__Data-Type/Javabooleanvalue.htm,20090527092739
(thin),http://www.java2s.com:80/Tutorial/Java/0040__Data-Type/JavabytebyteissmallestJavaintegertypebyteis8bitsignedtyperangesfrom128to127.htm,20090515135558
(thin),http://www.java2s.com:80/Tutorial/Java/0040__Data-Type/Javacharcharis16bittypeandusedtorepresentUnicodecharactersRangeofcharis0to65536.htm,20090622152834
(thin),http://www.java2s.com:80/Tutorial/Java/0040__Data-Type/Javafloatis32bitsingleprecisiontypeandusedwhenfractionalprecisioncalculationisrequired.htm,20090512210015
(thin),http://www.java2s.com:80/Tutorial/Java/0040__Data-Type/JavaDoublecompareexample.htm,20090726130838
(thin),http://www.java2s.com:80/Tutorial/Java/0040__Data-Type/JavaFloatisInfiniteMethod.htm,20090512202952
(thin),http://www.java2s.com:80/Tutorial/Java/0040__Data-Type/Javadoubledoubleis64bitdoubleprecisiontypeandusedwhenfractionalprecisioncalculationisrequired.htm,20090726130849
(thin),http://www.java2s.com:80/Tutorial/Java/0040__Data-Type/JavaFloatisNaNMethod.htm,20090512210009
(thin),http://www.java2s.com:80/Tutorial/Java/0040__Data-Type/JavaDoubleisInfinite.htm,20090726130843
(thin),http://www.java2s.com:80/Tutorial/Java/0040__Data-Type/JavaFloatWrapperClass.htm,20090512201303
(thin),http://www.java2s.com:80/Tutorial/Java/0040__Data-Type/JavaDoubleisNaNmethod.htm,20090726130109
(thin),http://www.java2s.com:80/Tutorial/Java/0040__Data-Type/Javaintintis32bitsignedtyperangesfrom2147483648to2147483647.htm,20090512210020
(thin),http://www.java2s.com:80/Tutorial/Java/0040__Data-Type/JavaFloatComparison.htm,20090512210004
-,http://www.java2s.com:80/Tutorial/Java/0040__Data-Type/javalangBoolean.htm,20070810121140
-,http://www.java2s.com:80/Tutorial/Java/0040__Data-Type/Javafloatis32bitsingleprecisiontypeandusedwhenfractionalprecisioncalculationisrequired.htm,20090512210015
(thin),http://www.java2s.com:80/Tutorial/Java/0040__Data-Type/JavalongExamplelongis64bitsignedtype.htm,20090911195309
(thin),http://www.java2s.com:80/Tutorial/Java/0040__Data-Type/JavaFloatisInfiniteMethod.htm,20090512202952
(thin),http://www.java2s.com:80/Tutorial/Java/0040__Data-Type/JavaFloatisNaNMethod.htm,20090512210009
(thin),http://www.java2s.com:80/Tutorial/Java/0040__Data-Type/JavaFloatWrapperClass.htm,20090512201303
(thin),http://www.java2s.com:80/Tutorial/Java/0040__Data-Type/Javaintintis32bitsignedtyperangesfrom2147483648to2147483647.htm,20090512210020
(thin),http://www.java2s.com:80/Tutorial/Java/0040__Data-Type/javalangBoolean.htm,20070810121140
(thin),http://www.java2s.com:80/Tutorial/Java/0040__Data-Type/JavalongExamplelongis64bitsignedtype.htm,20090911195309
data-type-javashortshortis16bitsignedtyperangesfrom32768to32767,http://www.java2s.com:80/Tutorial/Java/0040__Data-Type/Javashortshortis16bitsignedtyperangesfrom32768to32767.htm,20100415063843
data-type-javashortshortis16bitsignedtyperangesfrom32768to32767-2,http://www.java2s.com:80/Tutorial/Java/0040__Data-Type/Javashortshortis16bitsignedtyperangesfrom32768to32767.htm,20100415063843
data-type-javasortlongarrayexample,http://www.java2s.com:80/Tutorial/Java/0040__Data-Type/JavaSortlongArrayExample.htm,20090912060600
data-type-javasortlongarrayexample-2,http://www.java2s.com:80/Tutorial/Java/0040__Data-Type/JavaSortlongArrayExample.htm,20090912060600
data-type-javasortshortarray,http://www.java2s.com:80/Tutorial/Java/0040__Data-Type/JavaSortshortArray.htm,20101020195313
data-type-javasortshortarray-2,http://www.java2s.com:80/Tutorial/Java/0040__Data-Type/JavaSortshortArray.htm,20101020195313
(thin),http://www.java2s.com:80/Tutorial/Java/0040__Data-Type/JavaStringendsWith.htm,20091006110159
(thin),http://www.java2s.com:80/Tutorial/Java/0040__Data-Type/JavaStringstartsWith.htm,20091006110530
(thin),http://www.java2s.com:80/Tutorial/Java/0040__Data-Type/JavaStringendsWith.htm,20091006110159
(thin),http://www.java2s.com:80/Tutorial/Java/0040__Data-Type/Joinanarrayofstringsintoonedelimitedstring.htm,20091109061445
data-type-joinsarrayelementsintoasinglestringspecifythestartindexandendindex,http://www.java2s.com:80/Tutorial/Java/0040__Data-Type/JoinsarrayelementsintoasingleStringspecifythestartindexandendindex.htm,20100604101450
(thin),http://www.java2s.com:80/Tutorial/Java/0040__Data-Type/JavaStringstartsWith.htm,20091006110530
(thin),http://www.java2s.com:80/Tutorial/Java/0040__Data-Type/Joinanarrayofstringsintoonedelimitedstring.htm,20091109061445
data-type-joinsarrayelementsintoasinglestringspecifythestartindexandendindex-2,http://www.java2s.com:80/Tutorial/Java/0040__Data-Type/JoinsarrayelementsintoasingleStringspecifythestartindexandendindex.htm,20100604101450
data-type-joinsarrayelementsintoasinglestringwithoutspecifyingthestartindexanden,http://www.java2s.com:80/Tutorial/Java/0040__Data-Type/JoinsarrayelementsintoasingleStringwithoutspecifyingthestartindexandendindex.htm,20100604105554
data-type-joinsarrayelementsintoasinglestringwithoutspecifyingthestartindexanden-2,http://www.java2s.com:80/Tutorial/Java/0040__Data-Type/JoinsarrayelementsintoasingleStringwithoutspecifyingthestartindexandendindex.htm,20100604105554
data-type-joinsarrayelementsnullobjectsoremptystringswithinthearrayarerepresente,http://www.java2s.com:80/Tutorial/Java/0040__Data-Type/JoinsarrayelementsNullobjectsoremptystringswithinthearrayarerepresentedbyemptystrings.htm,20100604104925
data-type-joinstheelementsofcollectionintoasinglestringwithstringseparator,http://www.java2s.com:80/Tutorial/Java/0040__Data-Type/JoinstheelementsofCollectionintoasingleStringwithstringseparator.htm,20100604105600
-,http://www.java2s.com:80/Tutorial/Java/0040__Data-Type/JoinsarrayelementsNullobjectsoremptystringswithinthearrayarerepresentedbyemptystrings.htm,20100604104925
-,http://www.java2s.com:80/Tutorial/Java/0040__Data-Type/JoinstheelementsoftheprovidedarrayintoasingleStringcontainingtheprovidedlistofelements.htm,20100604105605
data-type-joinstheelementsoftheprovidedcollectionintoasinglestringcontainingthep,http://www.java2s.com:80/Tutorial/Java/0040__Data-Type/JoinstheelementsoftheprovidedCollectionintoasingleStringcontainingtheprovidedelements.htm,20100604104933
data-type-joinstheelementsoftheprovidediteratorintoasinglestringcontainingthepro,http://www.java2s.com:80/Tutorial/Java/0040__Data-Type/JoinstheelementsoftheprovidedIteratorintoasingleStringcontainingtheprovidedelements.htm,20100604104935
data-type-joinstring,http://www.java2s.com:80/Tutorial/Java/0040__Data-Type/JoinString.htm,20100604102143
data-type-joinstheelementsofcollectionintoasinglestringwithstringseparator-2,http://www.java2s.com:80/Tutorial/Java/0040__Data-Type/JoinstheelementsofCollectionintoasingleStringwithstringseparator.htm,20100604105600
data-type-joinstringfromsoapui,http://www.java2s.com:80/Tutorial/Java/0040__Data-Type/JoinstringfromsoapUI.htm,20100604104940
data-type-joinstheelementsoftheprovidedarrayintoasinglestringcontainingtheprovid,http://www.java2s.com:80/Tutorial/Java/0040__Data-Type/JoinstheelementsoftheprovidedarrayintoasingleStringcontainingtheprovidedlistofelements.htm,20100604105605
(thin),http://www.java2s.com:80/Tutorial/Java/0040__Data-Type/Lastindexof.htm,20071105044057
(thin),http://www.java2s.com:80/Tutorial/Java/0040__Data-Type/Lastoccurrenceofacharacter.htm,20091006110204
data-type-leftpadastringwithaspecifiedcharacter,http://java2s.com:80/Tutorial/Java/0040__Data-Type/LeftpadaStringwithaspecifiedcharacter.htm,20100412210120
data-type-joinstheelementsoftheprovidedcollectionintoasinglestringcontainingthep-2,http://www.java2s.com:80/Tutorial/Java/0040__Data-Type/JoinstheelementsoftheprovidedCollectionintoasingleStringcontainingtheprovidedelements.htm,20100604104933
data-type-joinstheelementsoftheprovidediteratorintoasinglestringcontainingthepro-2,http://www.java2s.com:80/Tutorial/Java/0040__Data-Type/JoinstheelementsoftheprovidedIteratorintoasingleStringcontainingtheprovidedelements.htm,20100604104935
data-type-leftpadastringwithaspecifiedstring,http://java2s.com:80/Tutorial/Java/0040__Data-Type/LeftpadaStringwithaspecifiedString.htm,20100412210115
data-type-joinstring-2,http://www.java2s.com:80/Tutorial/Java/0040__Data-Type/JoinString.htm,20100604102143
(thin),http://www.java2s.com:80/Tutorial/Java/0040__Data-Type/LeftpadaStringwithspaces.htm,20090922212952
data-type-lengthofastring,http://www.java2s.com:80/Tutorial/Java/0040__Data-Type/Lengthofastring.htm,20100625161528
data-type-joinstringfromsoapui-2,http://www.java2s.com:80/Tutorial/Java/0040__Data-Type/JoinstringfromsoapUI.htm,20100604104940
data-type-leniency,http://www.java2s.com:80/Tutorial/Java/0040__Data-Type/Leniency.htm,20070319212002
(thin),http://www.java2s.com:80/Tutorial/Java/0040__Data-Type/Lastindexof.htm,20071105044057
(thin),http://www.java2s.com:80/Tutorial/Java/0040__Data-Type/Lastoccurrenceofacharacter.htm,20091006110204
data-type-leftpadastringwithaspecifiedcharacter-2,http://java2s.com:80/Tutorial/Java/0040__Data-Type/LeftpadaStringwithaspecifiedcharacter.htm,20100412210120
data-type-leftpadastringwithaspecifiedstring-2,http://java2s.com:80/Tutorial/Java/0040__Data-Type/LeftpadaStringwithaspecifiedString.htm,20100412210115
data-type-literals,http://www.java2s.com:80/Tutorial/Java/0040__Data-Type/Literals.htm,20070716200929
(thin),http://www.java2s.com:80/Tutorial/Java/0040__Data-Type/LongIntegerLiteral.htm,20071105044102
-,http://www.java2s.com:80/Tutorial/Java/0040__Data-Type/LeftpadaStringwithspaces.htm,20090922212952
data-type-lengthofastring-2,http://www.java2s.com:80/Tutorial/Java/0040__Data-Type/Lengthofastring.htm,20100625161528
data-type-leniency-2,http://www.java2s.com:80/Tutorial/Java/0040__Data-Type/Leniency.htm,20070319212002
-,http://java2s.com:80/Tutorial/Java/0040__Data-Type/Makesthefirstlettercapsandtherestlowercase.htm,20100412210713
(thin),http://www.java2s.com:80/Tutorial/Java/0040__Data-Type/Manuallyboxesthevalue100intoanInteger.htm,20071106033139
data-type-literals-2,http://www.java2s.com:80/Tutorial/Java/0040__Data-Type/Literals.htm,20070716200929
(thin),http://www.java2s.com:80/Tutorial/Java/0040__Data-Type/LongIntegerLiteral.htm,20071105044102
data-type-makesthefirstlettercapsandtherestlowercase,http://java2s.com:80/Tutorial/Java/0040__Data-Type/Makesthefirstlettercapsandtherestlowercase.htm,20100412210713
(thin),http://www.java2s.com:80/Tutorial/Java/0040__Data-Type/Manuallyboxesthevalue100intoanInteger.htm,20071106033139
(thin),http://www.java2s.com:80/Tutorial/Java/0040__Data-Type/MatchDates.htm,20090526024310
(thin),http://www.java2s.com:80/Tutorial/Java/0040__Data-Type/MatchDates.htm,20090526024310
(thin),http://www.java2s.com:80/Tutorial/Java/0040__Data-Type/MatchNameFormats.htm,20090526030110
(thin),http://www.java2s.com:80/Tutorial/Java/0040__Data-Type/MatchNameFormats.htm,20090526030110
(thin),http://www.java2s.com:80/Tutorial/Java/0040__Data-Type/MatchPhoneNumber.htm,20090526035946
(thin),http://www.java2s.com:80/Tutorial/Java/0040__Data-Type/MatchPhoneNumber.htm,20090526035946
(thin),http://www.java2s.com:80/Tutorial/Java/0040__Data-Type/MatchZipCodes.htm,20090526022633
(thin),http://www.java2s.com:80/Tutorial/Java/0040__Data-Type/MaxandMinvaluesofdatatypechar.htm,20090622152840
(thin),http://www.java2s.com:80/Tutorial/Java/0040__Data-Type/MinandMaxvaluesofdatatypebyte.htm,20090515134628
(thin),http://www.java2s.com:80/Tutorial/Java/0040__Data-Type/MinandMaxvaluesofdatatypedouble.htm,20090726130114
(thin),http://www.java2s.com:80/Tutorial/Java/0040__Data-Type/MatchZipCodes.htm,20090526022633
(thin),http://www.java2s.com:80/Tutorial/Java/0040__Data-Type/MinandMaxvaluesofdatatypefloat.htm,20090512210025
(thin),http://www.java2s.com:80/Tutorial/Java/0040__Data-Type/MinandMaxvaluesofdatatypeint.htm,20090529071215
(thin),http://www.java2s.com:80/Tutorial/Java/0040__Data-Type/MaxandMinvaluesofdatatypechar.htm,20090622152840
(thin),http://www.java2s.com:80/Tutorial/Java/0040__Data-Type/MinandMaxvaluesofdatatypelong.htm,20090911195314
(thin),http://www.java2s.com:80/Tutorial/Java/0040__Data-Type/MinandMaxvaluesofdatatypebyte.htm,20090515134628
(thin),http://www.java2s.com:80/Tutorial/Java/0040__Data-Type/MinandMaxvaluesofdatatypedouble.htm,20090726130114
data-type-minandmaxvaluesofdatatypeshort,http://www.java2s.com:80/Tutorial/Java/0040__Data-Type/MinandMaxvaluesofdatatypeshort.htm,20101020202402
(thin),http://java2s.com:80/Tutorial/Java/0040__Data-Type/ModifyingDatesandTimesadding14totheyear.htm,20071012052834
-,http://www.java2s.com:80/Tutorial/Java/0040__Data-Type/MinandMaxvaluesofdatatypefloat.htm,20090512210025
(thin),http://www.java2s.com:80/Tutorial/Java/0040__Data-Type/MinandMaxvaluesofdatatypeint.htm,20090529071215
-,http://www.java2s.com:80/Tutorial/Java/0040__Data-Type/MultiplyoneBigDecimaltoanotherBigDecimal.htm,20110204050854
(thin),http://www.java2s.com:80/Tutorial/Java/0040__Data-Type/MinandMaxvaluesofdatatypelong.htm,20090911195314
(thin),http://www.java2s.com:80/Tutorial/Java/0040__Data-Type/MultiplyoneBigIntegertoanotherBigInteger.htm,20090425202857
data-type-minandmaxvaluesofdatatypeshort-2,http://www.java2s.com:80/Tutorial/Java/0040__Data-Type/MinandMaxvaluesofdatatypeshort.htm,20101020202402
(thin),http://java2s.com:80/Tutorial/Java/0040__Data-Type/ModifyingDatesandTimesadding14totheyear.htm,20071012052834
data-type-multiplytwointegerscheckingforoverflow,http://www.java2s.com:80/Tutorial/Java/0040__Data-Type/Multiplytwointegerscheckingforoverflow.htm,20100719201956
data-type-multiplyonebigdecimaltoanotherbigdecimal,http://www.java2s.com:80/Tutorial/Java/0040__Data-Type/MultiplyoneBigDecimaltoanotherBigDecimal.htm,20110204050854
(thin),http://www.java2s.com:80/Tutorial/Java/0040__Data-Type/Multiplytwolongintegerscheckingforoverflow.htm,20090910062134
(thin),http://www.java2s.com:80/Tutorial/Java/0040__Data-Type/Narrowingconversionwithinformationloss.htm,20071024031419
data-type-negateabigdecimal,http://www.java2s.com:80/Tutorial/Java/0040__Data-Type/NegateaBigDecimal.htm,20110204050957
(thin),http://www.java2s.com:80/Tutorial/Java/0040__Data-Type/MultiplyoneBigIntegertoanotherBigInteger.htm,20090425202857
data-type-multiplytwointegerscheckingforoverflow-2,http://www.java2s.com:80/Tutorial/Java/0040__Data-Type/Multiplytwointegerscheckingforoverflow.htm,20100719201956
(thin),http://www.java2s.com:80/Tutorial/Java/0040__Data-Type/NegateaBigInteger.htm,20090425194512
data-type-newdecimalformat000000e0,http://www.java2s.com:80/Tutorial/Java/0040__Data-Type/newDecimalFormat000000E0.htm,20100525043951
(thin),http://www.java2s.com:80/Tutorial/Java/0040__Data-Type/Multiplytwolongintegerscheckingforoverflow.htm,20090910062134
(thin),http://www.java2s.com:80/Tutorial/Java/0040__Data-Type/Narrowingconversionwithinformationloss.htm,20071024031419
data-type-newdecimalformat0e0,http://www.java2s.com:80/Tutorial/Java/0040__Data-Type/newDecimalFormat0E0.htm,20100523024821
data-type-negateabigdecimal-2,http://www.java2s.com:80/Tutorial/Java/0040__Data-Type/NegateaBigDecimal.htm,20110204050957
data-type-newdecimalformatabc,http://www.java2s.com:80/Tutorial/Java/0040__Data-Type/newDecimalFormatabc.htm,20100525043958
(thin),http://www.java2s.com:80/Tutorial/Java/0040__Data-Type/NegateaBigInteger.htm,20090425194512
data-type-newdecimalformat000000e0-2,http://www.java2s.com:80/Tutorial/Java/0040__Data-Type/newDecimalFormat000000E0.htm,20100525043951
(thin),http://www.java2s.com:80/Tutorial/Java/0040__Data-Type/newStringtextArray93CreatingStringObjectsFromcertainpartofacharacterArray.htm,20070829024704
data-type-newdecimalformat0e0-2,http://www.java2s.com:80/Tutorial/Java/0040__Data-Type/newDecimalFormat0E0.htm,20100523024821
(thin),http://www.java2s.com:80/Tutorial/Java/0040__Data-Type/Notfoundreturns1.htm,20091006110535
-,http://www.java2s.com:80/Tutorial/Java/0040__Data-Type/notoperationforBigInteger.htm,20090425202142
-,http://www.java2s.com:80/Tutorial/Java/0040__Data-Type/newDecimalFormatabc.htm,20100525043958
(thin),http://www.java2s.com:80/Tutorial/Java/0040__Data-Type/newStringtextArray93CreatingStringObjectsFromcertainpartofacharacterArray.htm,20070829024704
(thin),http://www.java2s.com:80/Tutorial/Java/0040__Data-Type/Notfoundreturns1.htm,20091006110535
(thin),http://www.java2s.com:80/Tutorial/Java/0040__Data-Type/notoperationforBigInteger.htm,20090425202142
(thin),http://www.java2s.com:80/Tutorial/Java/0040__Data-Type/NumberFormatgetCurrencyInstanceLocaleENGLISH.htm,20071106033150
(thin),http://www.java2s.com:80/Tutorial/Java/0040__Data-Type/NumberFormatgetCurrencyInstanceLocaleENGLISH.htm,20071106033150
(thin),http://www.java2s.com:80/Tutorial/Java/0040__Data-Type/NumberFormatgetInstance.htm,20071106033155
(thin),http://www.java2s.com:80/Tutorial/Java/0040__Data-Type/NumberFormatgetPercentInstanceLocaleENGLISH.htm,20071106033200
(thin),http://www.java2s.com:80/Tutorial/Java/0040__Data-Type/NumberFormatMinimumIntegerDigitsMaximumMinimumFractionDigits.htm,20071106033145
(thin),http://www.java2s.com:80/Tutorial/Java/0040__Data-Type/NumberFormatgetInstance.htm,20071106033155
(thin),http://www.java2s.com:80/Tutorial/Java/0040__Data-Type/Numberformattinghelpsmakeyournumbersmorereadable.htm,20070824200023
(thin),http://www.java2s.com:80/Tutorial/Java/0040__Data-Type/NumberFormatgetPercentInstanceLocaleENGLISH.htm,20071106033200
(thin),http://www.java2s.com:80/Tutorial/Java/0040__Data-Type/NumberformatwithFieldPosition.htm,20071104173018
(thin),http://www.java2s.com:80/Tutorial/Java/0040__Data-Type/NumberFormatMinimumIntegerDigitsMaximumMinimumFractionDigits.htm,20071106033145
(thin),http://java2s.com:80/Tutorial/Java/0040__Data-Type/NumberParsing.htm,20071014083107
(thin),http://www.java2s.com:80/Tutorial/Java/0040__Data-Type/Numberformattinghelpsmakeyournumbersmorereadable.htm,20070824200023
data-type-obtainingadateobjectfromastring,http://www.java2s.com:80/Tutorial/Java/0040__Data-Type/ObtainingaDateObjectFromaString.htm,20070319212650
(thin),http://www.java2s.com:80/Tutorial/Java/0040__Data-Type/NumberformatwithFieldPosition.htm,20071104173018
(thin),http://java2s.com:80/Tutorial/Java/0040__Data-Type/NumberParsing.htm,20071014083107
data-type-obtainingadateobjectfromastring-2,http://www.java2s.com:80/Tutorial/Java/0040__Data-Type/ObtainingaDateObjectFromaString.htm,20070319212650
(thin),http://java2s.com:80/Tutorial/Java/0040__Data-Type/Obtainingallordinalvaluesusingordinal.htm,20071014051425
data-type-obtainingthecharactersinastringasanarrayofbytes,http://www.java2s.com:80/Tutorial/Java/0040__Data-Type/ObtainingtheCharactersinaStringasanArrayofBytes.htm,20070420005516
(thin),http://java2s.com:80/Tutorial/Java/0040__Data-Type/Obtainingallordinalvaluesusingordinal.htm,20071014051425
-,http://www.java2s.com:80/Tutorial/Java/0040__Data-Type/ObtainingtheCharactersinaStringasanArrayofBytes.htm,20070420005516
-,http://www.java2s.com:80/Tutorial/Java/0040__Data-Type/Onlyreplacefirstoccurence.htm,20090601075333
(thin),http://www.java2s.com:80/Tutorial/Java/0040__Data-Type/Onlyreplacefirstoccurence.htm,20090601075333
data-type-operatewithbigdecimalvalues,http://www.java2s.com:80/Tutorial/Java/0040__Data-Type/Operatewithbigdecimalvalues.htm,20110204051336
data-type-operatewithbigdecimalvalues-2,http://www.java2s.com:80/Tutorial/Java/0040__Data-Type/Operatewithbigdecimalvalues.htm,20110204051336
(thin),http://www.java2s.com:80/Tutorial/Java/0040__Data-Type/Operatewithbigintegervaluesincode.htm,20090425202902
(thin),http://www.java2s.com:80/Tutorial/Java/0040__Data-Type/Operatewithbigintegervaluesincode.htm,20090425202902
(thin),http://www.java2s.com:80/Tutorial/Java/0040__Data-Type/OperatingwithBigIntegerValues.htm,20090425201355
(thin),http://www.java2s.com:80/Tutorial/Java/0040__Data-Type/OperatingwithBigIntegerValues.htm,20090425201355
(thin),http://www.java2s.com:80/Tutorial/Java/0040__Data-Type/oroperationforBigInteger.htm,20090425202147
(thin),http://www.java2s.com:80/Tutorial/Java/0040__Data-Type/oroperationforBigInteger.htm,20090425202147
(thin),http://www.java2s.com:80/Tutorial/Java/0040__Data-Type/Outputcurrenttimetc.htm,20090602122048
(thin),http://www.java2s.com:80/Tutorial/Java/0040__Data-Type/Outputcurrenttimetc.htm,20090602122048
data-type-overlayspartofastringwithanotherstring,http://www.java2s.com:80/Tutorial/Java/0040__Data-Type/OverlayspartofaStringwithanotherString.htm,20100604104946
data-type-overlayspartofastringwithanotherstring,http://www.java2s.com:80/Tutorial/Java/0040__Data-Type/OverlayspartofaStringwithanotherString.htm,20100604104946
(thin),http://www.java2s.com:80/Tutorial/Java/0040__Data-Type/PaddedString.htm,20091007142457
(thin),http://www.java2s.com:80/Tutorial/Java/0040__Data-Type/PaddedString.htm,20091007142457
(thin),http://www.java2s.com:80/Tutorial/Java/0040__Data-Type/Padstring.htm,20091009035017
(thin),http://www.java2s.com:80/Tutorial/Java/0040__Data-Type/Padstring.htm,20091009035017
(thin),http://www.java2s.com:80/Tutorial/Java/0040__Data-Type/Parseadateandtime.htm,20090427062154
(thin),http://www.java2s.com:80/Tutorial/Java/0040__Data-Type/Parseandformatanumbertodecimal.htm,20090509214417
(thin),http://www.java2s.com:80/Tutorial/Java/0040__Data-Type/Parseandformatanumbertooctal.htm,20090512210030
(thin),http://www.java2s.com:80/Tutorial/Java/0040__Data-Type/Parseadateandtime.htm,20090427062154
(thin),http://www.java2s.com:80/Tutorial/Java/0040__Data-Type/ParseandformattoarbitraryradixCharacterMAXRADIX.htm,20090425201400
(thin),http://www.java2s.com:80/Tutorial/Java/0040__Data-Type/Parseandformatanumbertodecimal.htm,20090509214417
(thin),http://www.java2s.com:80/Tutorial/Java/0040__Data-Type/Parseandformattohexadecimal.htm,20090425201405
(thin),http://www.java2s.com:80/Tutorial/Java/0040__Data-Type/Parseandformatanumbertooctal.htm,20090512210030
data-type-parsebasictypes,http://www.java2s.com:80/Tutorial/Java/0040__Data-Type/Parsebasictypes.htm,20101009070948
(thin),http://www.java2s.com:80/Tutorial/Java/0040__Data-Type/ParseandformattoarbitraryradixCharacterMAXRADIX.htm,20090425201400
-,http://www.java2s.com:80/Tutorial/Java/0040__Data-Type/Parseandformattohexadecimal.htm,20090425201405
-,http://www.java2s.com:80/Tutorial/Java/0040__Data-Type/Parsebinarystring.htm,20090425202907
(thin),http://www.java2s.com:80/Tutorial/Java/0040__Data-Type/ParseCommaDelimitedList.htm,20101007012727
(thin),http://www.java2s.com:80/Tutorial/Java/0040__Data-Type/ParsedecimalstringtocreateBigInteger.htm,20090425203947
(thin),http://www.java2s.com:80/Tutorial/Java/0040__Data-Type/ParsehexadecimalstringtocreateBigInteger.htm,20090425201411
(thin),http://www.java2s.com:80/Tutorial/Java/0040__Data-Type/ParseoctalstringtocreateBigInteger.htm,20090425203951
data-type-parsebasictypes-2,http://www.java2s.com:80/Tutorial/Java/0040__Data-Type/Parsebasictypes.htm,20101009070948
(thin),http://www.java2s.com:80/Tutorial/Java/0040__Data-Type/Parsebinarystring.htm,20090425202907
(thin),http://www.java2s.com:80/Tutorial/Java/0040__Data-Type/ParseCommaDelimitedList.htm,20101007012727
(thin),http://www.java2s.com:80/Tutorial/Java/0040__Data-Type/ParsedecimalstringtocreateBigInteger.htm,20090425203947
(thin),http://www.java2s.com:80/Tutorial/Java/0040__Data-Type/ParsehexadecimalstringtocreateBigInteger.htm,20090425201411
(thin),http://www.java2s.com:80/Tutorial/Java/0040__Data-Type/ParseoctalstringtocreateBigInteger.htm,20090425203951
(thin),http://www.java2s.com:80/Tutorial/Java/0040__Data-Type/Parsesastringrepresentingadatebytryingavarietyofdifferentparsers.htm,20090925181958
(thin),http://www.java2s.com:80/Tutorial/Java/0040__Data-Type/Parsesastringrepresentingadatebytryingavarietyofdifferentparsers.htm,20090925181958
(thin),http://www.java2s.com:80/Tutorial/Java/0040__Data-Type/ParsestringdatevalueinputwithSimpleDateFormatddMMMyy.htm,20090602124208
(thin),http://www.java2s.com:80/Tutorial/Java/0040__Data-Type/ParsestringdatevalueinputwithSimpleDateFormatddMMMyy.htm,20090602124208
(thin),http://www.java2s.com:80/Tutorial/Java/0040__Data-Type/ParsestringdatevalueinputwithSimpleDateFormatEddMMMyyyyHHmmssZ.htm,20090602113214
(thin),http://www.java2s.com:80/Tutorial/Java/0040__Data-Type/ParsestringdatevaluewithdefaultformatDateFormatgetDateInstanceDateFormatDEFAULT.htm,20090602113219
(thin),http://www.java2s.com:80/Tutorial/Java/0040__Data-Type/ParsestringdatevalueinputwithSimpleDateFormatEddMMMyyyyHHmmssZ.htm,20090602113214
(thin),http://www.java2s.com:80/Tutorial/Java/0040__Data-Type/Parsewithacustomformat.htm,20090602122053
(thin),http://www.java2s.com:80/Tutorial/Java/0040__Data-Type/ParsestringdatevaluewithdefaultformatDateFormatgetDateInstanceDateFormatDEFAULT.htm,20090602113219
(thin),http://www.java2s.com:80/Tutorial/Java/0040__Data-Type/Parsewithadefaultformat.htm,20090602122958
(thin),http://www.java2s.com:80/Tutorial/Java/0040__Data-Type/Parsewithacustomformat.htm,20090602122053
(thin),http://www.java2s.com:80/Tutorial/Java/0040__Data-Type/ParsingandFormattingaBigIntegerintoBinary.htm,20090425203956
(thin),http://www.java2s.com:80/Tutorial/Java/0040__Data-Type/Parsewithadefaultformat.htm,20090602122958
(thin),http://www.java2s.com:80/Tutorial/Java/0040__Data-Type/ParsingandFormattingaBigIntegerintodecimal.htm,20090425202117
(thin),http://www.java2s.com:80/Tutorial/Java/0040__Data-Type/ParsingandFormattingaBigIntegerintoBinary.htm,20090425203956
(thin),http://www.java2s.com:80/Tutorial/Java/0040__Data-Type/ParsingandFormattingaBigIntegerintodecimal.htm,20090425202117
(thin),http://www.java2s.com:80/Tutorial/Java/0040__Data-Type/ParsingandFormattingaBigIntegerintooctal.htm,20090425201415
(thin),http://www.java2s.com:80/Tutorial/Java/0040__Data-Type/ParsingandFormattingaByteArrayintoBinary.htm,20090425202122
-,http://www.java2s.com:80/Tutorial/Java/0040__Data-Type/ParsingandFormattingaBigIntegerintooctal.htm,20090425201415
(thin),http://www.java2s.com:80/Tutorial/Java/0040__Data-Type/ParsingandFormattingaByteArrayintoBinary.htm,20090425202122
-,http://www.java2s.com:80/Tutorial/Java/0040__Data-Type/ParsingandFormattingaByteArrayintodecimal.htm,20090425194517
(thin),http://www.java2s.com:80/Tutorial/Java/0040__Data-Type/ParsingandFormattingaByteArrayintoHexadecimal.htm,20090425204001
(thin),http://www.java2s.com:80/Tutorial/Java/0040__Data-Type/ParsingandFormattingaByteArrayintoOctal.htm,20090425201421
(thin),http://www.java2s.com:80/Tutorial/Java/0040__Data-Type/ParsingandFormattingaNumberintoBinary.htm,20090817164359
(thin),http://www.java2s.com:80/Tutorial/Java/0040__Data-Type/ParsingandFormattingaByteArrayintodecimal.htm,20090425194517
(thin),http://www.java2s.com:80/Tutorial/Java/0040__Data-Type/ParsingtheTimeUsingaCustomFormat.htm,20090427092935
(thin),http://www.java2s.com:80/Tutorial/Java/0040__Data-Type/Passanintegerbyreference.htm,20090512202137
(thin),http://www.java2s.com:80/Tutorial/Java/0040__Data-Type/PassastringtotheIntegerclassconstructorandcalltheintValue.htm,20090515140636
(thin),http://www.java2s.com:80/Tutorial/Java/0040__Data-Type/Passfloatsasstringliteralstoamethod.htm,20090512210035
(thin),http://www.java2s.com:80/Tutorial/Java/0040__Data-Type/ParsingandFormattingaByteArrayintoHexadecimal.htm,20090425204001
data-type-passvaluearraytostringformat,http://java2s.com:80/Tutorial/Java/0040__Data-Type/PassvaluearraytoStringformat.htm,20100412210718
(thin),http://www.java2s.com:80/Tutorial/Java/0040__Data-Type/ParsingandFormattingaByteArrayintoOctal.htm,20090425201421
(thin),http://www.java2s.com:80/Tutorial/Java/0040__Data-Type/ParsingandFormattingaNumberintoBinary.htm,20090817164359
(thin),http://www.java2s.com:80/Tutorial/Java/0040__Data-Type/ParsingtheTimeUsingaCustomFormat.htm,20090427092935
data-type-performdatevalidations,http://java2s.com:80/Tutorial/Java/0040__Data-Type/Performdatevalidations.htm,20101119053923
(thin),http://www.java2s.com:80/Tutorial/Java/0040__Data-Type/Passanintegerbyreference.htm,20090512202137
(thin),http://www.java2s.com:80/Tutorial/Java/0040__Data-Type/PassastringtotheIntegerclassconstructorandcalltheintValue.htm,20090515140636
(thin),http://www.java2s.com:80/Tutorial/Java/0040__Data-Type/PerformingBitwiseOperationswithBigInteger.htm,20090425204006
(thin),http://www.java2s.com:80/Tutorial/Java/0040__Data-Type/performingthemodularexponential.htm,20080829232814
data-type-performsanxoronasetofbooleans,http://www.java2s.com:80/Tutorial/Java/0040__Data-Type/Performsanxoronasetofbooleans.htm,20100222021254
(thin),http://www.java2s.com:80/Tutorial/Java/0040__Data-Type/Plusonetocharvariable.htm,20090622152846
(thin),http://www.java2s.com:80/Tutorial/Java/0040__Data-Type/Primitiveutilities.htm,20091127185320
(thin),http://www.java2s.com:80/Tutorial/Java/0040__Data-Type/Passfloatsasstringliteralstoamethod.htm,20090512210035
data-type-passvaluearraytostringformat-2,http://java2s.com:80/Tutorial/Java/0040__Data-Type/PassvaluearraytoStringformat.htm,20100412210718
data-type-performdatevalidations-2,http://java2s.com:80/Tutorial/Java/0040__Data-Type/Performdatevalidations.htm,20101119053923
(thin),http://www.java2s.com:80/Tutorial/Java/0040__Data-Type/PerformingBitwiseOperationswithBigInteger.htm,20090425204006
-,http://www.java2s.com:80/Tutorial/Java/0040__Data-Type/PrimitiveWrappersindetail.htm,20071104052442
-,http://www.java2s.com:80/Tutorial/Java/0040__Data-Type/performingthemodularexponential.htm,20080829232814
data-type-performsanxoronasetofbooleans-2,http://www.java2s.com:80/Tutorial/Java/0040__Data-Type/Performsanxoronasetofbooleans.htm,20100222021254
(thin),http://java2s.com:80/Tutorial/Java/0040__Data-Type/Printingoutweekdaynames.htm,20071012052839
(thin),http://www.java2s.com:80/Tutorial/Java/0040__Data-Type/Plusonetocharvariable.htm,20090622152846
(thin),http://www.java2s.com:80/Tutorial/Java/0040__Data-Type/Primitiveutilities.htm,20091127185320
(thin),http://www.java2s.com:80/Tutorial/Java/0040__Data-Type/PrimitiveWrappersindetail.htm,20071104052442
(thin),http://www.java2s.com/Tutorial/Java/0040__Data-Type/printoutthecurrentdateandtime.htm,20081205072455
(thin),http://java2s.com:80/Tutorial/Java/0040__Data-Type/Printingoutweekdaynames.htm,20071012052839
(thin),http://www.java2s.com:80/Tutorial/Java/0040__Data-Type/PrintthelimitsofprimitivetypesegbyteshortintinJava.htm,20090527094529
(thin),http://www.java2s.com/Tutorial/Java/0040__Data-Type/printoutthecurrentdateandtime.htm,20081205072455
data-type-putquotesaroundthegivenstringifnecessary,http://java2s.com:80/Tutorial/Java/0040__Data-Type/PutquotesaroundthegivenStringifnecessary.htm,20100412210723
(thin),http://www.java2s.com:80/Tutorial/Java/0040__Data-Type/PrintthelimitsofprimitivetypesegbyteshortintinJava.htm,20090527094529
data-type-putquotesaroundthegivenstringifnecessary-2,http://java2s.com:80/Tutorial/Java/0040__Data-Type/PutquotesaroundthegivenStringifnecessary.htm,20100412210723
data-type-quoteastringsothatitcanbeusedasanidentifierorastringliteralinsqlstatem,http://java2s.com:80/Tutorial/Java/0040__Data-Type/QuoteastringsothatitcanbeusedasanidentifierorastringliteralinSQLstatements.htm,20100412211322
data-type-quoteastringsothatitcanbeusedasanidentifierorastringliteralinsqlstatem-2,http://java2s.com:80/Tutorial/Java/0040__Data-Type/QuoteastringsothatitcanbeusedasanidentifierorastringliteralinSQLstatements.htm,20100412211322
(thin),http://www.java2s.com:80/Tutorial/Java/0040__Data-Type/Readdoublevaluefromconsoleandchecktheformat.htm,20090305044929
(thin),http://www.java2s.com:80/Tutorial/Java/0040__Data-Type/Readdoublevaluefromconsoleandchecktheformat.htm,20090305044929
(thin),http://www.java2s.com:80/Tutorial/Java/0040__Data-Type/ReadIntegersfromconsoleandcalculate.htm,20071024034927
(thin),http://www.java2s.com:80/Tutorial/Java/0040__Data-Type/RegionMatches.htm,20081217060159
data-type-removeacharacterataspecifiedpositionusingstringsubstring,http://www.java2s.com:80/Tutorial/Java/0040__Data-Type/RemoveacharacterataspecifiedpositionusingStringsubstring.htm,20100714191711
(thin),http://www.java2s.com:80/Tutorial/Java/0040__Data-Type/Removecollapsemultiplenewlinecharacters.htm,20091130062346
data-type-removecollapsemultiplespaces,http://www.java2s.com:80/Tutorial/Java/0040__Data-Type/Removecollapsemultiplespaces.htm,20100131052523
(thin),http://www.java2s.com:80/Tutorial/Java/0040__Data-Type/ReadIntegersfromconsoleandcalculate.htm,20071024034927
(thin),http://www.java2s.com:80/Tutorial/Java/0040__Data-Type/RegionMatches.htm,20081217060159
data-type-removeacharacterataspecifiedpositionusingstringsubstring-2,http://www.java2s.com:80/Tutorial/Java/0040__Data-Type/RemoveacharacterataspecifiedpositionusingStringsubstring.htm,20100714191711
data-type-removeleadingandtrailingwhitespacefromstring,http://www.java2s.com:80/Tutorial/Java/0040__Data-Type/Removeleadingandtrailingwhitespacefromstring.htm,20100714191716
(thin),http://www.java2s.com:80/Tutorial/Java/0040__Data-Type/Removecollapsemultiplenewlinecharacters.htm,20091130062346
data-type-removesasubstringonlyifitisatthebeginingofasourcestringotherwisereturn,http://www.java2s.com:80/Tutorial/Java/0040__Data-Type/Removesasubstringonlyifitisatthebeginingofasourcestringotherwisereturnsthesourcestring.htm,20100606074449
data-type-removecollapsemultiplespaces-2,http://www.java2s.com:80/Tutorial/Java/0040__Data-Type/Removecollapsemultiplespaces.htm,20100131052523
data-type-removesasubstringonlyifitisattheendofasourcestringotherwisereturnsthes,http://www.java2s.com:80/Tutorial/Java/0040__Data-Type/Removesasubstringonlyifitisattheendofasourcestringotherwisereturnsthesourcestring.htm,20100606070851
data-type-removeleadingandtrailingwhitespacefromstring-2,http://www.java2s.com:80/Tutorial/Java/0040__Data-Type/Removeleadingandtrailingwhitespacefromstring.htm,20100714191716
-,http://www.java2s.com:80/Tutorial/Java/0040__Data-Type/Removesnewlinecarriagereturnandtabcharactersfromastring.htm,20091130062351
-,http://www.java2s.com:80/Tutorial/Java/0040__Data-Type/Removesasubstringonlyifitisatthebeginingofasourcestringotherwisereturnsthesourcestring.htm,20100606074449
data-type-removesasubstringonlyifitisattheendofasourcestringotherwisereturnsthes-2,http://www.java2s.com:80/Tutorial/Java/0040__Data-Type/Removesasubstringonlyifitisattheendofasourcestringotherwisereturnsthesourcestring.htm,20100606070851
data-type-removesonenewlinefromendofastringifitsthereotherwiseleaveitalone,http://java2s.com:80/Tutorial/Java/0040__Data-Type/RemovesonenewlinefromendofaStringifitsthereotherwiseleaveitalone.htm,20100412210125
(thin),http://www.java2s.com:80/Tutorial/Java/0040__Data-Type/Removesnewlinecarriagereturnandtabcharactersfromastring.htm,20091130062351
data-type-removesseparatorfromtheendofstrifitsthereotherwiseleaveitalone,http://www.java2s.com:80/Tutorial/Java/0040__Data-Type/Removesseparatorfromtheendofstrifitsthereotherwiseleaveitalone.htm,20100707054344
data-type-removesonenewlinefromendofastringifitsthereotherwiseleaveitalone-2,http://java2s.com:80/Tutorial/Java/0040__Data-Type/RemovesonenewlinefromendofaStringifitsthereotherwiseleaveitalone.htm,20100412210125
(thin),http://www.java2s.com:80/Tutorial/Java/0040__Data-Type/Removesspacescharlt32fromendofthisStringhandlingnullbyreturningnull.htm,20090925094353
(thin),http://www.java2s.com:80/Tutorial/Java/0040__Data-Type/Removesspacescharlt32fromendofthisStringwithescapehandlingnullbyreturningnull.htm,20090925094409
(thin),http://www.java2s.com:80/Tutorial/Java/0040__Data-Type/Removesspecifiedcharsfromastring.htm,20100131051643
data-type-removethelastcharacterfromastring,http://www.java2s.com:80/Tutorial/Java/0040__Data-Type/RemovethelastcharacterfromaString.htm,20100704044542
data-type-removesseparatorfromtheendofstrifitsthereotherwiseleaveitalone-2,http://www.java2s.com:80/Tutorial/Java/0040__Data-Type/Removesseparatorfromtheendofstrifitsthereotherwiseleaveitalone.htm,20100707054344
(thin),http://www.java2s.com:80/Tutorial/Java/0040__Data-Type/Removesspacescharlt32fromendofthisStringhandlingnullbyreturningnull.htm,20090925094353
data-type-removetheleadingandtrailingquotesfromstr,http://www.java2s.com:80/Tutorial/Java/0040__Data-Type/Removetheleadingandtrailingquotesfromstr.htm,20100323054526
data-type-repeatastringrepeattimestoformanewstring,http://www.java2s.com:80/Tutorial/Java/0040__Data-Type/RepeataStringrepeattimestoformanewString.htm,20100418203901
data-type-repeatstring,http://www.java2s.com:80/Tutorial/Java/0040__Data-Type/RepeatString.htm,20100627080007
(thin),http://www.java2s.com:80/Tutorial/Java/0040__Data-Type/Replacemultiplewhitespacesbetweenwordswithsingleblank.htm,20090808115958
data-type-replacenewlines,http://java2s.com:80/Tutorial/Java/0040__Data-Type/ReplaceNewLines.htm,20100412210130
(thin),http://www.java2s.com:80/Tutorial/Java/0040__Data-Type/ReplaceremovecharacterinaStringreplacealloccurencesofagivencharacter.htm,20090814111241
(thin),http://www.java2s.com:80/Tutorial/Java/0040__Data-Type/Removesspacescharlt32fromendofthisStringwithescapehandlingnullbyreturningnull.htm,20090925094409
(thin),http://www.java2s.com:80/Tutorial/Java/0040__Data-Type/Removesspecifiedcharsfromastring.htm,20100131051643
data-type-removethelastcharacterfromastring-2,http://www.java2s.com:80/Tutorial/Java/0040__Data-Type/RemovethelastcharacterfromaString.htm,20100704044542
(thin),http://www.java2s.com:80/Tutorial/Java/0040__Data-Type/Replacernwiththebrtag.htm,20090814095436
data-type-removetheleadingandtrailingquotesfromstr-2,http://www.java2s.com:80/Tutorial/Java/0040__Data-Type/Removetheleadingandtrailingquotesfromstr.htm,20100323054526
(thin),http://www.java2s.com:80/Tutorial/Java/0040__Data-Type/ReplacesalloccourancesofgivencharacterwithnewoneandreturnsnewStringobject.htm,20090814113755
(thin),http://www.java2s.com:80/Tutorial/Java/0040__Data-Type/ReplacesalloccourancesofgivenStringwithnewoneandreturnsnewStringobject.htm,20090814113750
data-type-repeatastringrepeattimestoformanewstring-2,http://www.java2s.com:80/Tutorial/Java/0040__Data-Type/RepeataStringrepeattimestoformanewString.htm,20100418203901
(thin),http://www.java2s.com:80/Tutorial/Java/0040__Data-Type/ReplacesonlyfirstoccourancesofgivenStringwithnewoneandreturnsnewStringobject.htm,20090814092153
-,http://www.java2s.com:80/Tutorial/Java/0040__Data-Type/ReplacingCharactersinaStringreplacemethodcreatesanewstringwiththereplacedcharacters.htm,20090511160923
-,http://www.java2s.com:80/Tutorial/Java/0040__Data-Type/RepeatString.htm,20100627080007
(thin),http://www.java2s.com:80/Tutorial/Java/0040__Data-Type/ReplacingSubstringsinaString.htm,20090511162044
data-type-representsarangeofnumberobjects,http://www.java2s.com:80/Tutorial/Java/0040__Data-Type/RepresentsarangeofNumberobjects.htm,20100406202757
(thin),http://www.java2s.com:80/Tutorial/Java/0040__Data-Type/Retrievethecurrentbitsinabytearrayintwoscomplementform.htm,20090425194522
(thin),http://www.java2s.com:80/Tutorial/Java/0040__Data-Type/Replacemultiplewhitespacesbetweenwordswithsingleblank.htm,20090808115958
(thin),http://www.java2s.com:80/Tutorial/Java/0040__Data-Type/Returnastringpaddedwiththegivenstringforthegivencount.htm,20091009035022
data-type-replacenewlines-2,http://java2s.com:80/Tutorial/Java/0040__Data-Type/ReplaceNewLines.htm,20100412210130
(thin),http://www.java2s.com:80/Tutorial/Java/0040__Data-Type/Returnprimitivetypethepassedinwrappertypecorrespondsto.htm,20091127184235
data-type-returnsadatesetjusttonoontotheclosestpossiblemillisecondoftheday,http://www.java2s.com:80/Tutorial/Java/0040__Data-Type/ReturnsaDatesetjusttoNoontotheclosestpossiblemillisecondoftheday.htm,20100328231357
(thin),http://www.java2s.com:80/Tutorial/Java/0040__Data-Type/ReplaceremovecharacterinaStringreplacealloccurencesofagivencharacter.htm,20090814111241
(thin),http://www.java2s.com:80/Tutorial/Java/0040__Data-Type/Replacernwiththebrtag.htm,20090814095436
data-type-returnsadatesettothefirstpossiblemillisecondofthedayjustaftermidnight,http://www.java2s.com:80/Tutorial/Java/0040__Data-Type/ReturnsaDatesettothefirstpossiblemillisecondofthedayjustaftermidnight.htm,20100328231043
(thin),http://www.java2s.com:80/Tutorial/Java/0040__Data-Type/ReplacesalloccourancesofgivencharacterwithnewoneandreturnsnewStringobject.htm,20090814113755
(thin),http://www.java2s.com:80/Tutorial/Java/0040__Data-Type/ReplacesalloccourancesofgivenStringwithnewoneandreturnsnewStringobject.htm,20090814113750
data-type-returnsadatesettothefirstpossiblemillisecondofthemonthjustaftermidnigh,http://www.java2s.com:80/Tutorial/Java/0040__Data-Type/ReturnsaDatesettothefirstpossiblemillisecondofthemonthjustaftermidnight.htm,20100328231048
(thin),http://www.java2s.com:80/Tutorial/Java/0040__Data-Type/ReplacesonlyfirstoccourancesofgivenStringwithnewoneandreturnsnewStringobject.htm,20090814092153
(thin),http://www.java2s.com:80/Tutorial/Java/0040__Data-Type/ReplacingCharactersinaStringreplacemethodcreatesanewstringwiththereplacedcharacters.htm,20090511160923
data-type-returnsadatesettothelastpossiblemillisecondofthedayjustbeforemidnight,http://www.java2s.com:80/Tutorial/Java/0040__Data-Type/ReturnsaDatesettothelastpossiblemillisecondofthedayjustbeforemidnight.htm,20100328231054
data-type-returnsadatesettothelastpossiblemillisecondoftheminute,http://www.java2s.com:80/Tutorial/Java/0040__Data-Type/ReturnsaDatesettothelastpossiblemillisecondoftheminute.htm,20100328232644
data-type-returnsadatesettothelastpossiblemillisecondofthemonthjustbeforemidnigh,http://www.java2s.com:80/Tutorial/Java/0040__Data-Type/ReturnsaDatesettothelastpossiblemillisecondofthemonthjustbeforemidnight.htm,20100328230332
data-type-returnsanewstringwithallthewhitespaceremoved,http://www.java2s.com:80/Tutorial/Java/0040__Data-Type/Returnsanewstringwithallthewhitespaceremoved.htm,20100131052538
(thin),http://www.java2s.com:80/Tutorial/Java/0040__Data-Type/ReplacingSubstringsinaString.htm,20090511162044
data-type-returnsthehexadecimalvalueofthesuppliedbytearray,http://www.java2s.com:80/Tutorial/Java/0040__Data-Type/Returnsthehexadecimalvalueofthesuppliedbytearray.htm,20100706223519
data-type-representsarangeofnumberobjects-2,http://www.java2s.com:80/Tutorial/Java/0040__Data-Type/RepresentsarangeofNumberobjects.htm,20100406202757
data-type-returnsthenumberofdayswithinthefragment,http://www.java2s.com:80/Tutorial/Java/0040__Data-Type/Returnsthenumberofdayswithinthefragment.htm,20100328230337
(thin),http://www.java2s.com:80/Tutorial/Java/0040__Data-Type/Retrievethecurrentbitsinabytearrayintwoscomplementform.htm,20090425194522
data-type-returnsthenumberofhourswithinthefragment,http://www.java2s.com:80/Tutorial/Java/0040__Data-Type/Returnsthenumberofhourswithinthefragment.htm,20100328232650
-,http://www.java2s.com:80/Tutorial/Java/0040__Data-Type/Returnastringpaddedwiththegivenstringforthegivencount.htm,20091009035022
(thin),http://www.java2s.com:80/Tutorial/Java/0040__Data-Type/Returnprimitivetypethepassedinwrappertypecorrespondsto.htm,20091127184235
data-type-returnsadatesetjusttonoontotheclosestpossiblemillisecondoftheday-2,http://www.java2s.com:80/Tutorial/Java/0040__Data-Type/ReturnsaDatesetjusttoNoontotheclosestpossiblemillisecondoftheday.htm,20100328231357
-,http://www.java2s.com:80/Tutorial/Java/0040__Data-Type/Returnsthenumberofmillisecondswithinthefragment.htm,20100328231403
data-type-returnsthenumberofminuteswithinthefragment,http://www.java2s.com:80/Tutorial/Java/0040__Data-Type/Returnsthenumberofminuteswithinthefragment.htm,20100328232655
data-type-returnsadatesettothefirstpossiblemillisecondofthedayjustaftermidnight-2,http://www.java2s.com:80/Tutorial/Java/0040__Data-Type/ReturnsaDatesettothefirstpossiblemillisecondofthedayjustaftermidnight.htm,20100328231043
data-type-returnsadatesettothefirstpossiblemillisecondofthemonthjustaftermidnigh-2,http://www.java2s.com:80/Tutorial/Java/0040__Data-Type/ReturnsaDatesettothefirstpossiblemillisecondofthemonthjustaftermidnight.htm,20100328231048
data-type-returnsadatesettothelastpossiblemillisecondofthedayjustbeforemidnight-2,http://www.java2s.com:80/Tutorial/Java/0040__Data-Type/ReturnsaDatesettothelastpossiblemillisecondofthedayjustbeforemidnight.htm,20100328231054
data-type-returnsthenumberofsecondswithinthefragment,http://www.java2s.com:80/Tutorial/Java/0040__Data-Type/Returnsthenumberofsecondswithinthefragment.htm,20100328231059
(thin),http://java2s.com/Tutorial/Java/0040__Data-Type/Returnsthequotedversionofthestringusingthequotecharargument.htm,20111105130756
data-type-returnstrueifenddateisafterstartdateorifstartdateequalsenddate,http://www.java2s.com:80/Tutorial/Java/0040__Data-Type/ReturnstrueifendDateisafterstartDateorifstartDateequalsendDate.htm,20100328232700
data-type-returnsadatesettothelastpossiblemillisecondoftheminute-2,http://www.java2s.com:80/Tutorial/Java/0040__Data-Type/ReturnsaDatesettothelastpossiblemillisecondoftheminute.htm,20100328232644
(thin),http://www.java2s.com:80/Tutorial/Java/0040__Data-Type/ReverseanInteger.htm,20081204041655
data-type-returnsadatesettothelastpossiblemillisecondofthemonthjustbeforemidnigh-2,http://www.java2s.com:80/Tutorial/Java/0040__Data-Type/ReturnsaDatesettothelastpossiblemillisecondofthemonthjustbeforemidnight.htm,20100328230332
(thin),http://www.java2s.com:80/Tutorial/Java/0040__Data-Type/RFCdateformat.htm,20090904125108
data-type-rightpadastringwithaspecifiedcharacter,http://java2s.com:80/Tutorial/Java/0040__Data-Type/RightpadaStringwithaspecifiedcharacter.htm,20100412210140
data-type-returnsanewstringwithallthewhitespaceremoved-2,http://www.java2s.com:80/Tutorial/Java/0040__Data-Type/Returnsanewstringwithallthewhitespaceremoved.htm,20100131052538
data-type-returnsthehexadecimalvalueofthesuppliedbytearray-2,http://www.java2s.com:80/Tutorial/Java/0040__Data-Type/Returnsthehexadecimalvalueofthesuppliedbytearray.htm,20100706223519
data-type-returnsthenumberofdayswithinthefragment-2,http://www.java2s.com:80/Tutorial/Java/0040__Data-Type/Returnsthenumberofdayswithinthefragment.htm,20100328230337
data-type-returnsthenumberofhourswithinthefragment-2,http://www.java2s.com:80/Tutorial/Java/0040__Data-Type/Returnsthenumberofhourswithinthefragment.htm,20100328232650
data-type-rightpadastringwithaspecifiedstring,http://java2s.com:80/Tutorial/Java/0040__Data-Type/RightpadaStringwithaspecifiedString.htm,20100412210135
data-type-returnsthenumberofmillisecondswithinthefragment,http://www.java2s.com:80/Tutorial/Java/0040__Data-Type/Returnsthenumberofmillisecondswithinthefragment.htm,20100328231403
data-type-rightpadastringwithspaces,http://www.java2s.com:80/Tutorial/Java/0040__Data-Type/RightpadaStringwithspaces.htm,20100905051231
data-type-returnsthenumberofminuteswithinthefragment-2,http://www.java2s.com:80/Tutorial/Java/0040__Data-Type/Returnsthenumberofminuteswithinthefragment.htm,20100328232655
data-type-roundadouble,http://www.java2s.com:80/Tutorial/Java/0040__Data-Type/Roundadouble.htm,20110204053340
-,http://www.java2s.com:80/Tutorial/Java/0040__Data-Type/Returnsthenumberofsecondswithinthefragment.htm,20100328231059
(thin),http://java2s.com/Tutorial/Java/0040__Data-Type/Returnsthequotedversionofthestringusingthequotecharargument.htm,20111105130756
data-type-returnstrueifenddateisafterstartdateorifstartdateequalsenddate-2,http://www.java2s.com:80/Tutorial/Java/0040__Data-Type/ReturnstrueifendDateisafterstartDateorifstartDateequalsendDate.htm,20100328232700
-,http://www.java2s.com:80/Tutorial/Java/0040__Data-Type/Roundnumbertofewerdecimals.htm,20100525043630
data-type-roundthisdateleavingthefieldspecifiedasthemostsignificantfield,http://www.java2s.com:80/Tutorial/Java/0040__Data-Type/Roundthisdateleavingthefieldspecifiedasthemostsignificantfield.htm,20100328230344
(thin),http://www.java2s.com:80/Tutorial/Java/0040__Data-Type/ReverseanInteger.htm,20081204041655
(thin),http://www.java2s.com:80/Tutorial/Java/0040__Data-Type/RFCdateformat.htm,20090904125108
data-type-rightpadastringwithaspecifiedcharacter-2,http://java2s.com:80/Tutorial/Java/0040__Data-Type/RightpadaStringwithaspecifiedcharacter.htm,20100412210140
data-type-rightpadastringwithaspecifiedstring-2,http://java2s.com:80/Tutorial/Java/0040__Data-Type/RightpadaStringwithaspecifiedString.htm,20100412210135
data-type-rightpadastringwithspaces-2,http://www.java2s.com:80/Tutorial/Java/0040__Data-Type/RightpadaStringwithspaces.htm,20100905051231
data-type-roundadouble-2,http://www.java2s.com:80/Tutorial/Java/0040__Data-Type/Roundadouble.htm,20110204053340
(thin),http://www.java2s.com:80/Tutorial/Java/0040__Data-Type/SearchaStringtofindthefirstindexofanycharacterinthegivensetofcharacters.htm,20091006110540
(thin),http://www.java2s.com:80/Tutorial/Java/0040__Data-Type/SearchaStringtofindthefirstindexofanycharacternotinthegivensetofcharacters.htm,20091006110210
data-type-roundnumbertofewerdecimals,http://www.java2s.com:80/Tutorial/Java/0040__Data-Type/Roundnumbertofewerdecimals.htm,20100525043630
data-type-searchesastringforsubstringsdelimitedbyastartandendtagreturningallmatc,http://www.java2s.com:80/Tutorial/Java/0040__Data-Type/SearchesaStringforsubstringsdelimitedbyastartandendtagreturningallmatchingsubstringsinanarray.htm,20100606072211
data-type-roundthisdateleavingthefieldspecifiedasthemostsignificantfield-2,http://www.java2s.com:80/Tutorial/Java/0040__Data-Type/Roundthisdateleavingthefieldspecifiedasthemostsignificantfield.htm,20100328230344
(thin),http://www.java2s.com:80/Tutorial/Java/0040__Data-Type/SearchingforSubstrings.htm,20071105221921
(thin),http://www.java2s.com:80/Tutorial/Java/0040__Data-Type/SearchaStringtofindthefirstindexofanycharacterinthegivensetofcharacters.htm,20091006110540
data-type-searchingstringsforcharacters,http://www.java2s.com:80/Tutorial/Java/0040__Data-Type/SearchingStringsforCharacters.htm,20070328231717
data-type-sequencingstrings,http://www.java2s.com:80/Tutorial/Java/0040__Data-Type/SequencingStrings.htm,20070328230522
(thin),http://www.java2s.com:80/Tutorial/Java/0040__Data-Type/SetabitforBigInteger.htm,20090425202127
(thin),http://www.java2s.com:80/Tutorial/Java/0040__Data-Type/SearchaStringtofindthefirstindexofanycharacternotinthegivensetofcharacters.htm,20091006110210
(thin),http://java2s.com:80/Tutorial/Java/0040__Data-Type/SettingaGregorianCalendarobjecttoaparticulardate.htm,20071012052844
data-type-searchesastringforsubstringsdelimitedbyastartandendtagreturningallmatc-2,http://www.java2s.com:80/Tutorial/Java/0040__Data-Type/SearchesaStringforsubstringsdelimitedbyastartandendtagreturningallmatchingsubstringsinanarray.htm,20100606072211
(thin),http://java2s.com:80/Tutorial/Java/0040__Data-Type/SettingtheDateandTime.htm,20071012052849
data-type-settingthedecimalplaceofabigdecimalvalue,http://www.java2s.com:80/Tutorial/Java/0040__Data-Type/SettingtheDecimalPlaceofaBigDecimalValue.htm,20110202234942
(thin),http://www.java2s.com:80/Tutorial/Java/0040__Data-Type/SetwithGregorianCalendarYEARMONTHandDATE.htm,20090426060342
(thin),http://www.java2s.com:80/Tutorial/Java/0040__Data-Type/SearchingforSubstrings.htm,20071105221921
data-type-searchingstringsforcharacters-2,http://www.java2s.com:80/Tutorial/Java/0040__Data-Type/SearchingStringsforCharacters.htm,20070328231717
data-type-sequencingstrings-2,http://www.java2s.com:80/Tutorial/Java/0040__Data-Type/SequencingStrings.htm,20070328230522
(thin),http://www.java2s.com:80/Tutorial/Java/0040__Data-Type/SetabitforBigInteger.htm,20090425202127
(thin),http://www.java2s.com:80/Tutorial/Java/0040__Data-Type/Shiftedandscaledrandomintegers.htm,20071024014205
(thin),http://java2s.com:80/Tutorial/Java/0040__Data-Type/SettingaGregorianCalendarobjecttoaparticulardate.htm,20071012052844
-,http://www.java2s.com:80/Tutorial/Java/0040__Data-Type/ShiftrightinaBigInteger.htm,20090425202132
-,http://java2s.com:80/Tutorial/Java/0040__Data-Type/SettingtheDateandTime.htm,20071012052849
data-type-settingthedecimalplaceofabigdecimalvalue-2,http://www.java2s.com:80/Tutorial/Java/0040__Data-Type/SettingtheDecimalPlaceofaBigDecimalValue.htm,20110202234942
(thin),http://www.java2s.com:80/Tutorial/Java/0040__Data-Type/ShiftthebitsinaBigInteger.htm,20090425202137
(thin),http://www.java2s.com:80/Tutorial/Java/0040__Data-Type/ShowdateandtimeusingonlyDatemethods.htm,20080925115859
(thin),http://www.java2s.com:80/Tutorial/Java/0040__Data-Type/SetwithGregorianCalendarYEARMONTHandDATE.htm,20090426060342
data-type-showsdefaultinitialvalues,http://www.java2s.com:80/Tutorial/Java/0040__Data-Type/Showsdefaultinitialvalues.htm,20070716070603
(thin),http://www.java2s.com:80/Tutorial/Java/0040__Data-Type/Shiftedandscaledrandomintegers.htm,20071024014205
(thin),http://www.java2s.com:80/Tutorial/Java/0040__Data-Type/ShiftrightinaBigInteger.htm,20090425202132
data-type-simpledateformat,http://www.java2s.com:80/Tutorial/Java/0040__Data-Type/SimpleDateFormat.htm,20070319212123
(thin),http://www.java2s.com/Tutorial/Java/0040__Data-Type/SimpleDateFormathhmmssddMMMyyyyhhmmsszzzEMMMddyyyy.htm,20081205073804
(thin),http://www.java2s.com:80/Tutorial/Java/0040__Data-Type/SimplyformatadateasYYYYMMDD.htm,20090602110345
(thin),http://www.java2s.com:80/Tutorial/Java/0040__Data-Type/SizeforJavasPrimitiveTypes.htm,20081021045244
(thin),http://www.java2s.com:80/Tutorial/Java/0040__Data-Type/ShiftthebitsinaBigInteger.htm,20090425202137
(thin),http://www.java2s.com:80/Tutorial/Java/0040__Data-Type/ShowdateandtimeusingonlyDatemethods.htm,20080925115859
data-type-showsdefaultinitialvalues-2,http://www.java2s.com:80/Tutorial/Java/0040__Data-Type/Showsdefaultinitialvalues.htm,20070716070603
(thin),http://www.java2s.com:80/Tutorial/Java/0040__Data-Type/SpecifyingPrecision.htm,20071106033206
data-type-simpledateformat-2,http://www.java2s.com:80/Tutorial/Java/0040__Data-Type/SimpleDateFormat.htm,20070319212123
(thin),http://www.java2s.com:80/Tutorial/Java/0040__Data-Type/SpecifyingthelocaleTimeZoneexplicitlyforGregorianCalendar.htm,20071012033747
(thin),http://www.java2s.com:80/Tutorial/Java/0040__Data-Type/SplitaString.htm,20090909051205
(thin),http://www.java2s.com/Tutorial/Java/0040__Data-Type/SimpleDateFormathhmmssddMMMyyyyhhmmsszzzEMMMddyyyy.htm,20081205073804
(thin),http://www.java2s.com:80/Tutorial/Java/0040__Data-Type/Splitbydot.htm,20090909051210
(thin),http://www.java2s.com:80/Tutorial/Java/0040__Data-Type/SimplyformatadateasYYYYMMDD.htm,20090602110345
(thin),http://www.java2s.com:80/Tutorial/Java/0040__Data-Type/splitgeneratesaNullPointerException.htm,20090909051255
(thin),http://www.java2s.com:80/Tutorial/Java/0040__Data-Type/SizeforJavasPrimitiveTypes.htm,20081021045244
(thin),http://www.java2s.com:80/Tutorial/Java/0040__Data-Type/Splitsastringaroundmatchesofthegivendelimitercharacter.htm,20090909051215
(thin),http://www.java2s.com:80/Tutorial/Java/0040__Data-Type/SpecifyingPrecision.htm,20071106033206
(thin),http://www.java2s.com:80/Tutorial/Java/0040__Data-Type/SplitstheprovidedtextintoanarrayseparatorstringspecifiedReturnsamaximumofmaxsubstrings.htm,20090909051220
-,http://www.java2s.com:80/Tutorial/Java/0040__Data-Type/SpecifyingthelocaleTimeZoneexplicitlyforGregorianCalendar.htm,20071012033747
(thin),http://www.java2s.com:80/Tutorial/Java/0040__Data-Type/SplitaString.htm,20090909051205
(thin),http://www.java2s.com:80/Tutorial/Java/0040__Data-Type/Splitbydot.htm,20090909051210
(thin),http://www.java2s.com:80/Tutorial/Java/0040__Data-Type/splitgeneratesaNullPointerException.htm,20090909051255
(thin),http://www.java2s.com:80/Tutorial/Java/0040__Data-Type/Splitsastringaroundmatchesofthegivendelimitercharacter.htm,20090909051215
(thin),http://www.java2s.com:80/Tutorial/Java/0040__Data-Type/SplitstheprovidedtextintoanarrayseparatorstringspecifiedReturnsamaximumofmaxsubstrings.htm,20090909051220
(thin),http://www.java2s.com:80/Tutorial/Java/0040__Data-Type/Splitstheprovidedtextintoanarrayusingwhitespaceastheseparatorpreservingalltokensincludingemptytokenscreatedbyadjacentseparators.htm,20090909051227
(thin),http://www.java2s.com:80/Tutorial/Java/0040__Data-Type/Splitstring.htm,20090909051230
(thin),http://www.java2s.com:80/Tutorial/Java/0040__Data-Type/Splitupastringintomultiplestringsbasedonadelimiter.htm,20090909051235
(thin),http://www.java2s.com:80/Tutorial/Java/0040__Data-Type/Startswithignorecaseregularexpressions.htm,20091006110545
(thin),http://www.java2s.com:80/Tutorial/Java/0040__Data-Type/Storeunicodeinacharvariable.htm,20090622152851
-,http://www.java2s.com:80/Tutorial/Java/0040__Data-Type/Splitstheprovidedtextintoanarrayusingwhitespaceastheseparatorpreservingalltokensincludingemptytokenscreatedbyadjacentseparators.htm,20090909051227
(thin),http://www.java2s.com:80/Tutorial/Java/0040__Data-Type/Splitstring.htm,20090909051230
(thin),http://www.java2s.com:80/Tutorial/Java/0040__Data-Type/Splitupastringintomultiplestringsbasedonadelimiter.htm,20090909051235
(thin),http://www.java2s.com:80/Tutorial/Java/0040__Data-Type/Startswithignorecaseregularexpressions.htm,20091006110545
(thin),http://www.java2s.com:80/Tutorial/Java/0040__Data-Type/Storeunicodeinacharvariable.htm,20090622152851
(thin),http://www.java2s.com:80/Tutorial/Java/0040__Data-Type/StoringCharacters.htm,20070902105811
(thin),http://www.java2s.com:80/Tutorial/Java/0040__Data-Type/StringCharacters.htm,20080901204527
(thin),http://java2s.com:80/Tutorial/Java/0040__Data-Type/Stringclassconstructors.htm,20071014083112
(thin),http://java2s.com:80/Tutorial/Java/0040__Data-Type/Stringclasssubstringmethods.htm,20071014090338
(thin),http://java2s.com:80/Tutorial/Java/0040__Data-Type/StringConcatenation.htm,20071014090333
data-type-stringconcatenationcombiningastringandintegers,http://www.java2s.com:80/Tutorial/Java/0040__Data-Type/StringconcatenationCombiningastringandintegers.htm,20070328174255
(thin),http://www.java2s.com:80/Tutorial/Java/0040__Data-Type/StoringCharacters.htm,20070902105811
(thin),http://www.java2s.com:80/Tutorial/Java/0040__Data-Type/StringCharacters.htm,20080901204527
data-type-stringconcatenationcombiningintegersandastring,http://www.java2s.com:80/Tutorial/Java/0040__Data-Type/StringconcatenationCombiningintegersandastring.htm,20070328180652
data-type-stringconcatenationconvertanintegertostringandjoinwithtwootherstrings,http://www.java2s.com:80/Tutorial/Java/0040__Data-Type/StringconcatenationConvertanintegertoStringandjoinwithtwootherstrings.htm,20070328185948
-,http://java2s.com:80/Tutorial/Java/0040__Data-Type/Stringclassconstructors.htm,20071014083112
(thin),http://java2s.com:80/Tutorial/Java/0040__Data-Type/Stringclasssubstringmethods.htm,20071014090338
(thin),http://java2s.com:80/Tutorial/Java/0040__Data-Type/StringConcatenation.htm,20071014090333
data-type-stringconcatenationcombiningastringandintegers-2,http://www.java2s.com:80/Tutorial/Java/0040__Data-Type/StringconcatenationCombiningastringandintegers.htm,20070328174255
data-type-stringconcatenationcombiningintegersandastring-2,http://www.java2s.com:80/Tutorial/Java/0040__Data-Type/StringconcatenationCombiningintegersandastring.htm,20070328180652
data-type-stringconcatenationconvertanintegertostringandjoinwithtwootherstrings-2,http://www.java2s.com:80/Tutorial/Java/0040__Data-Type/StringconcatenationConvertanintegertoStringandjoinwithtwootherstrings.htm,20070328185948
(thin),http://www.java2s.com:80/Tutorial/Java/0040__Data-Type/StringconcatenationoperationgeneratesanewStringobject.htm,20071106033215
(thin),http://www.java2s.com:80/Tutorial/Java/0040__Data-Type/StringconcatenationThecontainsnull.htm,20071106024918
(thin),http://www.java2s.com:80/Tutorial/Java/0040__Data-Type/Stringformatleftpadastring.htm,20090923003236
(thin),http://www.java2s.com:80/Tutorial/Java/0040__Data-Type/Stringformatrightpadastring.htm,20090924020656
-,http://www.java2s.com:80/Tutorial/Java/0040__Data-Type/StringconcatenationoperationgeneratesanewStringobject.htm,20071106033215
(thin),http://www.java2s.com:80/Tutorial/Java/0040__Data-Type/StringHashCode.htm,20070901093307
(thin),http://www.java2s.com:80/Tutorial/Java/0040__Data-Type/StringconcatenationThecontainsnull.htm,20071106024918
(thin),http://www.java2s.com:80/Tutorial/Java/0040__Data-Type/StringlengthcharAtequals.htm,20080901201506
(thin),http://www.java2s.com:80/Tutorial/Java/0040__Data-Type/Stringformatleftpadastring.htm,20090923003236
(thin),http://www.java2s.com:80/Tutorial/Java/0040__Data-Type/Stringformatrightpadastring.htm,20090924020656
data-type-stringliterals,http://www.java2s.com:80/Tutorial/Java/0040__Data-Type/StringLiterals.htm,20070525065532
(thin),http://www.java2s.com:80/Tutorial/Java/0040__Data-Type/StringHashCode.htm,20070901093307
(thin),http://www.java2s.com:80/Tutorial/Java/0040__Data-Type/StringlengthcharAtequals.htm,20080901201506
(thin),http://java2s.com:80/Tutorial/Java/0040__Data-Type/StringReplace.htm,20071014103149
data-type-stringliterals-2,http://www.java2s.com:80/Tutorial/Java/0040__Data-Type/StringLiterals.htm,20070525065532
(thin),http://www.java2s.com:80/Tutorial/Java/0040__Data-Type/Stringsplitisbasedonregularexpression.htm,20090909051240
(thin),http://java2s.com:80/Tutorial/Java/0040__Data-Type/StringReplace.htm,20071014103149
(thin),http://www.java2s.com:80/Tutorial/Java/0040__Data-Type/Stringsplitonmulticharacterdelimiter.htm,20090909051245
(thin),http://java2s.com:80/Tutorial/Java/0040__Data-Type/StringValueOf.htm,20071014103156
-,http://www.java2s.com:80/Tutorial/Java/0040__Data-Type/Stringsplitisbasedonregularexpression.htm,20090909051240
(thin),http://www.java2s.com:80/Tutorial/Java/0040__Data-Type/Stringsplitonmulticharacterdelimiter.htm,20090909051245
(thin),http://java2s.com:80/Tutorial/Java/0040__Data-Type/StringValueOf.htm,20071014103156
(thin),http://java2s.com:80/Tutorial/Java/0040__Data-Type/StripLineBreaks.htm,20100412210145
data-type-substitutesubstringsinsideofastring,http://java2s.com/Tutorial/Java/0040__Data-Type/Substitutesubstringsinsideofastring.htm,20111105142616
-,http://java2s.com:80/Tutorial/Java/0040__Data-Type/StripLineBreaks.htm,20100412210145
(thin),http://www.java2s.com:80/Tutorial/Java/0040__Data-Type/Substract1yearfromthecalendar.htm,20090517010044
data-type-substitutesubstringsinsideofastring-2,http://java2s.com/Tutorial/Java/0040__Data-Type/Substitutesubstringsinsideofastring.htm,20111105142616
(thin),http://www.java2s.com:80/Tutorial/Java/0040__Data-Type/Substract30daysfromthecalendar.htm,20090517010847
(thin),http://www.java2s.com:80/Tutorial/Java/0040__Data-Type/SubstractdaysfromcurrentdateusingCalendaraddmethod.htm,20090517010049
(thin),http://www.java2s.com:80/Tutorial/Java/0040__Data-Type/Substract1yearfromthecalendar.htm,20090517010044
(thin),http://www.java2s.com:80/Tutorial/Java/0040__Data-Type/SubstracthoursfromcurrentdateusingCalendaraddmethod.htm,20090517010301
(thin),http://www.java2s.com:80/Tutorial/Java/0040__Data-Type/Substract30daysfromthecalendar.htm,20090517010847
(thin),http://www.java2s.com:80/Tutorial/Java/0040__Data-Type/SubstractminutesfromcurrentdateusingCalendaraddmethod.htm,20090517010055
(thin),http://www.java2s.com:80/Tutorial/Java/0040__Data-Type/SubstractdaysfromcurrentdateusingCalendaraddmethod.htm,20090517010049
(thin),http://www.java2s.com:80/Tutorial/Java/0040__Data-Type/SubstractmonthsfromcurrentdateusingCalendaraddmethod.htm,20090517010101
(thin),http://www.java2s.com:80/Tutorial/Java/0040__Data-Type/SubstractsecondsfromcurrenttimeusingCalendaraddmethod.htm,20090517011302
(thin),http://www.java2s.com:80/Tutorial/Java/0040__Data-Type/SubstracthoursfromcurrentdateusingCalendaraddmethod.htm,20090517010301
(thin),http://www.java2s.com:80/Tutorial/Java/0040__Data-Type/Substractweekfromcurrentdate.htm,20090517010106
(thin),http://www.java2s.com:80/Tutorial/Java/0040__Data-Type/SubstractminutesfromcurrentdateusingCalendaraddmethod.htm,20090517010055
(thin),http://www.java2s.com:80/Tutorial/Java/0040__Data-Type/Substractyearfromcurrentdate.htm,20090517010306
(thin),http://www.java2s.com:80/Tutorial/Java/0040__Data-Type/SubstractmonthsfromcurrentdateusingCalendaraddmethod.htm,20090517010101
(thin),http://www.java2s.com/Tutorial/Java/0040__Data-Type/Substringreplacement.htm,20080821174637
(thin),http://www.java2s.com:80/Tutorial/Java/0040__Data-Type/subtract4hoursfromthetimeandprintoutthedateandtime.htm,20081028155230
-,http://www.java2s.com:80/Tutorial/Java/0040__Data-Type/SubstractsecondsfromcurrenttimeusingCalendaraddmethod.htm,20090517011302
(thin),http://www.java2s.com:80/Tutorial/Java/0040__Data-Type/Substractweekfromcurrentdate.htm,20090517010106
(thin),http://www.java2s.com:80/Tutorial/Java/0040__Data-Type/Substractyearfromcurrentdate.htm,20090517010306
(thin),http://www.java2s.com/Tutorial/Java/0040__Data-Type/Substringreplacement.htm,20080821174637
(thin),http://www.java2s.com:80/Tutorial/Java/0040__Data-Type/subtract4hoursfromthetimeandprintoutthedateandtime.htm,20081028155230
data-type-subtractfromonebigdecimalanotherbigdecimal,http://www.java2s.com:80/Tutorial/Java/0040__Data-Type/SubtractfromoneBigDecimalanotherBigDecimal.htm,20110204051224
(thin),http://www.java2s.com:80/Tutorial/Java/0040__Data-Type/SubtractoneBigIntegerfromanotherBigInteger.htm,20090425204011
data-type-subtracttwointegerscheckingforoverflow,http://www.java2s.com:80/Tutorial/Java/0040__Data-Type/Subtracttwointegerscheckingforoverflow.htm,20100719191808
-,http://www.java2s.com:80/Tutorial/Java/0040__Data-Type/SubtractfromoneBigDecimalanotherBigDecimal.htm,20110204051224
(thin),http://www.java2s.com:80/Tutorial/Java/0040__Data-Type/SubtractoneBigIntegerfromanotherBigInteger.htm,20090425204011
data-type-subtracttwointegerscheckingforoverflow-2,http://www.java2s.com:80/Tutorial/Java/0040__Data-Type/Subtracttwointegerscheckingforoverflow.htm,20100719191808
data-type-subtracttwolongintegerscheckingforoverflow,http://www.java2s.com:80/Tutorial/Java/0040__Data-Type/Subtracttwolongintegerscheckingforoverflow.htm,20090912060605
data-type-subtracttwolongintegerscheckingforoverflow-2,http://www.java2s.com:80/Tutorial/Java/0040__Data-Type/Subtracttwolongintegerscheckingforoverflow.htm,20090912060605
(thin),http://www.java2s.com:80/Tutorial/Java/0040__Data-Type/sumsalistofnumbersenteredbytheuser.htm,20081021025920
(thin),http://www.java2s.com:80/Tutorial/Java/0040__Data-Type/sumsalistofnumbersenteredbytheuser.htm,20081021025920
data-type-surprisejavaletsyouoverflow,http://www.java2s.com:80/Tutorial/Java/0040__Data-Type/SurpriseJavaletsyouoverflow.htm,20070716070546
data-type-surprisejavaletsyouoverflow-2,http://www.java2s.com:80/Tutorial/Java/0040__Data-Type/SurpriseJavaletsyouoverflow.htm,20070716070546
(thin),http://www.java2s.com:80/Tutorial/Java/0040__Data-Type/SwapsthecaseofaStringchangingupperandtitlecasetolowercaseandlowercasetouppercase.htm,20090925093549
(thin),http://www.java2s.com:80/Tutorial/Java/0040__Data-Type/SwapsthecaseofaStringchangingupperandtitlecasetolowercaseandlowercasetouppercase.htm,20090925093549
data-type-switchstatementwithenum,http://www.java2s.com:80/Tutorial/Java/0040__Data-Type/Switchstatementwithenum.htm,20070701171523
(thin),http://www.java2s.com:80/Tutorial/Java/0040__Data-Type/Tableforescapesequencecharacter.htm,20071023230108
(thin),http://www.java2s.com:80/Tutorial/Java/0040__Data-Type/Ternaryoperatorondoublevalue.htm,20090726130855
-,http://www.java2s.com:80/Tutorial/Java/0040__Data-Type/Switchstatementwithenum.htm,20070701171523
(thin),http://www.java2s.com:80/Tutorial/Java/0040__Data-Type/Tableforescapesequencecharacter.htm,20071023230108
(thin),http://www.java2s.com:80/Tutorial/Java/0040__Data-Type/Ternaryoperatorondoublevalue.htm,20090726130855
(thin),http://www.java2s.com:80/Tutorial/Java/0040__Data-Type/Teststwofloatarraysforequality.htm,20100125092120
(thin),http://www.java2s.com:80/Tutorial/Java/0040__Data-Type/ThansformanarrayofASCIIbytestoastringthebytearrayshouldcontainsonlyvaluesin0127.htm,20091004045403
-,http://www.java2s.com:80/Tutorial/Java/0040__Data-Type/Teststwofloatarraysforequality.htm,20100125092120
(thin),http://java2s.com:80/Tutorial/Java/0040__Data-Type/ThejavautilCalendarClass.htm,20071012052854
(thin),http://java2s.com:80/Tutorial/Java/0040__Data-Type/ThejavautilCalendarClass.htm,20071012052854
(thin),http://www.java2s.com:80/Tutorial/Java/0040__Data-Type/ThansformanarrayofASCIIbytestoastringthebytearrayshouldcontainsonlyvaluesin0127.htm,20091004045403
data-type-thejavautildateclass,http://www.java2s.com:80/Tutorial/Java/0040__Data-Type/ThejavautilDateClass.htm,20070319192803
data-type-thejavautildateclass-2,http://www.java2s.com:80/Tutorial/Java/0040__Data-Type/ThejavautilDateClass.htm,20070319192803
(thin),http://java2s.com:80/Tutorial/Java/0040__Data-Type/ThejavautilCalendarClass.htm,20071012052854
data-type-thejavautildateclass-3,http://www.java2s.com:80/Tutorial/Java/0040__Data-Type/ThejavautilDateClass.htm,20070319192803
(thin),http://www.java2s.com:80/Tutorial/Java/0040__Data-Type/ThemodernwaytoconstructanIntegerobjectthathasthevalue100.htm,20071106053531
(thin),http://www.java2s.com:80/Tutorial/Java/0040__Data-Type/ThemodernwaytoconstructanIntegerobjectthathasthevalue100.htm,20071106053531
(thin),http://www.java2s.com:80/Tutorial/Java/0040__Data-Type/TheNarrowingConversion.htm,20071024024953
(thin),http://www.java2s.com:80/Tutorial/Java/0040__Data-Type/TheNarrowingConversion.htm,20071024024953
data-type-thenumberofbitsusedtorepresentanintvalueintwoscomplementbinaryform,http://www.java2s.com:80/Tutorial/Java/0040__Data-Type/Thenumberofbitsusedtorepresentanintvalueintwoscomplementbinaryform.htm,20070319184917
data-type-thenumberofbitsusedtorepresentanintvalueintwoscomplementbinaryform-2,http://www.java2s.com:80/Tutorial/Java/0040__Data-Type/Thenumberofbitsusedtorepresentanintvalueintwoscomplementbinaryform.htm,20070319184917
data-type-thenumberofstotheleftofthedecimalpointsetsthemultipleoftheexponent,http://www.java2s.com:80/Tutorial/Java/0040__Data-Type/Thenumberofstotheleftofthedecimalpointsetsthemultipleoftheexponent.htm,20100525043635
data-type-thenumberofstotheleftofthedecimalpointsetsthemultipleoftheexponent-2,http://www.java2s.com:80/Tutorial/Java/0040__Data-Type/Thenumberofstotheleftofthedecimalpointsetsthemultipleoftheexponent.htm,20100525043635
data-type-theprimitivetypes,http://www.java2s.com:80/Tutorial/Java/0040__Data-Type/ThePrimitiveTypes.htm,20070613001501
data-type-theprimitivetypes-2,http://www.java2s.com:80/Tutorial/Java/0040__Data-Type/ThePrimitiveTypes.htm,20070613001501
(thin),http://www.java2s.com:80/Tutorial/Java/0040__Data-Type/TheWideningConversion.htm,20071023061635
(thin),http://www.java2s.com:80/Tutorial/Java/0040__Data-Type/Timein12hourformat.htm,20090602124213
(thin),http://www.java2s.com:80/Tutorial/Java/0040__Data-Type/TheWideningConversion.htm,20071023061635
(thin),http://www.java2s.com:80/Tutorial/Java/0040__Data-Type/Timein12hourformat.htm,20090602124213
(thin),http://www.java2s.com:80/Tutorial/Java/0040__Data-Type/Timein24hourformat.htm,20090602111921
(thin),http://www.java2s.com:80/Tutorial/Java/0040__Data-Type/ThemodernwaytoconstructanIntegerobjectthathasthevalue100.htm,20071106053531
-,http://www.java2s.com:80/Tutorial/Java/0040__Data-Type/Timein24hourformat.htm,20090602111921
(thin),http://www.java2s.com:80/Tutorial/Java/0040__Data-Type/Tocatchillegalnumberconversiontryusingthetrycatchmechanism.htm,20090512210046
(thin),http://java2s.com:80/Tutorial/Java/0040__Data-Type/Tochangeadatetimecomponentuseitssetmethodpublicvoidsetintfieldintvalue.htm,20071012052859
-,http://www.java2s.com:80/Tutorial/Java/0040__Data-Type/Tocatchillegalnumberconversiontryusingthetrycatchmechanism.htm,20090512210046
(thin),http://java2s.com:80/Tutorial/Java/0040__Data-Type/Tochangeadatetimecomponentuseitssetmethodpublicvoidsetintfieldintvalue.htm,20071012052859
data-type-tocheckforequalitybetweentwostringsignoringthecase,http://www.java2s.com:80/Tutorial/Java/0040__Data-Type/Tocheckforequalitybetweentwostringsignoringthecase.htm,20070328185809
data-type-tocheckforequalitybetweentwostringsignoringthecase-2,http://www.java2s.com:80/Tutorial/Java/0040__Data-Type/Tocheckforequalitybetweentwostringsignoringthecase.htm,20070328185809
(thin),http://www.java2s.com:80/Tutorial/Java/0040__Data-Type/Toconvertabytetoitshexadecimalequivalent.htm,20090517041432
(thin),http://www.java2s.com:80/Tutorial/Java/0040__Data-Type/ToextractAsciicodesfromaString.htm,20090622152902
(thin),http://java2s.com:80/Tutorial/Java/0040__Data-Type/Togointothepastmakingthesecondargumentnegativeintheaddmethod.htm,20071012052904
(thin),http://java2s.com:80/Tutorial/Java/0040__Data-Type/Toincrementordecrementafieldofacalendarby1usingtherollmethod.htm,20071012052909
(thin),http://www.java2s.com:80/Tutorial/Java/0040__Data-Type/TokenizingaString.htm,20071023053016
(thin),http://www.java2s.com:80/Tutorial/Java/0040__Data-Type/toLowerCaseandtoUpperCase.htm,20070824114042
-,http://www.java2s.com:80/Tutorial/Java/0040__Data-Type/TheNarrowingConversion.htm,20071024024953
(thin),http://java2s.com:80/Tutorial/Java/0040__Data-Type/Toobtainadatepartsuchasthehourthemonthortheyearusethegetmethod.htm,20071012052914
data-type-thenumberofbitsusedtorepresentanintvalueintwoscomplementbinaryform-3,http://www.java2s.com:80/Tutorial/Java/0040__Data-Type/Thenumberofbitsusedtorepresentanintvalueintwoscomplementbinaryform.htm,20070319184917
data-type-toremoveacharacter,http://www.java2s.com:80/Tutorial/Java/0040__Data-Type/Toremoveacharacter.htm,20100714192003
data-type-thenumberofstotheleftofthedecimalpointsetsthemultipleoftheexponent-3,http://www.java2s.com:80/Tutorial/Java/0040__Data-Type/Thenumberofstotheleftofthedecimalpointsetsthemultipleoftheexponent.htm,20100525043635
(thin),http://www.java2s.com:80/Tutorial/Java/0040__Data-Type/Toremovewhitespacefromthebeginningandendofastringbutnottheinterior.htm,20070831193532
data-type-theprimitivetypes-3,http://www.java2s.com:80/Tutorial/Java/0040__Data-Type/ThePrimitiveTypes.htm,20070613001501
(thin),http://www.java2s.com:80/Tutorial/Java/0040__Data-Type/TheWideningConversion.htm,20071023061635
(thin),http://www.java2s.com:80/Tutorial/Java/0040__Data-Type/Timein12hourformat.htm,20090602124213
(thin),http://www.java2s.com:80/Tutorial/Java/0040__Data-Type/Timein24hourformat.htm,20090602111921
(thin),http://www.java2s.com:80/Tutorial/Java/0040__Data-Type/Tocatchillegalnumberconversiontryusingthetrycatchmechanism.htm,20090512210046
(thin),http://java2s.com:80/Tutorial/Java/0040__Data-Type/Tochangeadatetimecomponentuseitssetmethodpublicvoidsetintfieldintvalue.htm,20071012052859
(thin),http://www.java2s.com:80/Tutorial/Java/0040__Data-Type/Toreplaceacharacterataspecifiedposition.htm,20090511162049
data-type-tocheckforequalitybetweentwostringsignoringthecase-3,http://www.java2s.com:80/Tutorial/Java/0040__Data-Type/Tocheckforequalitybetweentwostringsignoringthecase.htm,20070328185809
data-type-toreplaceonespecificcharacterwithanotherthroughoutastring,http://www.java2s.com:80/Tutorial/Java/0040__Data-Type/Toreplaceonespecificcharacterwithanotherthroughoutastring.htm,20070328233006
(thin),http://www.java2s.com:80/Tutorial/Java/0040__Data-Type/Toconvertabytetoitshexadecimalequivalent.htm,20090517041432
(thin),http://www.java2s.com:80/Tutorial/Java/0040__Data-Type/ToextractAsciicodesfromaString.htm,20090622152902
(thin),http://www.java2s.com:80/Tutorial/Java/0040__Data-Type/TosearchforwardsfromagivenpositionstartIndex.htm,20071105221926
(thin),http://java2s.com:80/Tutorial/Java/0040__Data-Type/Togointothepastmakingthesecondargumentnegativeintheaddmethod.htm,20071012052904
(thin),http://java2s.com:80/Tutorial/Java/0040__Data-Type/Toincrementordecrementafieldofacalendarby1usingtherollmethod.htm,20071012052909
(thin),http://www.java2s.com:80/Tutorial/Java/0040__Data-Type/tospecifyabackslashcharacterasacharacterliteralorinatextstring.htm,20071023053031
(thin),http://www.java2s.com:80/Tutorial/Java/0040__Data-Type/toStringreturnthestringrepresentationofaboolean.htm,20070810073506
(thin),http://www.java2s.com:80/Tutorial/Java/0040__Data-Type/Tounboxanobject.htm,20071104173028
(thin),http://www.java2s.com:80/Tutorial/Java/0040__Data-Type/Transformswordstosingularpluralhumanizedhumanreadableunderscorecamelcaseorordinalform.htm,20091006082448
(thin),http://www.java2s.com:80/Tutorial/Java/0040__Data-Type/TrigonometricDemo.htm,20090305065742
data-type-trimanyofthecharacters,http://java2s.com:80/Tutorial/Java/0040__Data-Type/Trimanyofthecharacters.htm,20100412211327
data-type-trimofftrailingblanksbutnotleadingblanks,http://java2s.com:80/Tutorial/Java/0040__Data-Type/Trimofftrailingblanksbutnotleadingblanks.htm,20100412211334
data-type-truncateastringtothegivenlengthwithnowarningsorerrorraisedifitisbigger,http://java2s.com:80/Tutorial/Java/0040__Data-Type/TruncateaStringtothegivenlengthwithnowarningsorerrorraisedifitisbigger.htm,20100412211339
data-type-truncatesthebigdecimalvalue,http://www.java2s.com:80/Tutorial/Java/0040__Data-Type/Truncatesthebigdecimalvalue.htm,20110203023000
-,http://www.java2s.com:80/Tutorial/Java/0040__Data-Type/TokenizingaString.htm,20071023053016
data-type-truncatethisdatecalendarleavingthefieldspecifiedasthemostsignificantfi,http://www.java2s.com:80/Tutorial/Java/0040__Data-Type/TruncatethisdateCalendarleavingthefieldspecifiedasthemostsignificantfield.htm,20100328232932
(thin),http://www.java2s.com:80/Tutorial/Java/0040__Data-Type/toLowerCaseandtoUpperCase.htm,20070824114042
data-type-truncatethisdateleavingthefieldspecifiedasthemostsignificantfield,http://www.java2s.com:80/Tutorial/Java/0040__Data-Type/Truncatethisdateleavingthefieldspecifiedasthemostsignificantfield.htm,20100328231412
(thin),http://java2s.com:80/Tutorial/Java/0040__Data-Type/Toobtainadatepartsuchasthehourthemonthortheyearusethegetmethod.htm,20071012052914
data-type-toremoveacharacter-2,http://www.java2s.com:80/Tutorial/Java/0040__Data-Type/Toremoveacharacter.htm,20100714192003
(thin),http://www.java2s.com:80/Tutorial/Java/0040__Data-Type/Trymonthinaleapyear.htm,20090508140611
data-type-turnsastringvalueintoajavalangnumber,http://www.java2s.com:80/Tutorial/Java/0040__Data-Type/TurnsastringvalueintoajavalangNumber.htm,20100406202802
(thin),http://www.java2s.com:80/Tutorial/Java/0040__Data-Type/Toremovewhitespacefromthebeginningandendofastringbutnottheinterior.htm,20070831193532
(thin),http://www.java2s.com:80/Tutorial/Java/0040__Data-Type/Toreplaceacharacterataspecifiedposition.htm,20090511162049
data-type-toreplaceonespecificcharacterwithanotherthroughoutastring-2,http://www.java2s.com:80/Tutorial/Java/0040__Data-Type/Toreplaceonespecificcharacterwithanotherthroughoutastring.htm,20070328233006
(thin),http://java2s.com:80/Tutorial/Java/0040__Data-Type/Twoenumerationconstantscanbecomparedforequalitybyusingtherelationaloperator.htm,20071014052736
(thin),http://www.java2s.com:80/Tutorial/Java/0040__Data-Type/TypeconversionJDK15AutoboxingUnboxing.htm,20090601112211
(thin),http://www.java2s.com:80/Tutorial/Java/0040__Data-Type/Unaccentletters.htm,20090814095442
(thin),http://www.java2s.com:80/Tutorial/Java/0040__Data-Type/TosearchforwardsfromagivenpositionstartIndex.htm,20071105221926
data-type-uncapitalizesastringchangingthefirstlettertotitlecaseaspercharactertol,http://www.java2s.com:80/Tutorial/Java/0040__Data-Type/UncapitalizesaStringchangingthefirstlettertotitlecaseasperCharactertoLowerCasecharNootherlettersarechanged.htm,20100514164122
(thin),http://www.java2s.com:80/Tutorial/Java/0040__Data-Type/Uptotheendofthestring.htm,20071106053536
(thin),http://www.java2s.com:80/Tutorial/Java/0040__Data-Type/Useanenumconstructorinstancevariableandmethod.htm,20081013010647
(thin),http://www.java2s.com:80/Tutorial/Java/0040__Data-Type/tospecifyabackslashcharacterasacharacterliteralorinatextstring.htm,20071023053031
(thin),http://www.java2s.com:80/Tutorial/Java/0040__Data-Type/toStringreturnthestringrepresentationofaboolean.htm,20070810073506
(thin),http://www.java2s.com:80/Tutorial/Java/0040__Data-Type/Tounboxanobject.htm,20071104173028
(thin),http://www.java2s.com:80/Tutorial/Java/0040__Data-Type/Transformswordstosingularpluralhumanizedhumanreadableunderscorecamelcaseorordinalform.htm,20091006082448
(thin),http://www.java2s.com:80/Tutorial/Java/0040__Data-Type/TrigonometricDemo.htm,20090305065742
-,http://www.java2s.com:80/Tutorial/Java/0040__Data-Type/UseBigInteger.htm,20080830003626
(thin),http://www.java2s.com:80/Tutorial/Java/0040__Data-Type/UseByteconstructortoconvertbyteprimitivetypetoByteobject.htm,20090518022819
(thin),http://www.java2s.com:80/Tutorial/Java/0040__Data-Type/UseDoubleconstructortoconvertdoubleprimitivetypetoaDoubleobject.htm,20090726130130
(thin),http://www.java2s.com:80/Tutorial/Java/0040__Data-Type/UseFloatconstructortoconvertfloatprimitivetypetoaFloatobject.htm,20090512202957
(thin),http://www.java2s.com:80/Tutorial/Java/0040__Data-Type/UseFloatvalueOftoconvertstringvaluetofloat.htm,20091125115025
(thin),http://www.java2s.com:80/Tutorial/Java/0040__Data-Type/UseIntegerconstructortoconvertintprimitivetypetoIntegerobject.htm,20090904143226
data-type-usejavatextdecimalformattoformatinteger,http://www.java2s.com:80/Tutorial/Java/0040__Data-Type/UsejavatextDecimalFormattoformatinteger.htm,20100525043640
(thin),http://www.java2s.com:80/Tutorial/Java/0040__Data-Type/UselastIndexOftofindasubstringinastring.htm,20070902105133
data-type-usenewdecimalformat0e0toformatdouble,http://www.java2s.com:80/Tutorial/Java/0040__Data-Type/UsenewDecimalFormat0E0toformatdouble.htm,20100525043946
(thin),http://www.java2s.com:80/Tutorial/Java/0040__Data-Type/usesanenumratherthaninterfacevariablestorepresenttheanswers.htm,20081219115558
data-type-useshortconstructortoconvertshortprimitivetypetoshortobject,http://www.java2s.com:80/Tutorial/Java/0040__Data-Type/UseShortconstructortoconvertshortprimitivetypetoShortobject.htm,20101020202407
(thin),http://www.java2s.com:80/Tutorial/Java/0040__Data-Type/UseStringindexOftolocateacharacterinastring.htm,20071105024223
data-type-trimanyofthecharacters-2,http://java2s.com:80/Tutorial/Java/0040__Data-Type/Trimanyofthecharacters.htm,20100412211327
data-type-trimofftrailingblanksbutnotleadingblanks-2,http://java2s.com:80/Tutorial/Java/0040__Data-Type/Trimofftrailingblanksbutnotleadingblanks.htm,20100412211334
data-type-truncateastringtothegivenlengthwithnowarningsorerrorraisedifitisbigger-2,http://java2s.com:80/Tutorial/Java/0040__Data-Type/TruncateaStringtothegivenlengthwithnowarningsorerrorraisedifitisbigger.htm,20100412211339
data-type-usestringindexoftolocateasubstringinastring,http://www.java2s.com:80/Tutorial/Java/0040__Data-Type/UseStringindexOftolocateasubstringinastring.htm,20070620173353
data-type-truncatesthebigdecimalvalue-2,http://www.java2s.com:80/Tutorial/Java/0040__Data-Type/Truncatesthebigdecimalvalue.htm,20110203023000
(thin),http://www.java2s.com:80/Tutorial/Java/0040__Data-Type/UseStringlastIndexOftofindacharacterinastring.htm,20071104061108
(thin),http://www.java2s.com:80/Tutorial/Java/0040__Data-Type/UseSystemoutprintftoformatfloatpointnumber.htm,20090510143711
(thin),http://www.java2s.com:80/Tutorial/Java/0040__Data-Type/Usethebuiltinenumerationmethods.htm,20081013010652
data-type-truncatethisdatecalendarleavingthefieldspecifiedasthemostsignificantfi-2,http://www.java2s.com:80/Tutorial/Java/0040__Data-Type/TruncatethisdateCalendarleavingthefieldspecifiedasthemostsignificantfield.htm,20100328232932
(thin),http://www.java2s.com:80/Tutorial/Java/0040__Data-Type/UsetoStringmethodofByteclasstoconvertByteintoString.htm,20090517041437
(thin),http://www.java2s.com:80/Tutorial/Java/0040__Data-Type/UsetoStringmethodofDoubleclasstoconvertDoubleintoString.htm,20090726130859
(thin),http://www.java2s.com:80/Tutorial/Java/0040__Data-Type/UsetoStringmethodofFloatclasstoconvertFloatintoString.htm,20090512203002
(thin),http://www.java2s.com:80/Tutorial/Java/0040__Data-Type/UsetoStringmethodofIntegerclasstoconverIntegerintoString.htm,20090515135603
(thin),http://www.java2s.com:80/Tutorial/Java/0040__Data-Type/UsetoStringmethodofLongclasstoconvertLongintoString.htm,20090911200833
data-type-usetostringmethodofshortclasstoconvertshortintostring,http://www.java2s.com:80/Tutorial/Java/0040__Data-Type/UsetoStringmethodofShortclasstoconvertShortintoString.htm,20101020202412
data-type-usingandwithfloatingpointvariables,http://www.java2s.com:80/Tutorial/Java/0040__Data-Type/Usingandwithfloatingpointvariables.htm,20070330085721
(thin),http://www.java2s.com:80/Tutorial/Java/0040__Data-Type/Usinganintegerobjecttocontrolaswitchstatement.htm,20071105221931
(thin),http://java2s.com:80/Tutorial/Java/0040__Data-Type/Usingaswitchstatementonthevaluesforday.htm,20071012052919
(thin),http://www.java2s.com:80/Tutorial/Java/0040__Data-Type/Usingbytedatatype.htm,20071105175307
-,http://www.java2s.com:80/Tutorial/Java/0040__Data-Type/Truncatethisdateleavingthefieldspecifiedasthemostsignificantfield.htm,20100328231412
data-type-usingshortdatatype,http://www.java2s.com:80/Tutorial/Java/0040__Data-Type/Usingshortdatatype.htm,20070701171632
(thin),http://www.java2s.com:80/Tutorial/Java/0040__Data-Type/Trymonthinaleapyear.htm,20090508140611
data-type-turnsastringvalueintoajavalangnumber-2,http://www.java2s.com:80/Tutorial/Java/0040__Data-Type/TurnsastringvalueintoajavalangNumber.htm,20100406202802
(thin),http://www.java2s.com:80/Tutorial/Java/0040__Data-Type/Usingsplitwithaspacecanbeaproblem.htm,20090909051250
(thin),http://www.java2s.com:80/Tutorial/Java/0040__Data-Type/UsingStringclass.htm,20070501102840
(thin),http://www.java2s.com:80/Tutorial/Java/0040__Data-Type/Usingthebooleantype.htm,20071106024923
(thin),http://java2s.com:80/Tutorial/Java/0040__Data-Type/Twoenumerationconstantscanbecomparedforequalitybyusingtherelationaloperator.htm,20071014052736
(thin),http://www.java2s.com:80/Tutorial/Java/0040__Data-Type/TypeconversionJDK15AutoboxingUnboxing.htm,20090601112211
(thin),http://java2s.com:80/Tutorial/Java/0040__Data-Type/Usingthebuiltinenumerationmethodsvalues.htm,20071014052741
(thin),http://www.java2s.com:80/Tutorial/Java/0040__Data-Type/Unaccentletters.htm,20090814095442
(thin),http://www.java2s.com:80/Tutorial/Java/0040__Data-Type/UsingtheCalendarClasstoDisplayCurrentTimeinDifferentTimeZones.htm,20090508140939
(thin),http://www.java2s.com:80/Tutorial/Java/0040__Data-Type/UsingtheCollectionBasedforLoopwithaStringCountingallvowelsinastring.htm,20070824201534
data-type-uncapitalizesastringchangingthefirstlettertotitlecaseaspercharactertol-2,http://www.java2s.com:80/Tutorial/Java/0040__Data-Type/UncapitalizesaStringchangingthefirstlettertotitlecaseasperCharactertoLowerCasecharNootherlettersarechanged.htm,20100514164122
(thin),http://www.java2s.com:80/Tutorial/Java/0040__Data-Type/Usingtrimtoprocesscommands.htm,20081020225931
data-type-usingvalueof,http://www.java2s.com:80/Tutorial/Java/0040__Data-Type/UsingvalueOf.htm,20070430174114
(thin),http://www.java2s.com:80/Tutorial/Java/0040__Data-Type/Uptotheendofthestring.htm,20071106053536
(thin),http://www.java2s.com:80/Tutorial/Java/0040__Data-Type/UtilitymethodsforASCIIcharacterchecking.htm,20091004045413
(thin),http://www.java2s.com:80/Tutorial/Java/0040__Data-Type/ValidateifaStringcontainsonlynumbers.htm,20090622152907
data-type-valueofconverttostring,http://www.java2s.com:80/Tutorial/Java/0040__Data-Type/valueOfconverttoString.htm,20070706233823
(thin),http://www.java2s.com:80/Tutorial/Java/0040__Data-Type/valueOfparseaStringtoaBooleanobject.htm,20070810120542
(thin),http://www.java2s.com:80/Tutorial/Java/0040__Data-Type/VariousDateformat.htm,20070319212223
(thin),http://www.java2s.com/Tutorial/Java/0040__Data-Type/WrappedClassbooleanintlong.htm,20081205075026
(thin),http://www.java2s.com:80/Tutorial/Java/0040__Data-Type/Wrapperclassesfortheprimitivetypes.htm,20071105221936
(thin),http://www.java2s.com:80/Tutorial/Java/0040__Data-Type/WrappingaPrimitiveTypeinaWrapperObjectbooleanbytecharshortintlongfloatdouble.htm,20090527094659
-,http://www.java2s.com:80/Tutorial/Java/0040__Data-Type/Useanenumconstructorinstancevariableandmethod.htm,20081013010647
(thin),http://www.java2s.com:80/Tutorial/Java/0040__Data-Type/UseBigInteger.htm,20080830003626
(thin),http://www.java2s.com:80/Tutorial/Java/0040__Data-Type/UseByteconstructortoconvertbyteprimitivetypetoByteobject.htm,20090518022819
(thin),http://www.java2s.com:80/Tutorial/Java/0040__Data-Type/UseDoubleconstructortoconvertdoubleprimitivetypetoaDoubleobject.htm,20090726130130
(thin),http://www.java2s.com:80/Tutorial/Java/0040__Data-Type/UseFloatconstructortoconvertfloatprimitivetypetoaFloatobject.htm,20090512202957
(thin),http://www.java2s.com:80/Tutorial/Java/0040__Data-Type/UseFloatvalueOftoconvertstringvaluetofloat.htm,20091125115025
(thin),http://www.java2s.com:80/Tutorial/Java/0040__Data-Type/UseIntegerconstructortoconvertintprimitivetypetoIntegerobject.htm,20090904143226
data-type-usejavatextdecimalformattoformatinteger-2,http://www.java2s.com:80/Tutorial/Java/0040__Data-Type/UsejavatextDecimalFormattoformatinteger.htm,20100525043640
data-type-writefloatingpointliteralswithanexponent,http://www.java2s.com:80/Tutorial/Java/0040__Data-Type/WriteFloatingPointLiteralswithanexponent.htm,20070330084355
(thin),http://www.java2s.com:80/Tutorial/Java/0040__Data-Type/UselastIndexOftofindasubstringinastring.htm,20070902105133
data-type-usenewdecimalformat0e0toformatdouble-2,http://www.java2s.com:80/Tutorial/Java/0040__Data-Type/UsenewDecimalFormat0E0toformatdouble.htm,20100525043946
(thin),http://www.java2s.com:80/Tutorial/Java/0040__Data-Type/xoraBigInteger.htm,20090425194537
(thin),http://www.java2s.com:80/Tutorial/Java/0040__Data-Type/usesanenumratherthaninterfacevariablestorepresenttheanswers.htm,20081219115558
data-type-useshortconstructortoconvertshortprimitivetypetoshortobject-2,http://www.java2s.com:80/Tutorial/Java/0040__Data-Type/UseShortconstructortoconvertshortprimitivetypetoShortobject.htm,20101020202407
(thin),http://www.java2s.com:80/Tutorial/Java/0040__Data-Type/UseStringindexOftolocateacharacterinastring.htm,20071105024223
data-type-usestringindexoftolocateasubstringinastring-2,http://www.java2s.com:80/Tutorial/Java/0040__Data-Type/UseStringindexOftolocateasubstringinastring.htm,20070620173353
(thin),http://www.java2s.com:80/Tutorial/Java/0040__Data-Type/UseStringlastIndexOftofindacharacterinastring.htm,20071104061108
(thin),http://www.java2s.com:80/Tutorial/Java/0040__Data-Type/UseSystemoutprintftoformatfloatpointnumber.htm,20090510143711
(thin),http://www.java2s.com:80/Tutorial/Java/0040__Data-Type/Usethebuiltinenumerationmethods.htm,20081013010652
(thin),http://www.java2s.com:80/Tutorial/Java/0040__Data-Type/UsetoStringmethodofByteclasstoconvertByteintoString.htm,20090517041437
(thin),http://www.java2s.com:80/Tutorial/Java/0040__Data-Type/UsetoStringmethodofDoubleclasstoconvertDoubleintoString.htm,20090726130859
(thin),http://www.java2s.com:80/Tutorial/Java/0040__Data-Type/UsetoStringmethodofFloatclasstoconvertFloatintoString.htm,20090512203002
(thin),http://www.java2s.com:80/Tutorial/Java/0040__Data-Type/UsetoStringmethodofIntegerclasstoconverIntegerintoString.htm,20090515135603
(thin),http://www.java2s.com:80/Tutorial/Java/0040__Data-Type/UsetoStringmethodofLongclasstoconvertLongintoString.htm,20090911200833
data-type-usetostringmethodofshortclasstoconvertshortintostring-2,http://www.java2s.com:80/Tutorial/Java/0040__Data-Type/UsetoStringmethodofShortclasstoconvertShortintoString.htm,20101020202412
data-type-usingandwithfloatingpointvariables-2,http://www.java2s.com:80/Tutorial/Java/0040__Data-Type/Usingandwithfloatingpointvariables.htm,20070330085721
(thin),http://www.java2s.com:80/Tutorial/Java/0040__Data-Type/Usinganintegerobjecttocontrolaswitchstatement.htm,20071105221931
(thin),http://java2s.com:80/Tutorial/Java/0040__Data-Type/Usingaswitchstatementonthevaluesforday.htm,20071012052919
(thin),http://www.java2s.com:80/Tutorial/Java/0040__Data-Type/Usingbytedatatype.htm,20071105175307
data-type-usingshortdatatype-2,http://www.java2s.com:80/Tutorial/Java/0040__Data-Type/Usingshortdatatype.htm,20070701171632
(thin),http://www.java2s.com:80/Tutorial/Java/0040__Data-Type/Usingsplitwithaspacecanbeaproblem.htm,20090909051250
(thin),http://www.java2s.com:80/Tutorial/Java/0040__Data-Type/UsingStringclass.htm,20070501102840
(thin),http://www.java2s.com:80/Tutorial/Java/0040__Data-Type/Usingthebooleantype.htm,20071106024923
(thin),http://java2s.com:80/Tutorial/Java/0040__Data-Type/Usingthebuiltinenumerationmethodsvalues.htm,20071014052741
(thin),http://www.java2s.com:80/Tutorial/Java/0040__Data-Type/UsingtheCalendarClasstoDisplayCurrentTimeinDifferentTimeZones.htm,20090508140939
(thin),http://www.java2s.com:80/Tutorial/Java/0040__Data-Type/UsingtheCollectionBasedforLoopwithaStringCountingallvowelsinastring.htm,20070824201534
(thin),http://www.java2s.com:80/Tutorial/Java/0040__Data-Type/Usingtrimtoprocesscommands.htm,20081020225931
data-type-usingvalueof-2,http://www.java2s.com:80/Tutorial/Java/0040__Data-Type/UsingvalueOf.htm,20070430174114
(thin),http://www.java2s.com:80/Tutorial/Java/0040__Data-Type/UtilitymethodsforASCIIcharacterchecking.htm,20091004045413
(thin),http://www.java2s.com:80/Tutorial/Java/0040__Data-Type/ValidateifaStringcontainsonlynumbers.htm,20090622152907
data-type-valueofconverttostring-2,http://www.java2s.com:80/Tutorial/Java/0040__Data-Type/valueOfconverttoString.htm,20070706233823
(thin),http://www.java2s.com:80/Tutorial/Java/0040__Data-Type/valueOfparseaStringtoaBooleanobject.htm,20070810120542
(thin),http://www.java2s.com:80/Tutorial/Java/0040__Data-Type/VariousDateformat.htm,20070319212223
(thin),http://www.java2s.com/Tutorial/Java/0040__Data-Type/WrappedClassbooleanintlong.htm,20081205075026
(thin),http://www.java2s.com:80/Tutorial/Java/0040__Data-Type/Wrapperclassesfortheprimitivetypes.htm,20071105221936
(thin),http://www.java2s.com:80/Tutorial/Java/0040__Data-Type/WrappingaPrimitiveTypeinaWrapperObjectbooleanbytecharshortintlongfloatdouble.htm,20090527094659
data-type-writefloatingpointliteralswithanexponent-2,http://www.java2s.com:80/Tutorial/Java/0040__Data-Type/WriteFloatingPointLiteralswithanexponent.htm,20070330084355
(thin),http://www.java2s.com:80/Tutorial/Java/0040__Data-Type/xoraBigInteger.htm,20090425194537
(thin),http://www.java2s.com:80/Tutorial/Java/0060__Operators/0200__Operators.htm,20070531212523
(thin),https://www.java2s.com/Tutorial/Java/0060__Operators/0200__Operators.html,20260519001748
(thin),http://www.java2s.com:80/Tutorial/Java/0060__Operators/0240__Assignment-Operators.htm,20070529035314
(thin),https://www.java2s.com/Tutorial/Java/0060__Operators/0240__Assignment-Operators.html,20260511161215
(thin),http://www.java2s.com:80/Tutorial/Java/0060__Operators/0260__Increment-Decrement-Operators.htm,20070531210603
(thin),https://www.java2s.com/Tutorial/Java/0060__Operators/0260__Increment-Decrement-Operators.html,20260514071521
(thin),http://www.java2s.com:80/Tutorial/Java/0060__Operators/0280__Arithmetic-Operators.htm,20070531205554
(thin),https://www.java2s.com/Tutorial/Java/0060__Operators/0280__Arithmetic-Operators.html,20260520100504
(thin),http://www.java2s.com:80/Tutorial/Java/0060__Operators/0300__Bitwise-Operators.htm,20070529034940
(thin),https://www.java2s.com/Tutorial/Java/0060__Operators/0300__Bitwise-Operators.html,20260517000610
(thin),http://www.java2s.com:80/Tutorial/Java/0060__Operators/0320__Relational-Operators.htm,20070529050801
(thin),https://www.java2s.com/Tutorial/Java/0060__Operators/0320__Relational-Operators.html,20260516151939
(thin),http://www.java2s.com:80/Tutorial/Java/0060__Operators/0340__Logical-Operators.htm,20070531211311
(thin),https://www.java2s.com/Tutorial/Java/0060__Operators/0340__Logical-Operators.html,20260510231230
(thin),http://www.java2s.com:80/Tutorial/Java/0060__Operators/0360__Ternary-Operator.htm,20070529041856
-,https://www.java2s.com/Tutorial/Java/0060__Operators/0360__Ternary-Operator.html,20260512101159
(thin),http://java2s.com:80/Tutorial/Java/0060__Operators/0380__Comma-Operator.htm,20071012230734
(thin),https://www.java2s.com/Tutorial/Java/0060__Operators/0380__Comma-Operator.html,20260519010245
(thin),http://www.java2s.com:80/Tutorial/Java/0060__Operators/0380__instanceof.htm,20070531214205
(thin),http://java2s.com:80/Tutorial/Java/0060__Operators/0400__instanceof.htm,20071013000242
(thin),https://www.java2s.com/Tutorial/Java/0060__Operators/0400__instanceof.html,20260510120045
(thin),http://www.java2s.com:80/Tutorial/Java/0060__Operators/Allbitwiseoperatorsinaction.htm,20071106053541
(thin),http://java2s.com:80/Tutorial/Java/0060__Operators/ANDoperator.htm,20071020220015
operators-applyingthemodulusoperatortofloatingpointvalues,http://www.java2s.com:80/Tutorial/Java/0060__Operators/Applyingthemodulusoperatortofloatingpointvalues.htm,20070716081541
operators-arithmeticcalculations,http://www.java2s.com:80/Tutorial/Java/0060__Operators/ArithmeticCalculations.htm,20070613001429
(thin),http://www.java2s.com:80/Tutorial/Java/0060__Operators/ArithmeticOperators.htm,20070716104224
(thin),http://www.java2s.com:80/Tutorial/Java/0060__Operators/BitwiseAND.htm,20090514024251
(thin),http://www.java2s.com:80/Tutorial/Java/0060__Operators/Bitwisecomplementinvertsonesandzerosinanumber.htm,20090514023827
(thin),http://www.java2s.com:80/Tutorial/Java/0060__Operators/BitwiseOperatorAssignments.htm,20071105033350
-,http://www.java2s.com:80/Tutorial/Java/0060__Operators/BitwiseOR.htm,20090514024619
(thin),http://www.java2s.com:80/Tutorial/Java/0060__Operators/BitwiseXOR.htm,20090514023822
(thin),http://java2s.com:80/Tutorial/Java/0060__Operators/BooleanLogicalOperators.htm,20071020220021
(thin),http://java2s.com:80/Tutorial/Java/0060__Operators/BooleanNOTOperationsappliestoonebooleanoperand.htm,20071020220027
(thin),http://www.java2s.com:80/Tutorial/Java/0060__Operators/CommaOperator.htm,20071104052447
(thin),http://www.java2s.com:80/Tutorial/Java/0060__Operators/Convertanumbertonegativeandback.htm,20090514031743
(thin),http://www.java2s.com:80/Tutorial/Java/0060__Operators/ConvertingBetweenaBitSetandaByteArray.htm,20090514024256
(thin),http://java2s.com:80/Tutorial/Java/0060__Operators/Demonstratesshortcircuitingbehavior.htm,20071020220032
operators-demonstratesthemathematicaloperators,http://www.java2s.com:80/Tutorial/Java/0060__Operators/Demonstratesthemathematicaloperators.htm,20070716073034
(thin),http://www.java2s.com:80/Tutorial/Java/0060__Operators/Demonstratethebitwiselogicaloperators.htm,20071105221941
(thin),http://java2s.com:80/Tutorial/Java/0060__Operators/Demonstratethebooleanlogicaloperators.htm,20071020220037
(thin),http://www.java2s.com:80/Tutorial/Java/0060__Operators/FindingOutofwhatClassanObjectisInstantiated.htm,20090429174236
(thin),http://www.java2s.com:80/Tutorial/Java/0060__Operators/IdentifyingObjects.htm,20071105044112
(thin),http://www.java2s.com:80/Tutorial/Java/0060__Operators/IncrementandDecrementDemonstrate.htm,20071106024928
(thin),http://www.java2s.com:80/Tutorial/Java/0060__Operators/instanceofoperatorandclasshierarchy.htm,20081022222940
(thin),http://www.java2s.com:80/Tutorial/Java/0060__Operators/Leftshift.htm,20090514024629
(thin),http://www.java2s.com:80/Tutorial/Java/0060__Operators/Leftshiftingasaquickwaytomultiplyby2.htm,20071105175322
(thin),http://java2s.com:80/Tutorial/Java/0060__Operators/LogicalOperators.htm,20071020220049
(thin),http://java2s.com:80/Tutorial/Java/0060__Operators/Logicaloperatorsinaction.htm,20071020220054
(thin),http://java2s.com:80/Tutorial/Java/0060__Operators/LogicalOROperations.htm,20071020220044
operators-modulusoperatorobtaintheremainderafteradivision,http://www.java2s.com:80/Tutorial/Java/0060__Operators/Modulusoperatorobtaintheremainderafteradivision.htm,20070613001311
operators-operationsonbitmappedfields,http://www.java2s.com:80/Tutorial/Java/0060__Operators/Operationsonbitmappedfields.htm,20100718030025
(thin),http://www.java2s.com:80/Tutorial/Java/0060__Operators/OperatorPrecedence.htm,20070810060052
-,http://www.java2s.com:80/Tutorial/Java/0060__Operators/PerformingBitwiseOperationsonaBitVector.htm,20090514031751
(thin),http://www.java2s.com:80/Tutorial/Java/0060__Operators/Relationalandlogicaloperators.htm,20071024024958
(thin),http://www.java2s.com:80/Tutorial/Java/0060__Operators/RelationalOperators.htm,20071023061650
operators-representsacollectionof64booleanonoffflags,http://www.java2s.com:80/Tutorial/Java/0060__Operators/Representsacollectionof64booleanonoffflags.htm,20100718024643
(thin),http://www.java2s.com:80/Tutorial/Java/0060__Operators/Returnsabytearrayofatleastlength1.htm,20090514025906
operators-severalassignmentoperators,http://www.java2s.com:80/Tutorial/Java/0060__Operators/Severalassignmentoperators.htm,20070613000729
(thin),http://www.java2s.com:80/Tutorial/Java/0060__Operators/Signedshifttotheright.htm,20090514024316
(thin),http://www.java2s.com:80/Tutorial/Java/0060__Operators/Sixcategoriesofoperators.htm,20071023053036
(thin),http://www.java2s.com:80/Tutorial/Java/0060__Operators/TestsalltheoperatorsonalltheprimitivedatatypestoshowwhichonesareacceptedbytheJavacompiler.htm,20071023230118
operators-thebasicarithmeticoperators,http://www.java2s.com:80/Tutorial/Java/0060__Operators/TheBasicArithmeticOperators.htm,20070612183258
(thin),http://www.java2s.com:80/Tutorial/Java/0060__Operators/TheBitwiseLogicalOperators.htm,20071105044117
(thin),http://www.java2s.com:80/Tutorial/Java/0060__Operators/TheBitwiseOperatorscanbeappliedtotheintegertypeslongintshortcharandbyte.htm,20071106033225
(thin),http://java2s.com:80/Tutorial/Java/0060__Operators/Thefollowingtableshowstheeffectofeachlogicaloperation.htm,20071020220059
(thin),http://www.java2s.com:80/Tutorial/Java/0060__Operators/Theincrementanddecrementoperators.htm,20071106024933
(thin),http://www.java2s.com:80/Tutorial/Java/0060__Operators/TheinstanceofKeyword.htm,20071106024938
(thin),http://www.java2s.com:80/Tutorial/Java/0060__Operators/TheLeftShift.htm,20071105024238
(thin),http://www.java2s.com:80/Tutorial/Java/0060__Operators/TheOperatorTernary.htm,20071203100844
(thin),http://www.java2s.com:80/Tutorial/Java/0060__Operators/TheopOperators.htm,20071024034937
(thin),http://www.java2s.com:80/Tutorial/Java/0060__Operators/Theprefixformandthepostfixform.htm,20071106033236
(thin),http://www.java2s.com:80/Tutorial/Java/0060__Operators/TheRightShift.htm,20071106033231
(thin),http://www.java2s.com:80/Tutorial/Java/0060__Operators/TheternaryoperatorTheConditionalOperatorresultvalueconditionValueresult1result2.htm,20070810120521
(thin),http://www.java2s.com:80/Tutorial/Java/0060__Operators/TheUnsignedRightShift.htm,20071105024243
(thin),http://www.java2s.com:80/Tutorial/Java/0060__Operators/Unsignedshiftingabytevalue.htm,20071105044122
(thin),http://www.java2s.com:80/Tutorial/Java/0060__Operators/Usebitwiseoperatortocreatehashcode.htm,20090514024331
-,http://www.java2s.com:80/Tutorial/Java/0060__Operators/Usingandwithfloatingpointvariables.htm,20071104173038
(thin),http://www.java2s.com:80/Tutorial/Java/0060__Operators/Usingtheincrementanddecrementoperatorsinanexpression.htm,20071106053546
(thin),http://www.java2s.com:80/Tutorial/Java/0060__Operators/versus.htm,20071020051333
(thin),http://www.java2s.com:80/Tutorial/Java/0080__Statement-Control/0010__Statement.htm,20090515013009
(thin),https://www.java2s.com/Tutorial/Java/0080__Statement-Control/0010__Statement.html,20260517092756
(thin),http://www.java2s.com:80/Tutorial/Java/0080__Statement-Control/0020__If-Statement.htm,20070525053331
(thin),https://www.java2s.com/Tutorial/Java/0080__Statement-Control/0020__If-Statement.html,20260520005424
(thin),http://www.java2s.com:80/Tutorial/Java/0080__Statement-Control/0040__Switch-Statement.htm,20070525051635
(thin),https://www.java2s.com/Tutorial/Java/0080__Statement-Control/0040__Switch-Statement.html,20260513122443
(thin),http://www.java2s.com:80/Tutorial/Java/0080__Statement-Control/0060__While-Loop.htm,20070429144851
(thin),https://www.java2s.com/Tutorial/Java/0080__Statement-Control/0060__While-Loop.html,20260519032255
(thin),http://www.java2s.com:80/Tutorial/Java/0080__Statement-Control/0080__Do-While-Loop.htm,20070429061440
(thin),https://www.java2s.com/Tutorial/Java/0080__Statement-Control/0080__Do-While-Loop.html,20260521134659
(thin),http://www.java2s.com:80/Tutorial/Java/0080__Statement-Control/0100__For-Loop.htm,20070529035825
(thin),http://www.java2s.com:80/Tutorial/Java/0080__Statement-Control/0120__For-Each-Loop.htm,20070310201435
(thin),http://www.java2s.com:80/Tutorial/Java/0080__Statement-Control/0140__Break-Statement.htm,20070531214108
(thin),http://www.java2s.com:80/Tutorial/Java/0080__Statement-Control/0160__Continue-Statement.htm,20070529051228
(thin),https://www.java2s.com/Tutorial/Java/0080__Statement-Control/0160__Continue-Statement.html,20260509194437
(thin),http://www.java2s.com:80/Tutorial/Java/0080__Statement-Control/0180__try-catch.htm,20080801183313
(thin),http://www.java2s.com:80/Tutorial/Java/0080__Statement-Control/0200__throw.htm,20080801203605
(thin),https://www.java2s.com/Tutorial/Java/0080__Statement-Control/0200__throw.html,20260520220754
(thin),http://www.java2s.com:80/Tutorial/Java/0080__Statement-Control/0220__finally.htm,20080801203610
(thin),https://www.java2s.com/Tutorial/Java/0080__Statement-Control/0220__finally.html,20260515231112
(thin),http://www.java2s.com:80/Tutorial/Java/0080__Statement-Control/0240__throws-signature.htm,20080801203615
(thin),https://www.java2s.com/Tutorial/Java/0080__Statement-Control/0240__throws-signature.html,20260510171355
statement-control-aloopallowsyoutoexecuteastatementorblockofstatementsrepeatedly,http://www.java2s.com:80/Tutorial/Java/0080__Statement-Control/Aloopallowsyoutoexecuteastatementorblockofstatementsrepeatedly.htm,20070716022238
(thin),http://www.java2s.com/Tutorial/Java/0080__Statement-Control/Anexampleofnestedtrystatements.htm,20081205014309
(thin),http://www.java2s.com:80/Tutorial/Java/0080__Statement-Control/AnOverviewofJavaStatements.htm,20090515013014
-,http://www.java2s.com:80/Tutorial/Java/0080__Statement-Control/BreakingIndefiniteLoops.htm,20080403065804
(thin),http://www.java2s.com:80/Tutorial/Java/0080__Statement-Control/CalculatingPrimesusingcontinuestatementandlabel.htm,20071104043719
statement-control-catchdifferentexceptiontypes,http://www.java2s.com:80/Tutorial/Java/0080__Statement-Control/CatchdifferentExceptiontypes.htm,20100813145654
(thin),http://www.java2s.com/Tutorial/Java/0080__Statement-Control/catchdividebyzeroerror.htm,20081205080242
(thin),http://java2s.com:80/Tutorial/Java/0080__Statement-Control/ChangeExceptiontypeandrethrow.htm,20090129160818
(thin),http://www.java2s.com:80/Tutorial/Java/0080__Statement-Control/Combiningbothstatementsintoone.htm,20090515015142
(thin),http://www.java2s.com:80/Tutorial/Java/0080__Statement-Control/Declaremultiplevariablesinforloop.htm,20090526121833
(thin),http://www.java2s.com:80/Tutorial/Java/0080__Statement-Control/Declaringanddefiningmultiplevariablesinasinglestatement.htm,20090515015147
(thin),http://www.java2s.com:80/Tutorial/Java/0080__Statement-Control/Demonstratefinally.htm,20080912222030
(thin),http://www.java2s.com/Tutorial/Java/0080__Statement-Control/Demonstratemultiplecatchstatements.htm,20081122161056
(thin),http://www.java2s.com/Tutorial/Java/0080__Statement-Control/Demonstratethrow.htm,20081205074210
statement-control-executethesamestatementsforseveraldifferentcaselabels,http://www.java2s.com:80/Tutorial/Java/0080__Statement-Control/Executethesamestatementsforseveraldifferentcaselabels.htm,20070525055041
statement-control-expressionindentationforifstatement,http://www.java2s.com:80/Tutorial/Java/0080__Statement-Control/Expressionindentationforifstatement.htm,20070714011448
(thin),http://www.java2s.com:80/Tutorial/Java/0080__Statement-Control/Expressions.htm,20090515013019
statement-control-forstatementindetail,http://www.java2s.com:80/Tutorial/Java/0080__Statement-Control/Forstatementindetail.htm,20070612200430
(thin),http://www.java2s.com:80/Tutorial/Java/0080__Statement-Control/FreeFlowingSwitchStatementExample.htm,20090512203007
(thin),http://www.java2s.com/Tutorial/Java/0080__Statement-Control/Handleanexceptionandmoveon.htm,20081205074948
(thin),http://www.java2s.com:80/Tutorial/Java/0080__Statement-Control/Howtowritemultipleassignmentsinasinglestatement.htm,20090515021621
(thin),http://www.java2s.com:80/Tutorial/Java/0080__Statement-Control/InfiniteForloopExample.htm,20090526131828
statement-control-initializationexpressiondefinetwovariablesinforloop,http://www.java2s.com:80/Tutorial/Java/0080__Statement-Control/initializationexpressiondefinetwovariablesinforloop.htm,20070716023453
(thin),http://www.java2s.com:80/Tutorial/Java/0080__Statement-Control/IteratingoverMultidimensionalArraysUseforeachstyleforonatwodimensionalarray.htm,20071105221946
(thin),http://www.java2s.com:80/Tutorial/Java/0080__Statement-Control/Javaslabeledforloop.htm,20071105175327
(thin),http://www.java2s.com:80/Tutorial/Java/0080__Statement-Control/Javaslabeledwhileloop.htm,20071023230123
statement-control-keepingthemiddleelementonlyinforloop,http://www.java2s.com:80/Tutorial/Java/0080__Statement-Control/Keepingthemiddleelementonlyinforloop.htm,20070716023059
(thin),http://www.java2s.com:80/Tutorial/Java/0080__Statement-Control/Labelastatementblock.htm,20090515021218
(thin),http://www.java2s.com:80/Tutorial/Java/0080__Statement-Control/Labelledbreaksbreaksoutofseverallevelsofnestedloopsinsideapairofcurlybraces.htm,20090707041948
(thin),http://www.java2s.com:80/Tutorial/Java/0080__Statement-Control/Multipleexpressionsinforloops.htm,20090526132116
-,http://www.java2s.com:80/Tutorial/Java/0080__Statement-Control/Multipleselections.htm,20070714012224
statement-control-nestedforloop,http://www.java2s.com:80/Tutorial/Java/0080__Statement-Control/NestedforLoop.htm,20070716023441
statement-control-nestedifstatements,http://www.java2s.com:80/Tutorial/Java/0080__Statement-Control/NestedifStatements.htm,20070525065822
(thin),http://www.java2s.com:80/Tutorial/Java/0080__Statement-Control/NestedSwitchStatementsExample.htm,20090512203012
(thin),http://www.java2s.com:80/Tutorial/Java/0080__Statement-Control/PrintoutaDiamond.htm,20090525091847
(thin),http://www.java2s.com:80/Tutorial/Java/0080__Statement-Control/Spreadingasingledeclarationoverseverallines.htm,20090515021223
(thin),http://www.java2s.com:80/Tutorial/Java/0080__Statement-Control/StatementBlocks.htm,20090515013024
statement-control-switchstatementwithenum,http://www.java2s.com:80/Tutorial/Java/0080__Statement-Control/Switchstatementwithenum.htm,20070525055740
(thin),http://www.java2s.com:80/Tutorial/Java/0080__Statement-Control/ThebreakStatement.htm,20080403070554
(thin),http://www.java2s.com:80/Tutorial/Java/0080__Statement-Control/ThecontinueStatement.htm,20071105024248
(thin),http://www.java2s.com:80/Tutorial/Java/0080__Statement-Control/Thecontinuestatementskipsallorpartofaloopiteration.htm,20071104173054
(thin),http://www.java2s.com:80/Tutorial/Java/0080__Statement-Control/Thedowhileloopinaction.htm,20071104080027
(thin),http://www.java2s.com:80/Tutorial/Java/0080__Statement-Control/ThedowhileStatement.htm,20071104052452
statement-control-theelseclause,http://www.java2s.com:80/Tutorial/Java/0080__Statement-Control/TheelseClause.htm,20070525055051
(thin),http://www.java2s.com:80/Tutorial/Java/0080__Statement-Control/Theforeachloopforanenumdatatype.htm,20070823222601
(thin),http://www.java2s.com:80/Tutorial/Java/0080__Statement-Control/Theforeachloopisessentiallyreadonly.htm,20071106024948
(thin),http://www.java2s.com:80/Tutorial/Java/0080__Statement-Control/TheForEachVersionoftheforLoop.htm,20070824044155
statement-control-theforstatement,http://www.java2s.com:80/Tutorial/Java/0080__Statement-Control/TheforStatement.htm,20070612233943
statement-control-theifstatementinaction,http://www.java2s.com:80/Tutorial/Java/0080__Statement-Control/TheifStatementinaction.htm,20070714012745
statement-control-theifstatementsyntax,http://www.java2s.com:80/Tutorial/Java/0080__Statement-Control/Theifstatementsyntax.htm,20070525053932
(thin),http://www.java2s.com:80/Tutorial/Java/0080__Statement-Control/TheLabeledbreakStatement.htm,20080403070200
(thin),http://www.java2s.com:80/Tutorial/Java/0080__Statement-Control/TheLabeledcontinuestatement.htm,20071105221951
statement-control-thenumericalforloop,http://www.java2s.com:80/Tutorial/Java/0080__Statement-Control/Thenumericalforloop.htm,20070716022406
-,http://www.java2s.com:80/Tutorial/Java/0080__Statement-Control/TheswitchStatement.htm,20070525055132
statement-control-theswitchstatementademo,http://www.java2s.com:80/Tutorial/Java/0080__Statement-Control/TheswitchStatementademo.htm,20070525051348
(thin),http://www.java2s.com:80/Tutorial/Java/0080__Statement-Control/ThewhileStatement.htm,20071023053046
(thin),http://www.java2s.com:80/Tutorial/Java/0080__Statement-Control/throwsExceptionfrommethod.htm,20090601063511
statement-control-toomitanyoralloftheelementsinforloopbutyoumustincludethesemico,http://www.java2s.com:80/Tutorial/Java/0080__Statement-Control/Toomitanyoralloftheelementsinforloopbutyoumustincludethesemicolons.htm,20070716023404
(thin),http://www.java2s.com/Tutorial/Java/0080__Statement-Control/Trystatementscanbeimplicitlynestedviacallstomethods.htm,20081205074256
(thin),http://www.java2s.com:80/Tutorial/Java/0080__Statement-Control/Useaforeachstyleforloop.htm,20071104080032
statement-control-usingbracesmakesyourifstatementclearer,http://www.java2s.com:80/Tutorial/Java/0080__Statement-Control/Usingbracesmakesyourifstatementclearer.htm,20070714012641
(thin),http://www.java2s.com:80/Tutorial/Java/0080__Statement-Control/Usingbreakwithaforeachstylefor.htm,20071105222001
(thin),http://www.java2s.com:80/Tutorial/Java/0080__Statement-Control/Usingforeachtoloopthrougharray.htm,20070824202102
statement-control-usinginifstatement,http://www.java2s.com:80/Tutorial/Java/0080__Statement-Control/Usinginifstatement.htm,20070714012016
(thin),http://java2s.com:80/Tutorial/Java/0080__Statement-Control/Usingoroperatorinifstatement.htm,20071021205327
(thin),http://www.java2s.com:80/Tutorial/Java/0080__Statement-Control/UsingthebreakStatementinaLoopbreakoutfromaloop.htm,20080403065809
(thin),http://www.java2s.com:80/Tutorial/Java/0080__Statement-Control/UsingtheFloatingPointValuesasthecontrolvalueinaforloop.htm,20071104173109
(thin),http://www.java2s.com:80/Tutorial/Java/0080__Statement-Control/UsingtheForEachLoopwithCollectionsArrayList.htm,20071104173114
(thin),http://www.java2s.com:80/Tutorial/Java/0080__Statement-Control/Usingthewhilelooptocalculatesum.htm,20071023083419
(thin),http://www.java2s.com:80/Tutorial/Java/0080__Statement-Control/Whileloopwithdoublevalue.htm,20071023053051
(thin),http://www.java2s.com:80/Tutorial/Java/0100__Class-Definition/0020__Defining-Class.htm,20070310200041
(thin),http://www.java2s.com:80/Tutorial/Java/0100__Class-Definition/0021__Constructor.htm,20070314192024
(thin),https://www.java2s.com/Tutorial/Java/0100__Class-Definition/0021__Constructor.html,20260513034748
(thin),http://www.java2s.com:80/Tutorial/Java/0100__Class-Definition/0040__Defining-Method.htm,20070531195045
(thin),https://www.java2s.com/Tutorial/Java/0100__Class-Definition/0040__Defining-Method.html,20260710114417
(thin),http://java2s.com:80/Tutorial/Java/0100__Class-Definition/0041__Class-Fields.htm,20071012000012
(thin),http://www.java2s.com:80/Tutorial/Java/0100__Class-Definition/0060__Method-Overloading.htm,20070531210311
(thin),http://www.java2s.com:80/Tutorial/Java/0100__Class-Definition/0070__Method-Override.htm,20080726061224
(thin),http://www.java2s.com:80/Tutorial/Java/0100__Class-Definition/0080__Method-Parameters.htm,20070328231821
(thin),https://www.java2s.com/Tutorial/Java/0100__Class-Definition/0080__Method-Parameters.html,20260517120108
(thin),http://www.java2s.com:80/Tutorial/Java/0100__Class-Definition/0090__Method-Return.htm,20080801203625
(thin),https://www.java2s.com/Tutorial/Java/0100__Class-Definition/0090__Method-Return.html,20260513125048
(thin),http://www.java2s.com:80/Tutorial/Java/0100__Class-Definition/0100__Varargs.htm,20070531210729
(thin),https://www.java2s.com/Tutorial/Java/0100__Class-Definition/0100__Varargs.html,20260510055818
(thin),http://www.java2s.com:80/Tutorial/Java/0100__Class-Definition/0120__Recursive-Method.htm,20070529041106
(thin),https://www.java2s.com/Tutorial/Java/0100__Class-Definition/0120__Recursive-Method.html,20260511115411
(thin),http://www.java2s.com:80/Tutorial/Java/0100__Class-Definition/0140__Initialization-Block.htm,20070529051053
(thin),https://www.java2s.com/Tutorial/Java/0100__Class-Definition/0140__Initialization-Block.html,20260516204706
(thin),http://www.java2s.com:80/Tutorial/Java/0100__Class-Definition/0160__static-Member.htm,20070529041512
(thin),https://www.java2s.com/Tutorial/Java/0100__Class-Definition/0160__static-Member.html,20260510053632
(thin),http://www.java2s.com:80/Tutorial/Java/0100__Class-Definition/0180__This.htm,20070529041317
(thin),http://www.java2s.com:80/Tutorial/Java/0100__Class-Definition/0200__Nested-Classes.htm,20070529040442
(thin),https://www.java2s.com/Tutorial/Java/0100__Class-Definition/0200__Nested-Classes.html,20260516135945
(thin),http://java2s.com:80/Tutorial/Java/0100__Class-Definition/0201__Anonymous-inner-class.htm,20071013170348
(thin),https://www.java2s.com/Tutorial/Java/0100__Class-Definition/0201__Anonymous-inner-class.html,20260521143220
-,http://www.java2s.com:80/Tutorial/Java/0100__Class-Definition/0220__Declare-Object.htm,20070531214550
(thin),http://www.java2s.com:80/Tutorial/Java/0100__Class-Definition/0260__Class-Object.htm,20070529042334
(thin),https://www.java2s.com/Tutorial/Java/0100__Class-Definition/0260__Class-Object.html,20260710111545
(thin),http://www.java2s.com:80/Tutorial/Java/0100__Class-Definition/0280__Clone.htm,20070225115133
(thin),https://www.java2s.com/Tutorial/Java/0100__Class-Definition/0280__Clone.html,20260516015028
(thin),http://www.java2s.com:80/Tutorial/Java/0100__Class-Definition/0290__equals.htm,20080801183318
(thin),https://www.java2s.com/Tutorial/Java/0100__Class-Definition/0290__equals.html,20260518115151
(thin),http://www.java2s.com:80/Tutorial/Java/0100__Class-Definition/0300__New.htm,20070531201707
(thin),https://www.java2s.com/Tutorial/Java/0100__Class-Definition/0300__New.html,20260518151709
(thin),http://www.java2s.com:80/Tutorial/Java/0100__Class-Definition/0320__null.htm,20070320025216
(thin),http://www.java2s.com:80/Tutorial/Java/0100__Class-Definition/0340__Inheritance.htm,20070529051009
(thin),https://www.java2s.com/Tutorial/Java/0100__Class-Definition/0340__Inheritance.html,20260516084137
(thin),http://www.java2s.com:80/Tutorial/Java/0100__Class-Definition/0350__super.htm,20080801183323
(thin),https://www.java2s.com/Tutorial/Java/0100__Class-Definition/0350__super.html,20260510115922
(thin),http://www.java2s.com:80/Tutorial/Java/0100__Class-Definition/0360__Polymorphism.htm,20070419122845
(thin),https://www.java2s.com/Tutorial/Java/0100__Class-Definition/0360__Polymorphism.html,20260510172210
(thin),http://www.java2s.com:80/Tutorial/Java/0100__Class-Definition/0380__Access-Attributes.htm,20070529050115
(thin),http://www.java2s.com:80/Tutorial/Java/0100__Class-Definition/0400__Access-Control.htm,20070529042454
(thin),https://www.java2s.com/Tutorial/Java/0100__Class-Definition/0400__Access-Control.html,20260516151927
(thin),http://www.java2s.com:80/Tutorial/Java/0100__Class-Definition/0420__Final-Class.htm,20070505041537
(thin),https://www.java2s.com/Tutorial/Java/0100__Class-Definition/0420__Final-Class.html,20260509223453
(thin),http://www.java2s.com:80/Tutorial/Java/0100__Class-Definition/0440__final.htm,20070505041314
(thin),https://www.java2s.com/Tutorial/Java/0100__Class-Definition/0440__final.html,20260515053357
(thin),http://www.java2s.com:80/Tutorial/Java/0100__Class-Definition/0460__Abstract-Class.htm,20070529042716
(thin),https://www.java2s.com/Tutorial/Java/0100__Class-Definition/0460__Abstract-Class.html,20260515083222
(thin),http://www.java2s.com:80/Tutorial/Java/0100__Class-Definition/0480__Interface.htm,20070430083814
-,https://www.java2s.com/Tutorial/Java/0100__Class-Definition/0480__Interface.html,20260516050602
(thin),http://www.java2s.com:80/Tutorial/Java/0100__Class-Definition/0500__import.htm,20070531201637
(thin),http://www.java2s.com:80/Tutorial/Java/0100__Class-Definition/0520__Static-Import.htm,20070531213303
(thin),https://www.java2s.com/Tutorial/Java/0100__Class-Definition/0520__Static-Import.html,20260519103451
(thin),http://www.java2s.com:80/Tutorial/Java/0100__Class-Definition/0540__toString.htm,20080801183328
(thin),https://www.java2s.com/Tutorial/Java/0100__Class-Definition/0540__toString.html,20260513075448
(thin),http://www.java2s.com:80/Tutorial/Java/0100__Class-Definition/0560__finalize.htm,20081201035010
(thin),https://www.java2s.com/Tutorial/Java/0100__Class-Definition/0560__finalize.html,20260521205108
(thin),http://www.java2s.com:80/Tutorial/Java/0100__Class-Definition/0580__hashCode.htm,20090715104508
(thin),https://www.java2s.com/Tutorial/Java/0100__Class-Definition/0580__hashCode.html,20260514075416
(thin),http://www.java2s.com:80/Tutorial/Java/0100__Class-Definition/0600__URLClassLoader.htm,20090628035419
(thin),https://www.java2s.com/Tutorial/Java/0100__Class-Definition/0600__URLClassLoader.html,20260510202736
(thin),http://www.java2s.com:80/Tutorial/Java/0100__Class-Definition/AbstractClasses.htm,20071105175332
(thin),http://www.java2s.com:80/Tutorial/Java/0100__Class-Definition/AccessControlfouraccesscontrolmodifiers.htm,20071023083424
(thin),http://java2s.com:80/Tutorial/Java/0100__Class-Definition/Accessibility.htm,20071015113709
(thin),http://www.java2s.com:80/Tutorial/Java/0100__Class-Definition/Accessingitsenclosinginstancefromaninnerclass.htm,20090615081019
(thin),http://www.java2s.com:80/Tutorial/Java/0100__Class-Definition/Accessinnerclassfromoutside.htm,20090615081051
(thin),http://www.java2s.com:80/Tutorial/Java/0100__Class-Definition/Aclassthatcontainsastaticinitializer.htm,20090602051237
(thin),http://www.java2s.com:80/Tutorial/Java/0100__Class-Definition/AClassthatDemonstratesShadowing.htm,20080925224053
class-definition-acollectionofutilitiestoworkaroundlimitationsofjavacloneframewo,http://www.java2s.com:80/Tutorial/Java/0100__Class-Definition/AcollectionofutilitiestoworkaroundlimitationsofJavacloneframework.htm,20101107124030
(thin),http://www.java2s.com:80/Tutorial/Java/0100__Class-Definition/Ademonstrationofabstract.htm,20080803062552
(thin),http://www.java2s.com:80/Tutorial/Java/0100__Class-Definition/Amethodthatreturnsananonymousinnerclass.htm,20071023053056
(thin),http://www.java2s.com:80/Tutorial/Java/0100__Class-Definition/Ananonymousinnerclassthatcallsthebaseclassconstructor.htm,20071023053101
(thin),http://www.java2s.com:80/Tutorial/Java/0100__Class-Definition/Ananonymousinnerclassthatperformsinitialization.htm,20071023083429
class-definition-anexampleofpolymorphism,http://www.java2s.com:80/Tutorial/Java/0100__Class-Definition/Anexampleofpolymorphism.htm,20070430122330
-,http://www.java2s.com:80/Tutorial/Java/0100__Class-Definition/Aninnerclasscannotbeoverridenlikeamethod.htm,20070902222238
(thin),http://www.java2s.com:80/Tutorial/Java/0100__Class-Definition/Anonymousinnerclasscannothaveanamedconstructoronlyaninstanceinitializer.htm,20071023230128
class-definition-apartialinterfaceimplementation,http://www.java2s.com:80/Tutorial/Java/0100__Class-Definition/APartialInterfaceImplementation.htm,20070430090228
(thin),http://www.java2s.com:80/Tutorial/Java/0100__Class-Definition/Argumentmustbefinaltouseinsideanonymousinnerclass.htm,20071023083435
class-definition-arraysareautomaticallycloneable,http://www.java2s.com:80/Tutorial/Java/0100__Class-Definition/Arraysareautomaticallycloneable.htm,20101107122917
(thin),http://java2s.com:80/Tutorial/Java/0100__Class-Definition/Assignmentwithobjectsisabittricky.htm,20071020170031
(thin),http://www.java2s.com/Tutorial/Java/0100__Class-Definition/ASuperclassVariableCanReferenceaSubclassObject.htm,20081205072601
class-definition-averyefficientjavahashalgorithmbasedonthebuzhashalgoritm,http://www.java2s.com:80/Tutorial/Java/0100__Class-Definition/AveryefficientjavahashalgorithmbasedontheBuzHashalgoritm.htm,20100314201117
(thin),http://www.java2s.com:80/Tutorial/Java/0100__Class-Definition/Baseclassfordemonstationoffinalmethods.htm,20090207215638
(thin),http://www.java2s.com:80/Tutorial/Java/0100__Class-Definition/Blankfinalfields.htm,20071024034942
(thin),http://www.java2s.com:80/Tutorial/Java/0100__Class-Definition/Buildingtheanonymousinnerclassinplace.htm,20071023230133
(thin),http://www.java2s.com:80/Tutorial/Java/0100__Class-Definition/ByValueorByReference.htm,20070328231602
(thin),http://www.java2s.com:80/Tutorial/Java/0100__Class-Definition/CallingaConstructorFromaConstructor.htm,20071105024303
(thin),http://www.java2s.com:80/Tutorial/Java/0100__Class-Definition/Castaftercloning.htm,20090221071042
class-definition-checkingwhethertheobjectreferencedwasoftypestring,http://www.java2s.com:80/Tutorial/Java/0100__Class-Definition/CheckingwhethertheobjectreferencedwasoftypeString.htm,20070328232927
(thin),http://www.java2s.com:80/Tutorial/Java/0100__Class-Definition/ClassAccessControlModifiers.htm,20071023083440
class-definition-classdeclarationwithamethodthathasaparameter,http://www.java2s.com:80/Tutorial/Java/0100__Class-Definition/Classdeclarationwithamethodthathasaparameter.htm,20070612203809
class-definition-classdeclarationwithonemethod,http://www.java2s.com:80/Tutorial/Java/0100__Class-Definition/Classdeclarationwithonemethod.htm,20070716084112
(thin),http://www.java2s.com:80/Tutorial/Java/0100__Class-Definition/ClassInitializerduringdeclaration.htm,20081222220557
(thin),http://www.java2s.com:80/Tutorial/Java/0100__Class-Definition/ClassMemberAccessControlModifiers.htm,20071024034947
(thin),http://www.java2s.com/Tutorial/Java/0100__Class-Definition/ClassMemberAccessMatrix.htm,20081122135459
(thin),http://www.java2s.com:80/Tutorial/Java/0100__Class-Definition/ClassObject.htm,20071020040832
class-definition-classthatcontainsastringinstancevariableandmethodstosetandgetit,http://www.java2s.com:80/Tutorial/Java/0100__Class-Definition/ClassthatcontainsaStringinstancevariableandmethodstosetandgetitsvalue.htm,20070613001439
-,http://www.java2s.com:80/Tutorial/Java/0100__Class-Definition/Classwithaconstructortoinitializeinstancevariables.htm,20070716102642
(thin),http://java2s.com:80/Tutorial/Java/0100__Class-Definition/Cleanupandinheritance.htm,20071015113104
class-definition-cloneanarray,http://www.java2s.com:80/Tutorial/Java/0100__Class-Definition/Cloneanarray.htm,20100529051913
class-definition-cloneanobjectwithclonemethodfromparent,http://www.java2s.com:80/Tutorial/Java/0100__Class-Definition/Cloneanobjectwithclonemethodfromparent.htm,20101107124040
(thin),http://java2s.com:80/Tutorial/Java/0100__Class-Definition/Combiningcompositionandinheritance.htm,20071015113109
(thin),http://java2s.com:80/Tutorial/Java/0100__Class-Definition/ComparingObjects.htm,20071020170036
class-definition-comparingobjectvaluesusinghashcodes,http://www.java2s.com:80/Tutorial/Java/0100__Class-Definition/ComparingObjectValuesUsingHashCodes.htm,20100314200834
(thin),http://www.java2s.com:80/Tutorial/Java/0100__Class-Definition/Compositionwithpublicobjects.htm,20071024034952
class-definition-computinghashcodes,http://www.java2s.com:80/Tutorial/Java/0100__Class-Definition/Computinghashcodes.htm,20100314201122
(thin),http://www.java2s.com/Tutorial/Java/0100__Class-Definition/Constructcloneofanobject.htm,20081122140034
(thin),http://www.java2s.com/Tutorial/Java/0100__Class-Definition/constructcloneofanobjectandcallconstructorinthesuperclass.htm,20081122132837
(thin),http://www.java2s.com:80/Tutorial/Java/0100__Class-Definition/Constructorsandpolymorphismdontproducewhatyoumightexpect.htm,20071024025441
class-definition-copyanserializableobjectdeeply,http://www.java2s.com:80/Tutorial/Java/0100__Class-Definition/Copyanserializableobjectdeeply.htm,20101107122927
class-definition-copyingobjectsimplementscloneable,http://www.java2s.com:80/Tutorial/Java/0100__Class-Definition/CopyingObjectsimplementsCloneable.htm,20070225115345
(thin),http://www.java2s.com:80/Tutorial/Java/0100__Class-Definition/CreateaSingletonObject.htm,20090527184525
(thin),http://www.java2s.com:80/Tutorial/Java/0100__Class-Definition/Creatingaconstructorforananonymousinnerclass.htm,20071023053106
(thin),http://www.java2s.com:80/Tutorial/Java/0100__Class-Definition/CreatingaMultilevelHierarchy.htm,20080922092610
(thin),http://www.java2s.com:80/Tutorial/Java/0100__Class-Definition/Creatinganewnestedobjectoutside.htm,20071105222006
(thin),http://www.java2s.com:80/Tutorial/Java/0100__Class-Definition/Creatinginnerclasses.htm,20070901220035
(thin),http://www.java2s.com:80/Tutorial/Java/0100__Class-Definition/Creatinginstancesofinnerclasses.htm,20071106033256
(thin),http://www.java2s.com:80/Tutorial/Java/0100__Class-Definition/CreatingObjects.htm,20071104080037
class-definition-creatingobjectsofaclass,http://www.java2s.com:80/Tutorial/Java/0100__Class-Definition/CreatingObjectsofaClass.htm,20070328231831
class-definition-deepcloneobject,http://www.java2s.com:80/Tutorial/Java/0100__Class-Definition/DeepcloneObject.htm,20100529044445
-,http://www.java2s.com:80/Tutorial/Java/0100__Class-Definition/DeepcloneserializingdeserializngClone.htm,20101107132246
(thin),http://www.java2s.com:80/Tutorial/Java/0100__Class-Definition/Defaultaccesslevel.htm,20071024034957
(thin),http://www.java2s.com/Tutorial/Java/0100__Class-Definition/Defineaninnerclasswithinaforloop.htm,20081122141418
(thin),http://www.java2s.com:80/Tutorial/Java/0100__Class-Definition/Definethestaticmember.htm,20071104173119
(thin),http://www.java2s.com:80/Tutorial/Java/0100__Class-Definition/Defineyourownequalsmethod.htm,20090531073305
class-definition-definingclassesaclasshasfieldsandmethods,http://www.java2s.com:80/Tutorial/Java/0100__Class-Definition/DefiningClassesAclasshasfieldsandmethods.htm,20070716073842
(thin),http://www.java2s.com:80/Tutorial/Java/0100__Class-Definition/Definingreferencestoinnerclasses.htm,20070831192137
(thin),http://www.java2s.com/Tutorial/Java/0100__Class-Definition/Demonstrateaninnerclass.htm,20081122134748
(thin),http://www.java2s.com/Tutorial/Java/0100__Class-Definition/DemonstrateRunTimeTypeInformation.htm,20081122142312
(thin),http://www.java2s.com:80/Tutorial/Java/0100__Class-Definition/Demonstratesanonymousclasses.htm,20090422125114
(thin),http://www.java2s.com:80/Tutorial/Java/0100__Class-Definition/Demonstrateshowfinalvariablesarereplacedatcompilationtime.htm,20090209035942
(thin),http://www.java2s.com:80/Tutorial/Java/0100__Class-Definition/Demonstratesmethodscopedinnerclasses.htm,20090422124652
(thin),http://www.java2s.com:80/Tutorial/Java/0100__Class-Definition/DemonstratesStaticnestedClasses.htm,20090603053243
(thin),http://www.java2s.com:80/Tutorial/Java/0100__Class-Definition/Demonstratestaticvariablesmethodsandblocks.htm,20080912224357
(thin),http://java2s.com:80/Tutorial/Java/0100__Class-Definition/DemonstratesthatallclassesdescendfromthetypejavalangObject.htm,20090129160823
(thin),http://www.java2s.com:80/Tutorial/Java/0100__Class-Definition/Demonstratesthepitfallsofdependingontheorderofstaticinitializers.htm,20090603061435
(thin),http://www.java2s.com:80/Tutorial/Java/0100__Class-Definition/Demonstratesvariousinitializers.htm,20090603061232
(thin),http://www.java2s.com/Tutorial/Java/0100__Class-Definition/Demonstratetheclonemethod.htm,20081122141544
(thin),http://www.java2s.com:80/Tutorial/Java/0100__Class-Definition/Demonstratevariablelengtharguments.htm,20081021045529
(thin),http://www.java2s.com:80/Tutorial/Java/0100__Class-Definition/DemonstratewhenconstructorsarecalledinaMultilevelHierarchy.htm,20080922092616
(thin),http://www.java2s.com:80/Tutorial/Java/0100__Class-Definition/Demonstratingvariablelengtharguments.htm,20071023230138
class-definition-demonstrationofbothconstructorandordinarymethodoverloading,http://www.java2s.com:80/Tutorial/Java/0100__Class-Definition/Demonstrationofbothconstructorandordinarymethodoverloading.htm,20070707111855
(thin),http://www.java2s.com:80/Tutorial/Java/0100__Class-Definition/Demonstrationoffinalclassmembers.htm,20090209040652
(thin),http://www.java2s.com:80/Tutorial/Java/0100__Class-Definition/Demonstrationoffinalconstants.htm,20090207215644
(thin),http://www.java2s.com:80/Tutorial/Java/0100__Class-Definition/Demonstrationoffinalvariables.htm,20090209043021
(thin),http://www.java2s.com:80/Tutorial/Java/0100__Class-Definition/Demonstrationofsomestaticnestedclasses.htm,20090906132834
(thin),http://www.java2s.com:80/Tutorial/Java/0100__Class-Definition/DemonstrationofthePointersandReferencesConcept.htm,20090214114713
-,http://java2s.com:80/Tutorial/Java/0100__Class-Definition/DerivedClassConstructorsCallingtheBaseClassConstructor.htm,20071015113114
(thin),http://java2s.com:80/Tutorial/Java/0100__Class-Definition/DerivingaClass.htm,20071015113119
class-definition-downcastingandruntimetypeidentificationrtti,http://www.java2s.com:80/Tutorial/Java/0100__Class-Definition/DowncastingandRunTimeTypeIdentificationRTTI.htm,20070713024702
(thin),http://www.java2s.com:80/Tutorial/Java/0100__Class-Definition/DuplicatingObjectsusingaConstructor.htm,20071105175337
(thin),http://www.java2s.com:80/Tutorial/Java/0100__Class-Definition/DynamicallychangingthebehaviorofanobjectviacompositiontheStatedesignpattern.htm,20071122082126
(thin),http://www.java2s.com:80/Tutorial/Java/0100__Class-Definition/DynamicMethodDispatch.htm,20080921230021
class-definition-encapsulatingconstantsinaprogram,http://www.java2s.com:80/Tutorial/Java/0100__Class-Definition/EncapsulatingConstantsinaProgram.htm,20070430052401
(thin),http://www.java2s.com:80/Tutorial/Java/0100__Class-Definition/Explicitstaticinitializationwiththestaticclause.htm,20071105024308
class-definition-extendinginterfaces,http://www.java2s.com:80/Tutorial/Java/0100__Class-Definition/ExtendingInterfaces.htm,20070430052202
class-definition-fields,http://www.java2s.com:80/Tutorial/Java/0100__Class-Definition/Fields.htm,20070501085327
class-definition-fieldsandmethodsinaninterface,http://www.java2s.com:80/Tutorial/Java/0100__Class-Definition/FieldsandMethodsinanInterface.htm,20070430093442
class-definition-finalclasses,http://www.java2s.com:80/Tutorial/Java/0100__Class-Definition/FinalClasses.htm,20070505031032
class-definition-finalvariables,http://www.java2s.com:80/Tutorial/Java/0100__Class-Definition/finalVariables.htm,20070505041946
(thin),http://www.java2s.com:80/Tutorial/Java/0100__Class-Definition/fullyqualifiedname.htm,20071106053601
class-definition-gethashcodeforprimitivedatatypes,http://www.java2s.com:80/Tutorial/Java/0100__Class-Definition/Gethashcodeforprimitivedatatypes.htm,20100314201128
class-definition-gettheidentityhashcodes,http://www.java2s.com:80/Tutorial/Java/0100__Class-Definition/Gettheidentityhashcodes.htm,20100314200839
(thin),http://java2s.com:80/Tutorial/Java/0100__Class-Definition/GettingjavalangClassInformationaboutyourobject.htm,20071020170041
(thin),http://www.java2s.com:80/Tutorial/Java/0100__Class-Definition/Implementequalsmethodusingcommonslang.htm,20090531082530
class-definition-implementhashcodeusingcommonslang,http://www.java2s.com:80/Tutorial/Java/0100__Class-Definition/ImplementhashCodeusingcommonslang.htm,20100312140716
(thin),http://www.java2s.com:80/Tutorial/Java/0100__Class-Definition/Implementsamanagerofliststhatstoresthelistsbykey.htm,20090214115316
(thin),http://www.java2s.com:80/Tutorial/Java/0100__Class-Definition/importallclasses.htm,20071104173130
(thin),http://www.java2s.com:80/Tutorial/Java/0100__Class-Definition/ImportingOtherClasses.htm,20070830050107
(thin),http://www.java2s.com:80/Tutorial/Java/0100__Class-Definition/importstatements.htm,20071105175342
(thin),http://www.java2s.com:80/Tutorial/Java/0100__Class-Definition/Inaclasshierarchyprivatemembersremainprivatetotheirclass.htm,20081110063852
-,http://java2s.com:80/Tutorial/Java/0100__Class-Definition/Inheritance.htm,20071015113124
(thin),http://java2s.com:80/Tutorial/Java/0100__Class-Definition/Inheritanceandupcasting.htm,20071015113129
(thin),http://java2s.com:80/Tutorial/Java/0100__Class-Definition/Inheritanceconstructorsandarguments.htm,20071015113714
(thin),http://www.java2s.com:80/Tutorial/Java/0100__Class-Definition/Initializationorder.htm,20071106053556
(thin),http://www.java2s.com:80/Tutorial/Java/0100__Class-Definition/Initializerforfinalstaticfield.htm,20090602052213
(thin),http://www.java2s.com:80/Tutorial/Java/0100__Class-Definition/InitializingDataMembers.htm,20071106025013
(thin),http://www.java2s.com:80/Tutorial/Java/0100__Class-Definition/Initializinginterfacefieldswithnonconstantinitializers.htm,20071105044138
(thin),http://www.java2s.com:80/Tutorial/Java/0100__Class-Definition/Insidemainthestaticmethodcallmeandthestaticvariablebareaccessedoutsideoftheirclass.htm,20080912222050
class-definition-interfacesandabstractclasses,http://www.java2s.com:80/Tutorial/Java/0100__Class-Definition/InterfacesandAbstractClasses.htm,20070419123004
(thin),http://www.java2s.com:80/Tutorial/Java/0100__Class-Definition/InterfacesandMultipleInheritance.htm,20070829175824
class-definition-interfacesandpolymorphismusingmultipleinterfaces,http://www.java2s.com:80/Tutorial/Java/0100__Class-Definition/InterfacesandPolymorphismUsingMultipleInterfaces.htm,20070430051204
class-definition-jakartacommonstostringbuilder,http://www.java2s.com:80/Tutorial/Java/0100__Class-Definition/JakartaCommonstoStringBuilder.htm,20101107064723
(thin),http://www.java2s.com:80/Tutorial/Java/0100__Class-Definition/JavaFinalvariableOncecreatedandinitializeditsvaluecannotbechanged.htm,20090603083547
(thin),http://www.java2s.com:80/Tutorial/Java/0100__Class-Definition/LimitingtheobjectTypesinaVariableArgumentList.htm,20071023083445
class-definition-loadaclassthatisnotontheclasspath,http://www.java2s.com:80/Tutorial/Java/0100__Class-Definition/LoadaClassthatisnotontheclasspath.htm,20101106000552
(thin),http://www.java2s.com:80/Tutorial/Java/0100__Class-Definition/Localinnerclasscanhaveaconstructor.htm,20071106033306
(thin),http://www.java2s.com:80/Tutorial/Java/0100__Class-Definition/MakemethodsthathaveunspecifiednumberofparameterspassanarrayofObjects.htm,20090602052730
(thin),http://www.java2s.com:80/Tutorial/Java/0100__Class-Definition/Makinganentireclassfinal.htm,20071024035002
class-definition-manipulatepropertiesaftercloneoperation,http://www.java2s.com:80/Tutorial/Java/0100__Class-Definition/Manipulatepropertiesaftercloneoperation.htm,20101107122933
(thin),http://www.java2s.com:80/Tutorial/Java/0100__Class-Definition/MemoryLeakDemo.htm,20090602051424
class-definition-methodoverloading,http://www.java2s.com:80/Tutorial/Java/0100__Class-Definition/MethodOverloading.htm,20070701162333
(thin),http://java2s.com:80/Tutorial/Java/0100__Class-Definition/MethodOverriding.htm,20071015113142
(thin),http://www.java2s.com:80/Tutorial/Java/0100__Class-Definition/MethodoverridingDemo.htm,20080726062425
(thin),http://www.java2s.com:80/Tutorial/Java/0100__Class-Definition/Methods.htm,20071104173124
(thin),http://www.java2s.com:80/Tutorial/Java/0100__Class-Definition/MethodsAcceptingaVariableNumberofobjects.htm,20071023083450
(thin),http://www.java2s.com:80/Tutorial/Java/0100__Class-Definition/Methodswithdifferingtypesignaturesareoverloadednotoverridden.htm,20080801164501
(thin),http://www.java2s.com:80/Tutorial/Java/0100__Class-Definition/MixedInitializer.htm,20090602052736
(thin),http://www.java2s.com:80/Tutorial/Java/0100__Class-Definition/MultipleConstructors.htm,20071104061113
-,http://www.java2s.com:80/Tutorial/Java/0100__Class-Definition/Multipleinterfaces.htm,20071106033311
(thin),http://www.java2s.com:80/Tutorial/Java/0100__Class-Definition/NestedClasses.htm,20071105044152
(thin),http://www.java2s.com:80/Tutorial/Java/0100__Class-Definition/Nestedclassescanaccessallmembersofalllevelsoftheclassestheyarenestedwithin.htm,20070904191225
(thin),http://www.java2s.com:80/Tutorial/Java/0100__Class-Definition/Nestedclassesstaticinnerclasses.htm,20070831233941
(thin),http://www.java2s.com:80/Tutorial/Java/0100__Class-Definition/Nestingaclasswithinamethod.htm,20071105024318
(thin),http://www.java2s.com:80/Tutorial/Java/0100__Class-Definition/Nestingaclasswithinascope.htm,20071105024324
class-definition-nestingclassesinaninterfacedefinition,http://www.java2s.com:80/Tutorial/Java/0100__Class-Definition/NestingClassesinanInterfaceDefinition.htm,20070430045546
class-definition-nullsafehashcode,http://www.java2s.com:80/Tutorial/Java/0100__Class-Definition/NullSafeHashCode.htm,20100314201138
(thin),http://www.java2s.com:80/Tutorial/Java/0100__Class-Definition/Orderofconstructorcalls.htm,20071104043724
(thin),http://java2s.com:80/Tutorial/Java/0100__Class-Definition/Overloadingabaseclassmethodnameinaderivedclassdoesnothidethebaseclassversions.htm,20071015113719
class-definition-overloadingbasedontheorderofthearguments,http://www.java2s.com:80/Tutorial/Java/0100__Class-Definition/Overloadingbasedontheorderofthearguments.htm,20070707111841
(thin),http://www.java2s.com:80/Tutorial/Java/0100__Class-Definition/OverloadingVarargMethods.htm,20081022020849
(thin),http://www.java2s.com/Tutorial/Java/0100__Class-Definition/Overridetheclonemethod.htm,20081122134956
(thin),http://www.java2s.com/Tutorial/Java/0100__Class-Definition/overridethetoStringmethodinyourclasses.htm,20081122142502
(thin),http://www.java2s.com/Tutorial/Java/0100__Class-Definition/OverridetoStringforBoxclass.htm,20081122142334
(thin),http://java2s.com:80/Tutorial/Java/0100__Class-Definition/OverridingaBaseClassMethod.htm,20071015113724
(thin),http://www.java2s.com:80/Tutorial/Java/0100__Class-Definition/PassingObjectstoaMethod.htm,20071104052457
(thin),http://www.java2s.com:80/Tutorial/Java/0100__Class-Definition/Passingobjectstomethods.htm,20080206184756
class-definition-passlongparameterstooverloadingmethod,http://www.java2s.com:80/Tutorial/Java/0100__Class-Definition/Passlongparameterstooverloadingmethod.htm,20070707045128
class-definition-polymorphism,http://www.java2s.com:80/Tutorial/Java/0100__Class-Definition/Polymorphism.htm,20070421183242
class-definition-primitivesandoverloading,http://www.java2s.com:80/Tutorial/Java/0100__Class-Definition/Primitivesandoverloading.htm,20070707135156
class-definition-printclasspath,http://www.java2s.com:80/Tutorial/Java/0100__Class-Definition/Printclasspath.htm,20101105235804
(thin),http://www.java2s.com:80/Tutorial/Java/0100__Class-Definition/PrivateOverride.htm,20071024035007
(thin),http://www.java2s.com:80/Tutorial/Java/0100__Class-Definition/Properinheritanceofaninnerclass.htm,20070901093747
-,http://www.java2s.com:80/Tutorial/Java/0100__Class-Definition/protectedvoidfinalizethrowsThrowable.htm,20100928004523
class-definition-publicobjectclonethrowsclonenotsupportedexception,http://www.java2s.com:80/Tutorial/Java/0100__Class-Definition/publicObjectclonethrowsCloneNotSupportedException.htm,20101107132256
(thin),http://www.java2s.com:80/Tutorial/Java/0100__Class-Definition/Puttingtestcodeinanestedclass.htm,20070904191315
(thin),http://www.java2s.com:80/Tutorial/Java/0100__Class-Definition/Recursionamethodfunctioncallsitself.htm,20071017021748
(thin),http://www.java2s.com:80/Tutorial/Java/0100__Class-Definition/Recursionanotherexample.htm,20071017025202
(thin),http://www.java2s.com:80/Tutorial/Java/0100__Class-Definition/Recursivefactorialmethod.htm,20071017025207
(thin),http://java2s.com:80/Tutorial/Java/0100__Class-Definition/Recursivefibonaccimethod.htm,20071017111946
(thin),http://java2s.com:80/Tutorial/Java/0100__Class-Definition/RecursivemethodtofindallpermutationsofaString.htm,20071017111951
(thin),http://www.java2s.com:80/Tutorial/Java/0100__Class-Definition/Referenceinnerstaticclass.htm,20090603053019
class-definition-referencepassingtest,http://www.java2s.com:80/Tutorial/Java/0100__Class-Definition/ReferencePassingTest.htm,20070328231612
(thin),http://www.java2s.com:80/Tutorial/Java/0100__Class-Definition/referencestaticfieldafterdeclaration.htm,20090602051439
class-definition-reflectionbasedtostringutilities,http://www.java2s.com:80/Tutorial/Java/0100__Class-Definition/ReflectionbasedtoStringutilities.htm,20101106000623
(thin),http://www.java2s.com:80/Tutorial/Java/0100__Class-Definition/Returningareferencetoaninnerclass.htm,20071106025023
(thin),http://www.java2s.com:80/Tutorial/Java/0100__Class-Definition/ReturningFromaMethod.htm,20071104043729
(thin),http://www.java2s.com/Tutorial/Java/0100__Class-Definition/ReturningObjects.htm,20081122132957
class-definition-returnsanintegerhashcoderepresentingthegivendoublearrayvalue,http://www.java2s.com:80/Tutorial/Java/0100__Class-Definition/Returnsanintegerhashcoderepresentingthegivendoublearrayvalue.htm,20100314200844
(thin),http://www.java2s.com:80/Tutorial/Java/0100__Class-Definition/Scopeclassdemonstratesfieldandlocalvariablescopes.htm,20071121115727
(thin),http://www.java2s.com:80/Tutorial/Java/0100__Class-Definition/ScopeforClassandLocalVariables.htm,20080925105840
class-definition-securehash,http://www.java2s.com:80/Tutorial/Java/0100__Class-Definition/SecureHash.htm,20100314201146
class-definition-serializableclone,http://www.java2s.com:80/Tutorial/Java/0100__Class-Definition/SerializableClone.htm,20100529044404
(thin),http://www.java2s.com:80/Tutorial/Java/0100__Class-Definition/Shallowcopythendeepcopy.htm,20090221071047
(thin),http://www.java2s.com:80/Tutorial/Java/0100__Class-Definition/SpecifyingAccessAttributes.htm,20071128155801
class-definition-specifyinginitialvaluesinaclassdefinition,http://www.java2s.com:80/Tutorial/Java/0100__Class-Definition/Specifyinginitialvaluesinaclassdefinition.htm,20070716122016
(thin),http://www.java2s.com:80/Tutorial/Java/0100__Class-Definition/staicsectionInitializerandlogic.htm,20090603053047
(thin),http://www.java2s.com:80/Tutorial/Java/0100__Class-Definition/Staticfieldconstructorandexception.htm,20090603053024
-,http://www.java2s.com:80/Tutorial/Java/0100__Class-Definition/Staticimport.htm,20071023230143
(thin),http://www.java2s.com:80/Tutorial/Java/0100__Class-Definition/StaticimportingtheMathClassMethods.htm,20071024035013
class-definition-staticmembers,http://www.java2s.com:80/Tutorial/Java/0100__Class-Definition/StaticMembers.htm,20070711190542
(thin),http://www.java2s.com:80/Tutorial/Java/0100__Class-Definition/StaticNestedClasses.htm,20070904023242
(thin),http://www.java2s.com:80/Tutorial/Java/0100__Class-Definition/staticsectionInitializerandlogic.htm,20091016224628
(thin),http://www.java2s.com:80/Tutorial/Java/0100__Class-Definition/staticsectionofInitializer.htm,20090602051444
(thin),http://java2s.com:80/Tutorial/Java/0100__Class-Definition/StoringareferencetotheStringobjectastypeObject.htm,20071020170046
(thin),http://java2s.com:80/Tutorial/Java/0100__Class-Definition/TheClassclassalsobringsthepossibilityofcreatinganobjectwithoutusingthenewkeyword.htm,20071020170055
(thin),http://www.java2s.com:80/Tutorial/Java/0100__Class-Definition/TheDefaultConstructor.htm,20071104052502
(thin),http://www.java2s.com:80/Tutorial/Java/0100__Class-Definition/Theeffectoffinalonfields.htm,20071023053111
(thin),http://java2s.com:80/Tutorial/Java/0100__Class-Definition/TheextendsKeyword.htm,20071015113148
(thin),http://www.java2s.com:80/Tutorial/Java/0100__Class-Definition/Thefullprocessofinitialization.htm,20071105222031
(thin),http://java2s.com:80/Tutorial/Java/0100__Class-Definition/Thekeywordsuperrepresentsaninstanceofthedirectsuperclassofthecurrentobject.htm,20071015113729
class-definition-thenullkeyword,http://www.java2s.com:80/Tutorial/Java/0100__Class-Definition/ThenullKeyword.htm,20070320014938
(thin),http://www.java2s.com:80/Tutorial/Java/0100__Class-Definition/Theprotectedkeyword.htm,20071024035023
(thin),http://www.java2s.com:80/Tutorial/Java/0100__Class-Definition/ThepublicBookclass.htm,20071023083455
(thin),http://www.java2s.com:80/Tutorial/Java/0100__Class-Definition/ThethisKeyword.htm,20071103093659
(thin),http://www.java2s.com:80/Tutorial/Java/0100__Class-Definition/TheTowersofHanoi.htm,20071017025212
class-definition-toimplementaninterfaceusetheimplementskeywordaftertheclassdecla,http://www.java2s.com:80/Tutorial/Java/0100__Class-Definition/Toimplementaninterfaceusetheimplementskeywordaftertheclassdeclaration.htm,20070430045333
class-definition-twowaysthataclasscanimplementmultipleinterfaces,http://www.java2s.com:80/Tutorial/Java/0100__Class-Definition/Twowaysthataclasscanimplementmultipleinterfaces.htm,20070709034118
(thin),http://www.java2s.com:80/Tutorial/Java/0100__Class-Definition/TypeCasting.htm,20071015043318
(thin),http://www.java2s.com/Tutorial/Java/0100__Class-Definition/Understandtheeffectsofpublicandprivateaccess.htm,20081122135802
class-definition-useagenerictostring,http://www.java2s.com:80/Tutorial/Java/0100__Class-Definition/UseagenerictoString.htm,20101027013124
(thin),http://www.java2s.com/Tutorial/Java/0100__Class-Definition/UseanarraytopassavariablenumberofargumentstoamethodThisistheoldstyleapproachtovariablelengtharguments.htm,20081122132355
(thin),http://www.java2s.com:80/Tutorial/Java/0100__Class-Definition/Useanonymousinnerclasses.htm,20071024035028
(thin),http://www.java2s.com:80/Tutorial/Java/0100__Class-Definition/UseCompareToBuilderclasstocreatecompareTomethodforyourownclass.htm,20090601112226
class-definition-usereflectiontobuildtostringmethod,http://www.java2s.com:80/Tutorial/Java/0100__Class-Definition/UseReflectionTobuildtoStringmethod.htm,20101106001915
-,http://www.java2s.com:80/Tutorial/Java/0100__Class-Definition/Usesserializationtoperformdeepcopycloning.htm,20101107132251
(thin),http://www.java2s.com/Tutorial/Java/0100__Class-Definition/Usestaticimporttobringsqrtandpowintoview.htm,20081122141249
(thin),http://www.java2s.com:80/Tutorial/Java/0100__Class-Definition/Usevarargswithstandardarguments.htm,20081021051630
(thin),http://www.java2s.com:80/Tutorial/Java/0100__Class-Definition/Usingabstractmethodsandclasses.htm,20080803081732
(thin),http://www.java2s.com:80/Tutorial/Java/0100__Class-Definition/UsingAccessAttributes.htm,20071128155806
class-definition-usingconstructors,http://www.java2s.com:80/Tutorial/Java/0100__Class-Definition/UsingConstructors.htm,20070314221356
(thin),http://www.java2s.com:80/Tutorial/Java/0100__Class-Definition/UsingfinaltoPreventOverriding.htm,20080912224418
(thin),http://www.java2s.com:80/Tutorial/Java/0100__Class-Definition/Usingfinalwithmethodarguments.htm,20071023053116
(thin),http://www.java2s.com:80/Tutorial/Java/0100__Class-Definition/UsingInitializationBlocksAnonstaticinitializationblock.htm,20071104052507
(thin),http://www.java2s.com:80/Tutorial/Java/0100__Class-Definition/UsingInitializationBlocksstaticinitializationblock.htm,20071105024339
(thin),http://www.java2s.com:80/Tutorial/Java/0100__Class-Definition/Usinginnerclassesforcallbacks.htm,20071106033331
(thin),http://www.java2s.com:80/Tutorial/Java/0100__Class-Definition/Usinginstanceinitializationtoperformconstructiononananonymousinnerclass.htm,20071024035038
class-definition-usingmethodoverloading,http://www.java2s.com:80/Tutorial/Java/0100__Class-Definition/UsingMethodOverloading.htm,20070701182839
(thin),http://www.java2s.com:80/Tutorial/Java/0100__Class-Definition/UsingObjects.htm,20071024035033
class-definition-usingoverloadedmethodstoprintarrayofdifferenttypes,http://www.java2s.com:80/Tutorial/Java/0100__Class-Definition/Usingoverloadedmethodstoprintarrayofdifferenttypes.htm,20070707042910
(thin),http://www.java2s.com:80/Tutorial/Java/0100__Class-Definition/Usingruntimepolymorphism.htm,20080922053621
(thin),http://www.java2s.com:80/Tutorial/Java/0100__Class-Definition/Usingvarargswithstandardarguments.htm,20071023053121
(thin),http://www.java2s.com:80/Tutorial/Java/0100__Class-Definition/Variableinsubclasshidesthevariableinthesuperclass.htm,20080815224520
class-definition-whatisajavaclass,http://www.java2s.com:80/Tutorial/Java/0100__Class-Definition/WhatIsaJavaClass.htm,20070328190118
(thin),http://www.java2s.com:80/Tutorial/Java/0100__Class-Definition/WhatisInheritance.htm,20090813140649
(thin),http://www.java2s.com:80/Tutorial/Java/0100__Class-Definition/Withconcreteorabstractclassesinnerclassesaretheonlywaytoproducetheeffectofmultipleimplementationinheritance.htm,20070904023601
(thin),http://www.java2s.com:80/Tutorial/Java/0100__Class-Definition/Youcanoverrideaprivateorprivatefinalmethod.htm,20071023230148
-,http://www.java2s.com:80/Tutorial/Java/0120__Development/0020__System-Class.htm,20070529034812
(thin),https://www.java2s.com/Tutorial/Java/0120__Development/0020__System-Class.html,20260513091804
(thin),http://www.java2s.com:80/Tutorial/Java/0120__Development/0040__System-Properties.htm,20070529040758
(thin),https://www.java2s.com/Tutorial/Java/0120__Development/0040__System-Properties.html,20260521144635
(thin),http://www.java2s.com:80/Tutorial/Java/0120__Development/0060__Console-Read.htm,20070502104253
(thin),https://www.java2s.com/Tutorial/Java/0120__Development/0060__Console-Read.html,20260516090202
(thin),http://www.java2s.com:80/Tutorial/Java/0120__Development/0070__Formatter.htm,20090628035424
(thin),https://www.java2s.com/Tutorial/Java/0120__Development/0070__Formatter.html,20260517175016
(thin),http://www.java2s.com:80/Tutorial/Java/0120__Development/0080__Formatter-Specifiers.htm,20070529040740
(thin),https://www.java2s.com/Tutorial/Java/0120__Development/0080__Formatter-Specifiers.html,20260710110425
(thin),http://www.java2s.com:80/Tutorial/Java/0120__Development/0100__Formatter-Flags.htm,20070531213151
(thin),https://www.java2s.com/Tutorial/Java/0120__Development/0100__Formatter-Flags.html,20260518223048
(thin),http://www.java2s.com:80/Tutorial/Java/0120__Development/0120__Formatter-Field-Width.htm,20070529035946
(thin),https://www.java2s.com/Tutorial/Java/0120__Development/0120__Formatter-Field-Width.html,20260520160722
(thin),http://www.java2s.com:80/Tutorial/Java/0120__Development/0120__RuntimeMXBean.htm,20090628034220
(thin),https://www.java2s.com/Tutorial/Java/0120__Development/0120__RuntimeMXBean.html,20260518102123
(thin),http://www.java2s.com:80/Tutorial/Java/0120__Development/0140__Formatting-Date-Time.htm,20070529043538
(thin),http://www.java2s.com:80/Tutorial/Java/0120__Development/0160__Formatter-Uppercase-Option.htm,20070529040244
(thin),https://www.java2s.com/Tutorial/Java/0120__Development/0160__Formatter-Uppercase-Option.html,20260521144606
(thin),http://www.java2s.com:80/Tutorial/Java/0120__Development/0180__Formatter-Argument-Index.htm,20070529035356
(thin),https://www.java2s.com/Tutorial/Java/0120__Development/0180__Formatter-Argument-Index.html,20260512030119
(thin),http://www.java2s.com:80/Tutorial/Java/0120__Development/0190__SimpleDateFormat.htm,20100205045933
(thin),https://www.java2s.com/Tutorial/Java/0120__Development/0190__SimpleDateFormat.html,20260513003943
(thin),http://www.java2s.com:80/Tutorial/Java/0120__Development/0191__DateFormat.htm,20090527094733
(thin),https://www.java2s.com/Tutorial/Java/0120__Development/0191__DateFormat.html,20260520104706
(thin),http://www.java2s.com:80/Tutorial/Java/0120__Development/0200__printf-Method.htm,20070525054725
-,https://www.java2s.com/Tutorial/Java/0120__Development/0200__printf-Method.html,20260515112608
(thin),http://www.java2s.com:80/Tutorial/Java/0120__Development/0220__StringBuffer-StringBuilder.htm,20070329221808
(thin),http://www.java2s.com:80/Tutorial/Java/0120__Development/0240__Unicode.htm,20070529051149
(thin),https://www.java2s.com/Tutorial/Java/0120__Development/0240__Unicode.html,20260520202106
(thin),http://www.java2s.com:80/Tutorial/Java/0120__Development/0260__Math-Functions.htm,20070529050336
(thin),https://www.java2s.com/Tutorial/Java/0120__Development/0260__Math-Functions.html,20260516104558
(thin),http://www.java2s.com:80/Tutorial/Java/0120__Development/0300__Timer.htm,20070328185828
(thin),https://www.java2s.com/Tutorial/Java/0120__Development/0300__Timer.html,20260514074852
(thin),http://java2s.com:80/Tutorial/Java/0120__Development/0310__TimeUnit.htm,20071013170409
(thin),https://www.java2s.com/Tutorial/Java/0120__Development/0310__TimeUnit.html,20260608085201
(thin),http://www.java2s.com:80/Tutorial/Java/0120__Development/0311__Timing.htm,20090531074222
(thin),https://www.java2s.com/Tutorial/Java/0120__Development/0311__Timing.html,20260521022445
(thin),http://www.java2s.com:80/Tutorial/Java/0120__Development/0320__TimeZone.htm,20070328185403
(thin),https://www.java2s.com/Tutorial/Java/0120__Development/0320__TimeZone.html,20260517124930
(thin),http://www.java2s.com:80/Tutorial/Java/0120__Development/0340__Documentation.htm,20070529040947
(thin),https://www.java2s.com/Tutorial/Java/0120__Development/0340__Documentation.html,20260520005112
(thin),http://www.java2s.com:80/Tutorial/Java/0120__Development/0360__Exception.htm,20070529035518
(thin),https://www.java2s.com/Tutorial/Java/0120__Development/0360__Exception.html,20260520075924
(thin),http://www.java2s.com:80/Tutorial/Java/0120__Development/0380__Assertions.htm,20070529051234
(thin),https://www.java2s.com/Tutorial/Java/0120__Development/0380__Assertions.html,20260520070317
(thin),http://www.java2s.com:80/Tutorial/Java/0120__Development/0400__Toolkit.htm,20070529051022
(thin),https://www.java2s.com/Tutorial/Java/0120__Development/0400__Toolkit.html,20260513182857
(thin),http://www.java2s.com:80/Tutorial/Java/0120__Development/0420__ProcessBuilder.htm,20070529051124
(thin),http://www.java2s.com:80/Tutorial/Java/0120__Development/0430__Process.htm,20090628034245
(thin),https://www.java2s.com/Tutorial/Java/0120__Development/0430__Process.html,20260711182538
(thin),http://www.java2s.com:80/Tutorial/Java/0120__Development/0440__Applet.htm,20070529040042
(thin),https://www.java2s.com/Tutorial/Java/0120__Development/0440__Applet.html,20260511051129
(thin),http://www.java2s.com:80/Tutorial/Java/0120__Development/0460__JNLP.htm,20070529045154
(thin),https://www.java2s.com/Tutorial/Java/0120__Development/0460__JNLP.html,20260521203440
(thin),http://java2s.com:80/Tutorial/Java/0120__Development/0480__CRC32.htm,20071012012028
(thin),https://www.java2s.com/Tutorial/Java/0120__Development/0480__CRC32.html,20260711172723
(thin),http://www.java2s.com:80/Tutorial/Java/0120__Development/0500__HTML-Parser.htm,20070614210205
-,http://java2s.com:80/Tutorial/Java/0120__Development/0520__Regular-Expressions.htm,20071012000032
(thin),https://www.java2s.com/Tutorial/Java/0120__Development/0520__Regular-Expressions.html,20260520190606
(thin),http://java2s.com:80/Tutorial/Java/0120__Development/0540__Matcher.htm,20071012230834
(thin),https://www.java2s.com/Tutorial/Java/0120__Development/0540__Matcher.html,20260509201850
(thin),http://java2s.com:80/Tutorial/Java/0120__Development/0560__Pattern.htm,20071013170419
(thin),https://www.java2s.com/Tutorial/Java/0120__Development/0560__Pattern.html,20260617131640
(thin),http://java2s.com:80/Tutorial/Java/0120__Development/0580__Pack200.htm,20071012171020
(thin),https://www.java2s.com/Tutorial/Java/0120__Development/0580__Pack200.html,20260518132336
(thin),http://java2s.com:80/Tutorial/Java/0120__Development/0600__Preference.htm,20071012120713
(thin),https://www.java2s.com/Tutorial/Java/0120__Development/0600__Preference.html,20260711180232
(thin),http://java2s.com:80/Tutorial/Java/0120__Development/0620__Random.htm,20071012120717
(thin),http://java2s.com:80/Tutorial/Java/0120__Development/0640__Special-Directories.htm,20071013132121
(thin),https://www.java2s.com/Tutorial/Java/0120__Development/0640__Special-Directories.html,20260510023546
(thin),http://java2s.com:80/Tutorial/Java/0120__Development/0660__Desktop.htm,20071012162940
(thin),https://www.java2s.com/Tutorial/Java/0120__Development/0660__Desktop.html,20260514225953
(thin),http://java2s.com:80/Tutorial/Java/0120__Development/0680__Java-Console.htm,20071013140115
(thin),https://www.java2s.com/Tutorial/Java/0120__Development/0680__Java-Console.html,20260514202500
(thin),http://java2s.com:80/Tutorial/Java/0120__Development/0700__Compiler-Diagnostic.htm,20071012012033
(thin),https://www.java2s.com/Tutorial/Java/0120__Development/0700__Compiler-Diagnostic.html,20260516142637
(thin),http://java2s.com:80/Tutorial/Java/0120__Development/0720__Script-Engines.htm,20071012162945
(thin),https://www.java2s.com/Tutorial/Java/0120__Development/0720__Script-Engines.html,20260512212139
(thin),http://java2s.com:80/Tutorial/Java/0120__Development/0740__Activation-Framework.htm,20071012230839
(thin),https://www.java2s.com/Tutorial/Java/0120__Development/0740__Activation-Framework.html,20260516105900
(thin),http://www.java2s.com:80/Tutorial/Java/0120__Development/0760__Clipboard.htm,20080801164546
(thin),https://www.java2s.com/Tutorial/Java/0120__Development/0760__Clipboard.html,20260513041854
(thin),http://www.java2s.com:80/Tutorial/Java/0120__Development/0780__Console.htm,20080801164551
(thin),https://www.java2s.com/Tutorial/Java/0120__Development/0780__Console.html,20260512011914
(thin),http://www.java2s.com:80/Tutorial/Java/0120__Development/0800__Java-Compiler.htm,20080801183343
(thin),https://www.java2s.com/Tutorial/Java/0120__Development/0800__Java-Compiler.html,20260510210236
(thin),http://www.java2s.com:80/Tutorial/Java/0120__Development/0820__Runtime-System.htm,20080801235413
(thin),https://www.java2s.com/Tutorial/Java/0120__Development/0820__Runtime-System.html,20260519193613
(thin),http://www.java2s.com:80/Tutorial/Java/0120__Development/0840__ScriptEngines.htm,20080801203651
(thin),https://www.java2s.com/Tutorial/Java/0120__Development/0840__ScriptEngines.html,20260513155837
(thin),http://www.java2s.com:80/Tutorial/Java/0120__Development/0860__WAV-Sound.htm,20080801183348
(thin),https://www.java2s.com/Tutorial/Java/0120__Development/0860__WAV-Sound.html,20260517181036
(thin),http://www.java2s.com:80/Tutorial/Java/0120__Development/0880__Audio.htm,20090628034300
-,https://www.java2s.com/Tutorial/Java/0120__Development/0880__Audio.html,20260516205045
(thin),http://www.java2s.com:80/Tutorial/Java/0120__Development/0900__MIDI-Sound.htm,20090628034305
(thin),https://www.java2s.com/Tutorial/Java/0120__Development/0900__MIDI-Sound.html,20260711025505
(thin),http://www.java2s.com:80/Tutorial/Java/0120__Development/0920__JNI.htm,20090628040833
(thin),https://www.java2s.com/Tutorial/Java/0120__Development/0920__JNI.html,20260512001941
(thin),http://www.java2s.com:80/Tutorial/Java/0120__Development/0940__CommPortIdentifier.htm,20090514134213
(thin),https://www.java2s.com/Tutorial/Java/0120__Development/0940__CommPortIdentifier.html,20260509204147
(thin),http://www.java2s.com:80/Tutorial/Java/0120__Development/0960__UUID.htm,20090628034310
(thin),https://www.java2s.com/Tutorial/Java/0120__Development/0960__UUID.html,20260514185510
(thin),http://www.java2s.com:80/Tutorial/Java/0120__Development/0980__Robot.htm,20090628040839
(thin),https://www.java2s.com/Tutorial/Java/0120__Development/0980__Robot.html,20260515005316
(thin),http://www.java2s.com:80/Tutorial/Java/0120__Development/1000__JavaBeans.htm,20090628034316
(thin),https://www.java2s.com/Tutorial/Java/0120__Development/1000__JavaBeans.html,20260512064011
(thin),http://www.java2s.com:80/Tutorial/Java/0120__Development/1020__Base64.htm,20090921235722
(thin),https://www.java2s.com/Tutorial/Java/0120__Development/1020__Base64.html,20260711205653
(thin),http://www.java2s.com:80/Tutorial/Java/0120__Development/1040__Cache.htm,20090922003454
(thin),https://www.java2s.com/Tutorial/Java/0120__Development/1040__Cache.html,20260513005327
(thin),http://www.java2s.com:80/Tutorial/Java/0120__Development/1060__Debug.htm,20090922003459
(thin),https://www.java2s.com/Tutorial/Java/0120__Development/1060__Debug.html,20260516182717
(thin),http://www.java2s.com:80/Tutorial/Java/0120__Development/1080__JDK.htm,20090921232846
(thin),http://www.java2s.com:80/Tutorial/Java/0120__Development/2000__OS.htm,20090921222352
(thin),https://www.java2s.com/Tutorial/Java/0120__Development/2000__OS.html,20260520164322
(thin),http://www.java2s.com:80/Tutorial/Java/0120__Development/2020__Stop-Watch.htm,20090922003504
(thin),https://www.java2s.com/Tutorial/Java/0120__Development/2020__Stop-Watch.html,20260518122515
(thin),http://java2s.com/Tutorial/Java/0120__Development/Abeanthatcanbeusedtokeeptrackofacounter.htm,20111106174923
(thin),http://www.java2s.com:80/Tutorial/Java/0120__Development/Accessappletparameters.htm,20071013004514
(thin),http://java2s.com:80/Tutorial/Java/0120__Development/AccessingasingleSystemPropertiesuserdir.htm,20071013032601
(thin),http://www.java2s.com:80/Tutorial/Java/0120__Development/AcollectionofallcharacterentitesdefinedintheHTML4standard.htm,20100510021448
development-addampmtotimeusingsimpledateformat,http://www.java2s.com:80/Tutorial/Java/0120__Development/AddAMPMtotimeusingSimpleDateFormat.htm,20100505183122
development-addingstringtoastringbufferobject,http://www.java2s.com:80/Tutorial/Java/0120__Development/AddingStringtoaStringBufferObject.htm,20070329235116
-,http://www.java2s.com:80/Tutorial/Java/0120__Development/AddJButtontoJApplet.htm,20090106044109
(thin),http://www.java2s.com:80/Tutorial/Java/0120__Development/aFloatingpointhexadecimal.htm,20090106161004
development-ahelperclassforprintingindentedtext,http://java2s.com/Tutorial/Java/0120__Development/Ahelperclassforprintingindentedtext.htm,20111106181046
(thin),http://www.java2s.com:80/Tutorial/Java/0120__Development/AnExampleJNLPFile.htm,20090717112549
(thin),http://www.java2s.com:80/Tutorial/Java/0120__Development/AnSwingbasedappletskeleton.htm,20071013004519
(thin),http://www.java2s.com:80/Tutorial/Java/0120__Development/Anyscripthavetobecompiledintointermediatecode.htm,20071106033346
(thin),http://www.java2s.com:80/Tutorial/Java/0120__Development/aoneortwodigitdayofthemonthteTe.htm,20071107114951
development-appendingasubsetoftheelementsfromachararray,http://www.java2s.com:80/Tutorial/Java/0120__Development/Appendingasubsetoftheelementsfromachararray.htm,20070329234004
development-appendingasubstringappendpartoftheastringobjecttothebufobject,http://www.java2s.com:80/Tutorial/Java/0120__Development/AppendingaSubstringappendpartoftheaStringobjecttothebufobject.htm,20070329230315
development-appendingbasictypeslongdouble,http://www.java2s.com:80/Tutorial/Java/0120__Development/AppendingBasicTypeslongdouble.htm,20070329215747
(thin),http://www.java2s.com:80/Tutorial/Java/0120__Development/Applet.htm,20070716172851
development-aprogramwithassertions,http://www.java2s.com:80/Tutorial/Java/0120__Development/AProgramwithAssertions.htm,20110418062128
(thin),http://www.java2s.com:80/Tutorial/Java/0120__Development/Arealapplet.htm,20071013004524
(thin),http://www.java2s.com:80/Tutorial/Java/0120__Development/Argumentindexesenableyoutoreuseanargumentwithouthavingtospecifyittwice.htm,20071023230154
development-arraycopymethod,http://www.java2s.com:80/Tutorial/Java/0120__Development/Arraycopymethod.htm,20070716073548
(thin),http://java2s.com/Tutorial/Java/0120__Development/Asimpleloggingfacility.htm,20111106173839
(thin),http://www.java2s.com:80/Tutorial/Java/0120__Development/Asimpleplayerforsampledsoundfiles.htm,20100206191251
(thin),http://www.java2s.com:80/Tutorial/Java/0120__Development/AsimpleSwingbasedapplet.htm,20071013014223
(thin),http://www.java2s.com:80/Tutorial/Java/0120__Development/Assertions.htm,20071023230159
(thin),http://www.java2s.com:80/Tutorial/Java/0120__Development/Assertwithaninformativemessage.htm,20071023053131
(thin),http://www.java2s.com:80/Tutorial/Java/0120__Development/Base64encodingdecoding.htm,20100623025234
development-beanhasasinglepropertycalledproperty,http://www.java2s.com:80/Tutorial/Java/0120__Development/Beanhasasinglepropertycalledproperty.htm,20100624051213
development-bindingsandscopes,http://java2s.com/Tutorial/Java/0120__Development/BindingsAndScopes.htm,20111105121428
-,http://www.java2s.com:80/Tutorial/Java/0120__Development/Calculateprocesselapsedtime.htm,20090802100411
development-calculatethefloorofthelogbase2,http://www.java2s.com:80/Tutorial/Java/0120__Development/Calculatethefloorofthelogbase2.htm,20091215012234
(thin),http://www.java2s.com:80/Tutorial/Java/0120__Development/CallaJavaScriptfunctionthreetimes.htm,20071105153521
development-callingappendmethodtoconstructastringbufferobject,http://www.java2s.com:80/Tutorial/Java/0120__Development/CallingappendmethodtoconstructaStringBufferobject.htm,20070329220021
(thin),http://www.java2s.com:80/Tutorial/Java/0120__Development/CallingmethodsofanAppletfromJavaScriptcode.htm,20090806025012
(thin),http://www.java2s.com:80/Tutorial/Java/0120__Development/Captureascreenshot.htm,20090704234833
(thin),http://www.java2s.com:80/Tutorial/Java/0120__Development/CapturingaScreenShot.htm,20090704235026
development-capturingaudiowithjavasoundapi,http://www.java2s.com:80/Tutorial/Java/0120__Development/CapturingAudiowithJavaSoundAPI.htm,20100206191255
(thin),http://www.java2s.com:80/Tutorial/Java/0120__Development/CapturingScreeninanimageusingRobotclass.htm,20090704235016
development-catchassertexceptionwithmessage,http://www.java2s.com:80/Tutorial/Java/0120__Development/Catchassertexceptionwithmessage.htm,20110418062656
(thin),http://www.java2s.com:80/Tutorial/Java/0120__Development/CatchScriptException.htm,20071106025028
(thin),http://www.java2s.com:80/Tutorial/Java/0120__Development/CenteringaFrameWindoworDialogontheScreen.htm,20090514134306
(thin),http://www.java2s.com:80/Tutorial/Java/0120__Development/Changeanappletbackgroundcolor.htm,20090806025632
development-changingasinglecharacterinastringbufferobject,http://www.java2s.com:80/Tutorial/Java/0120__Development/ChangingasinglecharacterinaStringBufferobject.htm,20070329223202
development-changingthestringbuferlengthforastringbufferobject,http://www.java2s.com:80/Tutorial/Java/0120__Development/ChangingtheStringBuferLengthforaStringBufferObject.htm,20070329231202
development-checkifastringisavaliddate,http://www.java2s.com:80/Tutorial/Java/0120__Development/CheckifaStringisavaliddate.htm,20100505182908
(thin),http://www.java2s.com:80/Tutorial/Java/0120__Development/ChecksiftheStringcontainsonlyunicodedigitsAdecimalpointisnotaunicodedigitandreturnsfalse.htm,20091003222659
(thin),http://www.java2s.com:80/Tutorial/Java/0120__Development/ChecksiftheStringcontainsonlyunicodedigitsorspace.htm,20091003222837
(thin),http://www.java2s.com:80/Tutorial/Java/0120__Development/ChecksiftheStringcontainsonlyunicodeletters.htm,20091003222510
(thin),http://www.java2s.com:80/Tutorial/Java/0120__Development/ChecksiftheStringcontainsonlyunicodelettersandspace.htm,20091003222515
(thin),http://www.java2s.com:80/Tutorial/Java/0120__Development/ChecksiftheStringcontainsonlyunicodelettersdigitsorspace.htm,20091003222207
(thin),http://www.java2s.com:80/Tutorial/Java/0120__Development/ChecksiftheStringcontainsonlyunicodelettersordigits.htm,20091003222704
-,http://www.java2s.com:80/Tutorial/Java/0120__Development/CheckthecapacityofStringBuilderobject.htm,20090603070132
development-checkwhethergivenexceptioniscompatiblewiththeexceptionsdeclaredinath,http://www.java2s.com:80/Tutorial/Java/0120__Development/Checkwhethergivenexceptioniscompatiblewiththeexceptionsdeclaredinathrowsclause.htm,20100820110652
(thin),http://www.java2s.com:80/Tutorial/Java/0120__Development/Classencapsulatingtimerfunctionality.htm,20090910040846
development-classrepresentingastandardoperatingsystemplatformwinmacorposix,http://java2s.com/Tutorial/Java/0120__Development/ClassrepresentingastandardoperatingsystemplatformWINMACorPOSIX.htm,20111105140758
development-classtohelpdeterminingtheos,http://java2s.com/Tutorial/Java/0120__Development/ClasstohelpdeterminingtheOS.htm,20111105134031
(thin),http://www.java2s.com:80/Tutorial/Java/0120__Development/ClearsystempropertyTheSystemclearPropertymethodavailableinJava15.htm,20090719195608
(thin),http://www.java2s.com/Tutorial/Java/0120__Development/ClipText.htm,20081122140211
(thin),http://www.java2s.com:80/Tutorial/Java/0120__Development/CompileaJavacode.htm,20081010215939
(thin),http://www.java2s.com:80/Tutorial/Java/0120__Development/CompileaJavafilewithJavaCompiler.htm,20081010062104
(thin),http://www.java2s.com:80/Tutorial/Java/0120__Development/Compileassert.htm,20091003130416
(thin),http://www.java2s.com:80/Tutorial/Java/0120__Development/CompileJavafile.htm,20090827142954
development-compilerinfo,http://www.java2s.com:80/Tutorial/Java/0120__Development/CompilerInfo.htm,20100909074411
(thin),http://www.java2s.com:80/Tutorial/Java/0120__Development/CompileString.htm,20090827143349
(thin),http://www.java2s.com:80/Tutorial/Java/0120__Development/CompilingfromMemory.htm,20081010215944
(thin),http://www.java2s.com:80/Tutorial/Java/0120__Development/CompilingwithaDiagnosticListener.htm,20081010215949
(thin),http://www.java2s.com:80/Tutorial/Java/0120__Development/Complieassert.htm,20071023230204
(thin),http://www.java2s.com:80/Tutorial/Java/0120__Development/Computeanddisplayelapsedtimeofanoperation.htm,20090601142319
development-conditionthatteststheostype,http://java2s.com/Tutorial/Java/0120__Development/ConditionthatteststheOStype.htm,20111105134708
development-consolebasedlogin,http://java2s.com:80/Tutorial/Java/0120__Development/Consolebasedlogin.htm,20110130081237
(thin),http://www.java2s.com:80/Tutorial/Java/0120__Development/Consoleoutputwithformat.htm,20071023083500
development-consolereadline,http://java2s.com:80/Tutorial/Java/0120__Development/ConsoleReadLine.htm,20110130081232
(thin),http://www.java2s.com:80/Tutorial/Java/0120__Development/ConsolereadPassword.htm,20071023053136
(thin),http://www.java2s.com:80/Tutorial/Java/0120__Development/Constructsamethodnamefromelementsbeannameforagivenprefix.htm,20100624050350
(thin),http://www.java2s.com:80/Tutorial/Java/0120__Development/Conversioncharactersfordate.htm,20071107105549
(thin),http://www.java2s.com:80/Tutorial/Java/0120__Development/Conversioncharactersfordatetimecompositions.htm,20071107105554
(thin),http://www.java2s.com:80/Tutorial/Java/0120__Development/Conversioncharactersfortime.htm,20071107105559
development-convertabeantoxmlpersistence,http://www.java2s.com:80/Tutorial/Java/0120__Development/ConvertabeantoXMLpersistence.htm,20100624051647
(thin),http://www.java2s.com:80/Tutorial/Java/0120__Development/ConvertanexceptiontoaStringwithfullstacktrace.htm,20100820110657
development-convertanxmlpersistencetobean,http://www.java2s.com:80/Tutorial/Java/0120__Development/ConvertanXMLpersistencetobean.htm,20100624051652
(thin),http://www.java2s.com:80/Tutorial/Java/0120__Development/ConvertDatetoString.htm,20090527092744
(thin),http://www.java2s.com:80/Tutorial/Java/0120__Development/ConvertdigittocharacterwithCharacterforDigit.htm,20071105175353
(thin),http://www.java2s.com:80/Tutorial/Java/0120__Development/ConvertfromUnicodetoUTF8.htm,20091002230429
(thin),http://www.java2s.com:80/Tutorial/Java/0120__Development/ConvertfromUTF8toUnicode.htm,20091002220514
(thin),http://www.java2s.com:80/Tutorial/Java/0120__Development/ConvertingTimesBetweenTimeZones.htm,20090905174547
development-convertmillisecondstoreadablestring,http://www.java2s.com:80/Tutorial/Java/0120__Development/Convertmillisecondstoreadablestring.htm,20100623025242
(thin),http://www.java2s.com:80/Tutorial/Java/0120__Development/Convertsthestringtotheunicodeformat.htm,20091003222041
(thin),http://www.java2s.com:80/Tutorial/Java/0120__Development/Convertstringdatetolongvalue.htm,20090528161105
(thin),http://www.java2s.com:80/Tutorial/Java/0120__Development/ConvertstringtoUTF8bytes.htm,20081222050444
(thin),http://www.java2s.com:80/Tutorial/Java/0120__Development/ConvertsUnicodeintosomethingthatcanbeembeddedinajavapropertiesfile.htm,20091003222123
(thin),http://www.java2s.com:80/Tutorial/Java/0120__Development/Converttimebetweentimezone.htm,20090904042841
(thin),http://www.java2s.com:80/Tutorial/Java/0120__Development/ConverttoHTMLstring.htm,20090924012906
development-copyingdatatosystemclipboard,http://java2s.com/Tutorial/Java/0120__Development/Copyingdatatosystemclipboard.htm,20111105150651
(thin),http://www.java2s.com:80/Tutorial/Java/0120__Development/Countthenumberofbytesincludedinthegivenchar.htm,20091003222531
(thin),http://www.java2s.com:80/Tutorial/Java/0120__Development/CountthenumberofbytesneededtoreturnanUnicodecharThiscanbefrom1to6.htm,20091003222213
(thin),http://www.java2s.com:80/Tutorial/Java/0120__Development/Countthenumberofcharsincludedinthegivenbyte.htm,20091003222218
(thin),http://java2s.com/Tutorial/Java/0120__Development/CountUpDownLatch.htm,20111106180457
(thin),http://www.java2s.com/Tutorial/Java/0120__Development/CRC32check.htm,20081122140651
(thin),http://www.java2s.com:80/Tutorial/Java/0120__Development/CreateaCalendarobjectwiththelocaltimezoneandsettheUTCfromjapanCal.htm,20090905174552
development-createanewexceptionsettingthecauseifpossible,http://www.java2s.com:80/Tutorial/Java/0120__Development/CreateanewExceptionsettingthecauseifpossible.htm,20100820111643
development-createaninstanceabean,http://www.java2s.com:80/Tutorial/Java/0120__Development/CreateaninstanceaBean.htm,20100624051658
(thin),http://www.java2s.com:80/Tutorial/Java/0120__Development/CreateaninstanceusingJapanstimezoneandsetitwiththelocalUTC.htm,20090905174558
(thin),http://www.java2s.com:80/Tutorial/Java/0120__Development/Createascheduledtaskusingtimer.htm,20090910040857
(thin),http://www.java2s.com:80/Tutorial/Java/0120__Development/CreateaTimerobject.htm,20090910040851
development-createauserdefinedpropertyorchangethevalueofthecurrentproperty,http://www.java2s.com:80/Tutorial/Java/0120__Development/Createauserdefinedpropertyorchangethevalueofthecurrentproperty.htm,20070716104133
(thin),http://www.java2s.com:80/Tutorial/Java/0120__Development/CreatekeypresseventusingRobotclass.htm,20090704234840
(thin),http://www.java2s.com:80/Tutorial/Java/0120__Development/CreatemouseeventusingRobotclass.htm,20090704235031
development-createtworandomnumbergeneratorswiththesameseed,http://www.java2s.com:80/Tutorial/Java/0120__Development/Createtworandomnumbergeneratorswiththesameseed.htm,20101102012916
development-createyourownbasicuuid,http://java2s.com/Tutorial/Java/0120__Development/CreateyourownbasicUUID.htm,20111105155011
development-creatingastringbufferobjectwithaspecificvalueforthecapacity,http://www.java2s.com:80/Tutorial/Java/0120__Development/CreatingaStringBufferobjectwithaspecificvalueforthecapacity.htm,20070329225142
development-creatingastringobjectfromastringbufferobject,http://www.java2s.com:80/Tutorial/Java/0120__Development/CreatingaStringObjectFromaStringBufferObject.htm,20070329233425
(thin),http://www.java2s.com:80/Tutorial/Java/0120__Development/DateFormatgetTimeInstanceDateFormatDEFAULTLocaleCANADAformatnewDate.htm,20090917152637
(thin),http://www.java2s.com:80/Tutorial/Java/0120__Development/DateFormatgetTimeInstanceDateFormatFULLLocaleCANADAformatnewDate.htm,20090528161112
(thin),http://www.java2s.com:80/Tutorial/Java/0120__Development/DateFormatgetTimeInstanceDateFormatLONGLocaleCANADAformatnewDate.htm,20090528161916
(thin),http://www.java2s.com:80/Tutorial/Java/0120__Development/DateFormatgetTimeInstanceDateFormatMEDIUMLocaleCANADAformatnewDate.htm,20090528161921
(thin),http://www.java2s.com:80/Tutorial/Java/0120__Development/DateFormatSHORT.htm,20090528161911
development-dateformattingandlocalization,http://www.java2s.com:80/Tutorial/Java/0120__Development/DateFormattingandLocalization.htm,20100505183127
(thin),http://www.java2s.com:80/Tutorial/Java/0120__Development/DealswiththedifferentversionoftheJavaVirtualMachine.htm,20100302193335
development-debugutility,http://java2s.com/Tutorial/Java/0120__Development/DebugUtility.htm,20111106184101
(thin),http://www.java2s.com:80/Tutorial/Java/0120__Development/Decimald.htm,20071107105614
(thin),http://www.java2s.com:80/Tutorial/Java/0120__Development/Decimalf.htm,20071107114814
(thin),http://www.java2s.com:80/Tutorial/Java/0120__Development/DecimalScientificglowercaseg.htm,20071107105609
(thin),http://www.java2s.com:80/Tutorial/Java/0120__Development/DecimalScientificGuppercaseG.htm,20071107105604
development-decodeanhtmlcolorstringlikef567baintoacolor,http://www.java2s.com:80/Tutorial/Java/0120__Development/DecodeanHTMLcolorstringlikeF567BAintoaColor.htm,20100510021453
(thin),http://www.java2s.com:80/Tutorial/Java/0120__Development/DecodesvaluesofattributesintheDNencodedinhexintoaUTF8String.htm,20091003222046
(thin),http://www.java2s.com:80/Tutorial/Java/0120__Development/DefaultDirectory.htm,20071023083505
(thin),http://www.java2s.com:80/Tutorial/Java/0120__Development/DefiningYourOwnExceptionsThrowingYourOwnException.htm,20071105222041
(thin),http://www.java2s.com:80/Tutorial/Java/0120__Development/DeletestextfromtheStringBuilderobject.htm,20090602052331
(thin),http://www.java2s.com:80/Tutorial/Java/0120__Development/Demonstrateexceptionchaining.htm,20090227085238
(thin),http://www.java2s.com:80/Tutorial/Java/0120__Development/Demonstrateexec.htm,20081208055809
(thin),http://www.java2s.com:80/Tutorial/Java/0120__Development/Demonstrateprintf.htm,20071107114819
(thin),http://www.java2s.com/Tutorial/Java/0120__Development/Demonstratethegformatspecifier.htm,20081122135900
(thin),http://www.java2s.com:80/Tutorial/Java/0120__Development/DemonstrateTimerandTimerTask.htm,20080905032932
(thin),http://www.java2s.com/Tutorial/Java/0120__Development/DemonstratetoDegreesandtoRadians.htm,20081122132200
(thin),http://www.java2s.com:80/Tutorial/Java/0120__Development/DemonstratetotalMemoryfreeMemoryandgc.htm,20081208055814
(thin),http://www.java2s.com:80/Tutorial/Java/0120__Development/Demonstratingthespaceformatspecifiers.htm,20071105222046
development-deserializingabeanfromxml,http://www.java2s.com:80/Tutorial/Java/0120__Development/DeserializingaBeanfromXML.htm,20100624051704
(thin),http://java2s.com:80/Tutorial/Java/0120__Development/DesktopHelpApplications.htm,20071013035828
development-determinebeanspropertytype,http://www.java2s.com:80/Tutorial/Java/0120__Development/Determinebeanspropertytype.htm,20100624050824
(thin),http://www.java2s.com:80/Tutorial/Java/0120__Development/DetermineoperatingsystemusingSystemclass.htm,20090719195614
development-determinethedurationofamidiaudiofile,http://www.java2s.com:80/Tutorial/Java/0120__Development/DeterminethedurationofaMidiaudiofile.htm,20110502085400
development-determinethejdkversionnumber,http://java2s.com/Tutorial/Java/0120__Development/DeterminetheJDKVersionNumber.htm,20111105140554
(thin),http://www.java2s.com:80/Tutorial/Java/0120__Development/Determinewhentheapplicationisabouttoexit.htm,20090714222235
development-determiningifapreferencenodecontainsaspecifickey,http://java2s.com/Tutorial/Java/0120__Development/DeterminingIfaPreferenceNodeContainsaSpecificKey.htm,20111105141039
development-determiningifapreferencenodecontainsaspecificvalue,http://java2s.com/Tutorial/Java/0120__Development/DeterminingIfaPreferenceNodeContainsaSpecificValue.htm,20111105140832
development-determiningifapreferencenodeexists,http://java2s.com/Tutorial/Java/0120__Development/DeterminingIfaPreferenceNodeExists.htm,20111105141619
development-determiningthedurationofasampledaudiofile,http://www.java2s.com:80/Tutorial/Java/0120__Development/DeterminingtheDurationofaSampledAudioFile.htm,20100206191305
development-determiningtheencodingofasampledaudiofile,http://www.java2s.com:80/Tutorial/Java/0120__Development/DeterminingtheEncodingofaSampledAudioFile.htm,20100206191511
development-determiningthefileformatofamidiaudiofile,http://www.java2s.com:80/Tutorial/Java/0120__Development/DeterminingtheFileFormatofaMidiAudioFile.htm,20110502090249
development-determiningthefileformatofasampledaudiofile,http://www.java2s.com:80/Tutorial/Java/0120__Development/DeterminingtheFileFormatofaSampledAudioFile.htm,20100206191310
development-determiningthepositionofasampledaudioplayer,http://www.java2s.com:80/Tutorial/Java/0120__Development/DeterminingthePositionofaSampledAudioPlayer.htm,20100206191516
